rank,file,disease,assertions,pairs,assessed_pairs,mismatch_assertions,partial_assertions,mismatch_aspects,partial_aspects,match_aspects,root_mismatch,root_partial,root_match,max_p_mismatch,no_evidence,missing_snippet,invalid_input,api_error,not_assessed,ready,cached_pairs
1,kb/disorders/BRPF1-Related_Intellectual_Disability.yaml,BRPF1-Related Intellectual Disability,266,389,331,120,204,1191,852,1689,32,211,88,0.96,51,0,0,7,0,0,71
2,kb/disorders/Autosomal_Recessive_Spinocerebellar_Ataxia_16.yaml,Autosomal Recessive Spinocerebellar Ataxia 16,194,268,256,105,151,796,517,920,41,138,77,0.99,9,0,0,3,0,0,12
3,kb/disorders/Amyotrophic_Lateral_Sclerosis.yaml,Amyotrophic Lateral Sclerosis,199,337,314,97,151,612,817,1294,22,181,111,0.98,23,0,0,0,0,0,196
4,kb/disorders/Primary_Ciliary_Dyskinesia.yaml,Primary_Ciliary_Dyskinesia,252,325,278,96,166,619,741,1413,12,164,102,0.96,41,0,3,3,0,0,1
5,kb/disorders/Autosomal_Agammaglobulinemia.yaml,Autosomal Agammaglobulinemia,229,277,263,92,182,298,433,1090,51,108,104,0.98,14,0,0,0,0,0,260
6,kb/disorders/Autosomal_Dominant_Hypercholesterolemia_3.yaml,Autosomal Dominant Hypercholesterolemia 3,141,203,198,87,126,458,460,629,25,147,26,0.97,3,0,0,0,2,0,198
7,kb/disorders/Androgen_Insensitivity_Syndrome.yaml,Androgen Insensitivity Syndrome,191,247,240,86,107,282,314,1017,13,105,122,0.95,3,0,0,0,4,0,240
8,kb/disorders/Adult-Onset_Myasthenia_Gravis.yaml,Adult-Onset Myasthenia Gravis,175,212,208,75,147,212,353,824,14,121,73,0.98,4,0,0,0,0,0,207
9,kb/disorders/Alzheimer_Disease.yaml,Alzheimer Disease,212,519,368,74,92,1789,1783,1344,40,289,39,0.98,65,0,0,0,86,0,368
10,kb/disorders/Autoimmune_Pancreatitis.yaml,Autoimmune Pancreatitis,159,226,223,73,127,313,383,954,32,125,66,0.99,1,0,0,0,2,0,223
11,kb/disorders/Angelman_Syndrome.yaml,Angelman Syndrome,161,216,216,73,133,270,409,757,6,116,94,0.97,0,0,0,0,0,0,216
12,kb/disorders/Achondroplasia.yaml,Achondroplasia,151,229,219,72,126,254,500,788,5,114,100,0.98,10,0,0,0,0,0,219
13,kb/disorders/Acrofacial_Dysostosis_Cincinnati_Type.yaml,Acrofacial Dysostosis Cincinnati Type,198,219,205,71,172,144,459,666,38,111,56,0.92,12,0,0,2,0,0,205
14,kb/disorders/Autosomal_Dominant_Cerebellar_Ataxia_Type_I.yaml,Autosomal Dominant Cerebellar Ataxia Type I,115,155,155,70,86,325,287,597,36,60,59,0.95,0,0,0,0,0,0,155
15,kb/disorders/Cerebrotendinous_Xanthomatosis.yaml,Cerebrotendinous xanthomatosis,152,186,182,69,137,130,405,637,2,89,91,0.92,0,0,0,0,4,0,182
16,kb/disorders/Aortic_Valve_Stenosis.yaml,Aortic Valve Stenosis,162,219,219,68,138,248,380,732,12,135,72,0.98,0,0,0,0,0,0,219
17,kb/disorders/Transaldolase_Deficiency.yaml,Transaldolase Deficiency,130,224,221,67,117,227,462,610,8,147,66,0.97,1,0,0,2,0,0,0
18,kb/disorders/Pyruvate_Dehydrogenase_Deficiency.yaml,Pyruvate Dehydrogenase Deficiency,185,213,205,64,169,176,404,765,2,97,106,0.95,5,0,0,3,0,0,0
19,kb/disorders/Kashin-Beck_Disease.yaml,Kashin-Beck Disease,150,239,180,63,89,254,441,662,17,122,41,0.9400000000000001,56,0,0,3,0,0,0
20,kb/disorders/46_XY_Partial_Gonadal_Dysgenesis.yaml,"46,XY partial gonadal dysgenesis",158,233,228,62,136,305,501,670,17,153,58,0.99,5,0,0,0,0,0,228
21,kb/disorders/Alpha_Mannosidosis.yaml,Alpha-mannosidosis,187,216,212,62,173,116,497,630,0,122,90,0.96,4,0,0,0,0,0,211
22,kb/disorders/Amyotrophic_Lateral_Sclerosis_Type_1.yaml,Amyotrophic Lateral Sclerosis Type 1,141,194,190,62,119,263,341,610,5,126,59,0.96,4,0,0,0,0,0,189
23,kb/disorders/Alcohol_Use_Disorder.yaml,Alcohol Use Disorder,200,270,198,61,131,202,359,807,3,125,70,0.94,3,0,0,0,69,0,198
24,kb/disorders/Autosomal_Dominant_Non-Syndromic_Intellectual_Disability.yaml,Autosomal Dominant Non-Syndromic Intellectual Disability,114,210,178,60,76,684,612,500,46,119,13,1.0,32,0,0,0,0,0,178
25,kb/disorders/Turner_Syndrome.yaml,Turner Syndrome,122,183,174,60,109,181,457,486,10,138,26,0.99,7,0,0,2,0,0,0
26,kb/disorders/Androgenetic_Alopecia.yaml,Androgenetic Alopecia,146,238,224,60,124,354,521,793,16,168,40,0.98,11,0,0,0,3,0,224
27,kb/disorders/Autosomal_Dominant_Charcot-Marie-Tooth_Disease_Type_2K.yaml,Autosomal dominant Charcot-Marie-Tooth disease type 2K,118,163,154,60,90,181,272,499,41,80,33,0.98,8,0,0,0,1,0,154
28,kb/disorders/Atrioventricular_Septal_Defect.yaml,Atrioventricular Septal Defect,146,174,172,60,120,156,316,546,13,106,53,0.97,0,0,0,0,2,0,172
29,kb/disorders/Opioid_Use_Disorder.yaml,Opioid Use Disorder,163,227,152,59,81,681,413,323,33,104,15,0.97,75,0,0,0,0,0,0
30,kb/disorders/Advanced_Sleep_Phase_Syndrome.yaml,Advanced Sleep Phase Syndrome,122,183,148,59,77,403,548,478,16,102,30,0.96,34,0,0,1,0,0,148
31,kb/disorders/Acute_Tricyclic_Antidepressant_Poisoning.yaml,Acute Tricyclic Antidepressant Poisoning,172,219,212,59,113,140,292,778,3,99,110,0.81,7,0,0,0,0,0,212
32,kb/disorders/Acute_Ackee_Fruit_Intoxication.yaml,Acute Ackee Fruit Intoxication,121,152,143,57,85,224,223,516,39,49,55,0.96,9,0,0,0,0,0,141
33,kb/disorders/Autosomal_Dominant_Cutis_Laxa_1.yaml,Autosomal Dominant Cutis Laxa 1,155,190,187,57,136,210,468,593,13,114,60,0.93,3,0,0,0,0,0,187
34,kb/disorders/Arthrochalasia_Ehlers-Danlos_Syndrome.yaml,Arthrochalasia Ehlers-Danlos Syndrome,144,188,185,56,130,166,381,549,8,117,60,0.97,0,0,0,0,3,0,185
35,kb/disorders/Autosomal_Recessive_Non-Syndromic_Intellectual_Disability.yaml,Autosomal Recessive Non-Syndromic Intellectual Disability,95,203,192,56,84,608,667,539,19,138,35,0.96,9,0,0,0,2,0,192
36,kb/disorders/Dilated_Cardiomyopathy_1A.yaml,Dilated Cardiomyopathy 1A,134,205,157,56,85,302,542,629,19,117,21,0.94,48,0,0,0,0,0,93
37,kb/disorders/Autosomal_Recessive_Dopa_Responsive_Dystonia.yaml,Autosomal Recessive Dopa-Responsive Dystonia,124,154,154,55,103,142,343,569,14,58,82,0.98,0,0,0,0,0,0,154
38,kb/disorders/Aspirin-Exacerbated_Respiratory_Disease.yaml,Aspirin-Exacerbated Respiratory Disease,150,182,181,55,123,256,295,644,10,112,59,0.97,1,0,0,0,0,0,180
39,kb/disorders/Antiphospholipid_Syndrome.yaml,Antiphospholipid Syndrome,131,177,173,55,103,147,378,653,8,110,55,0.97,4,0,0,0,0,0,173
40,kb/disorders/Diabetes_Mellitus.yaml,Diabetes mellitus,155,234,153,55,90,164,255,645,18,75,60,0.97,4,0,0,0,77,0,153
41,kb/disorders/Complex_Hereditary_Spastic_Paraplegia.yaml,Complex Hereditary Spastic Paraplegia,170,206,136,55,82,404,296,697,7,83,46,0.95,69,0,0,1,0,0,0
42,kb/disorders/Lethal_Congenital_Contracture_Syndrome.yaml,Lethal Congenital Contracture Syndrome,168,212,210,55,141,141,457,997,8,115,87,0.93,1,0,0,1,0,0,0
43,kb/disorders/Adrenal_Cortex_Adenoma.yaml,Adrenal Cortex Adenoma,121,151,142,54,97,250,333,516,24,81,37,0.98,9,0,0,0,0,0,142
44,kb/disorders/Amyotrophic_Lateral_Sclerosis_27_Juvenile.yaml,"Amyotrophic Lateral Sclerosis 27, Juvenile",137,188,186,54,124,237,404,612,18,113,55,0.95,1,0,0,0,1,0,186
45,kb/disorders/Amniotic_Band_Syndrome.yaml,Amniotic Band Syndrome,92,119,118,54,83,96,264,400,0,67,51,0.91,0,0,0,1,0,0,118
46,kb/disorders/Combined_Immunodeficiency_Due_To_CD3gamma_Deficiency.yaml,Combined immunodeficiency due to CD3gamma deficiency,158,199,185,53,134,166,423,613,17,101,67,0.96,13,0,0,0,1,0,185
47,kb/disorders/46_XY_Sex_Reversal_11.yaml,"46,XY Sex Reversal 11",130,190,164,53,98,301,413,466,27,118,19,0.94,26,0,0,0,0,0,164
48,kb/disorders/ADNP-Related_Syndrome.yaml,ADNP-Related Syndrome,102,151,148,53,93,184,387,491,4,106,38,0.93,2,0,0,1,0,0,148
49,kb/disorders/Bone_Giant_Cell_Tumor.yaml,Bone Giant Cell Tumor,103,155,147,52,79,289,396,436,17,103,27,0.98,8,0,0,0,0,0,147
50,kb/disorders/Amniotic_Fluid_Embolism.yaml,Amniotic Fluid Embolism,141,195,195,52,130,113,416,480,8,131,56,0.94,0,0,0,0,0,0,194
51,kb/disorders/Ageing_Associated_Decline_in_Intrinsic_Capacity.yaml,Ageing Associated Decline in Intrinsic Capacity,86,121,117,52,78,225,249,272,22,82,13,0.94,4,0,0,0,0,0,113
52,kb/disorders/Asthma.yaml,Asthma,133,264,207,51,64,638,609,780,15,112,80,0.99,53,0,0,0,4,0,207
53,kb/disorders/Congenital_Merosin-deficient_Muscular_Dystrophy_1A.yaml,Congenital Merosin-deficient Muscular Dystrophy 1A,200,272,245,51,153,228,507,906,10,141,94,0.98,27,0,0,0,0,0,245
54,kb/disorders/Agnathia-Otocephaly_Complex.yaml,Agnathia-Otocephaly Complex,99,193,190,51,87,317,525,532,29,113,48,0.98,3,0,0,0,0,0,188
55,kb/disorders/Constitutional_Mismatch_Repair_Deficiency.yaml,Constitutional Mismatch Repair Deficiency,91,139,134,51,78,240,442,451,4,108,22,0.98,4,0,0,0,1,0,134
56,kb/disorders/BRAF_V600_Mutant_Melanoma.yaml,BRAF V600 Mutant Melanoma,86,109,107,51,74,177,271,312,9,83,15,0.93,0,0,0,0,2,0,107
57,kb/disorders/Jervell_and_Lange-Nielsen_Syndrome_1.yaml,Jervell and Lange-Nielsen Syndrome 1,96,143,140,51,84,212,444,480,13,91,36,0.91,3,0,0,0,0,0,0
58,kb/disorders/Arthrogryposis-Renal_Dysfunction-Cholestasis_Syndrome.yaml,Arthrogryposis-Renal Dysfunction-Cholestasis Syndrome,146,210,201,50,114,218,472,692,11,126,64,0.95,9,0,0,0,0,0,201
59,kb/disorders/Auriculocondylar_Syndrome.yaml,Auriculocondylar Syndrome,153,195,193,50,132,191,399,707,8,121,64,0.94,2,0,0,0,0,0,192
60,kb/disorders/Hemochromatosis.yaml,Hemochromatosis,119,189,173,50,94,141,489,670,4,109,60,0.88,14,0,0,2,0,0,0
61,kb/disorders/Asherman_Syndrome.yaml,Asherman_Syndrome,128,165,158,49,91,248,284,574,21,86,51,0.99,7,0,0,0,0,0,158
62,kb/disorders/Mixed_Phenotype_Acute_Leukemia.yaml,Mixed Phenotype Acute Leukemia,127,175,125,49,70,264,439,420,18,84,23,0.99,47,0,0,3,0,0,0
63,kb/disorders/CINCA_Syndrome.yaml,CINCA Syndrome,111,150,113,49,70,323,294,289,17,76,20,0.98,37,0,0,0,0,0,113
64,kb/disorders/ADan_amyloidosis.yaml,ADan amyloidosis,80,106,103,49,63,135,182,314,27,51,25,0.98,2,0,0,1,0,0,103
65,kb/disorders/Autosomal_Dominant_Epilepsy_with_Auditory_Features.yaml,Autosomal Dominant Epilepsy with Auditory Features,141,194,192,49,123,332,391,809,22,99,71,0.97,0,0,0,0,2,0,192
66,kb/disorders/Acromesomelic_Dysplasia_Demirhan_Type.yaml,Acromesomelic Dysplasia Demirhan Type,91,115,112,49,75,249,210,404,29,49,34,0.96,3,0,0,0,0,0,112
67,kb/disorders/Congenital_Hydrocephalus.yaml,Congenital Hydrocephalus,128,168,119,49,71,261,385,493,14,78,27,0.94,49,0,0,0,0,0,119
68,kb/disorders/Atransferrinemia.yaml,Atransferrinemia,121,170,165,49,87,228,281,606,10,87,68,0.93,4,0,0,0,1,0,165
69,kb/disorders/Autosomal_Recessive_Primary_Microcephaly.yaml,Autosomal Recessive Primary Microcephaly,142,157,155,49,130,253,431,660,8,95,52,0.92,0,0,0,0,2,0,155
70,kb/disorders/Biotinidase_Deficiency.yaml,Biotinidase Deficiency,107,153,153,49,100,190,404,477,3,92,58,0.9,0,0,0,0,0,0,153
71,kb/disorders/Choroiditis.yaml,Choroiditis,138,180,137,49,89,227,359,430,21,91,25,0.9,28,0,0,0,15,0,137
72,kb/disorders/Auroneurodental_Syndrome.yaml,Auroneurodental Syndrome,153,157,144,49,130,62,295,571,11,81,52,0.85,13,0,0,0,0,0,143
73,kb/disorders/Alpers-Huttenlocher_Syndrome.yaml,Alpers-Huttenlocher Syndrome,165,206,199,48,125,240,331,752,9,99,91,0.98,7,0,0,0,0,0,195
74,kb/disorders/Babesiosis.yaml,Babesiosis,130,162,162,48,116,111,351,593,2,100,60,0.94,0,0,0,0,0,0,159
75,kb/disorders/Autosomal_Recessive_Spondylometaphyseal_Dysplasia_Megarbane_Type.yaml,"Autosomal Recessive Spondylometaphyseal Dysplasia, Megarbane Type",125,153,139,48,101,243,328,449,28,60,51,0.94,14,0,0,0,0,0,139
76,kb/disorders/Myocarditis.yaml,Myocarditis,125,148,103,48,76,155,327,350,8,76,19,0.94,41,0,0,4,0,0,0
77,kb/disorders/Acute_Radiation_Syndrome.yaml,Acute Radiation Syndrome,148,188,178,47,107,155,260,619,16,84,78,0.97,9,0,0,1,0,0,0
78,kb/disorders/Congenital_Vertebral-Cardiac-Renal_Anomalies_Syndrome.yaml,Congenital Vertebral-Cardiac-Renal Anomalies Syndrome,103,130,114,47,78,195,258,368,22,66,26,0.96,13,0,0,3,0,0,0
79,kb/disorders/Acute_Lichenoid_Pityriasis.yaml,Acute Lichenoid Pityriasis,83,126,123,47,61,210,243,431,24,56,43,0.95,1,0,0,0,2,0,123
80,kb/disorders/Hyperphosphatemic_Familial_Tumoral_Calcinosis.yaml,Hyperphosphatemic Familial Tumoral Calcinosis,114,184,176,47,93,247,421,708,8,109,59,0.93,8,0,0,0,0,0,0
81,kb/disorders/Charcot-Marie-Tooth_Disease_Axonal_Type_2T.yaml,"Charcot-Marie-Tooth disease, axonal, type 2T",110,189,183,47,101,213,482,452,14,138,31,0.92,6,0,0,0,0,0,183
82,kb/disorders/Intellectual_Disability_Autosomal_Dominant_52.yaml,Intellectual Disability Autosomal Dominant 52,121,134,123,47,107,148,303,483,10,75,38,0.91,8,0,0,3,0,0,0
83,kb/disorders/Dent_Disease.yaml,Dent Disease,106,175,149,46,70,224,360,670,9,92,48,0.97,23,0,0,0,3,0,149
84,kb/disorders/Basel-Vanagaite-Smirin-Yosef_Syndrome.yaml,Basel-Vanagaite-Smirin-Yosef Syndrome,220,257,255,46,210,569,454,1211,24,77,154,0.96,0,0,0,2,0,0,2
85,kb/disorders/Autosomal_Dominant_Polycystic_Liver_Disease.yaml,Autosomal dominant polycystic liver disease,123,168,126,46,78,146,329,408,4,90,32,0.96,42,0,0,0,0,0,126
86,kb/disorders/Cartilage-Hair_Hypoplasia.yaml,Cartilage-hair hypoplasia,154,262,207,46,90,212,538,781,6,145,56,0.93,55,0,0,0,0,0,205
87,kb/disorders/Acute_Myeloid_Leukemia_with_CEBPA_Somatic_Mutations.yaml,Acute Myeloid Leukemia with CEBPA Somatic Mutations,89,108,103,45,79,171,265,297,9,74,20,0.97,5,0,0,0,0,0,103
88,kb/disorders/D-2-Hydroxyglutaric_Aciduria.yaml,D-2-Hydroxyglutaric Aciduria,91,115,109,45,66,144,254,365,11,64,34,0.91,5,0,0,0,1,0,109
89,kb/disorders/Late-Onset_Pompe_Disease.yaml,Late-Onset Pompe Disease,91,162,159,45,85,227,538,558,1,129,29,0.88,3,0,0,0,0,0,0
90,kb/disorders/Bosma_Arhinia_Microphthalmia_Syndrome.yaml,Bosma Arhinia Microphthalmia Syndrome,120,193,193,45,110,104,395,573,13,108,72,0.86,0,0,0,0,0,0,192
91,kb/disorders/Acute_Motor_and_Sensory_Axonal_Neuropathy.yaml,Acute Motor and Sensory Axonal Neuropathy,81,100,95,44,72,132,302,235,10,69,16,0.98,4,0,0,1,0,0,95
92,kb/disorders/Immunodeficiency_88.yaml,Immunodeficiency 88,99,122,88,44,52,202,137,285,34,37,17,0.97,33,0,0,1,0,0,0
93,kb/disorders/Autosomal_Dominant_Dopa_Responsive_Dystonia.yaml,Autosomal Dominant Dopa-Responsive Dystonia,76,89,89,44,65,115,194,369,11,49,29,0.96,0,0,0,0,0,0,89
94,kb/disorders/Chronic_Obstructive_Pulmonary_Disease.yaml,Chronic_Obstructive_Pulmonary_Disease,89,174,142,43,53,292,332,521,19,73,50,1.0,31,0,0,1,0,0,0
95,kb/disorders/Sarcoidosis.yaml,Sarcoidosis,151,216,154,43,83,942,503,590,15,94,45,0.98,62,0,0,0,0,0,0
96,kb/disorders/46_XX_Gonadal_Dysgenesis.yaml,"46,XX Gonadal Dysgenesis",105,142,142,42,92,172,468,547,7,98,37,1.0,0,0,0,0,0,0,142
97,kb/disorders/ADCA-DN.yaml,Autosomal Dominant Cerebellar Ataxia Deafness and Narcolepsy,107,171,131,42,62,282,367,433,18,80,33,1.0,39,0,0,0,1,0,131
98,kb/disorders/Hepatitis_C.yaml,Hepatitis C,115,149,135,42,88,143,296,440,4,93,38,0.99,13,0,0,1,0,0,0
99,kb/disorders/46_XY_complete_gonadal_dysgenesis.yaml,"46,XY complete gonadal dysgenesis",131,151,151,42,115,128,418,441,13,89,49,0.98,0,0,0,0,0,0,151
100,kb/disorders/Myalgic_Encephalomyelitis_Chronic_Fatigue_Syndrome.yaml,Myalgic Encephalomyelitis/Chronic Fatigue Syndrome,118,172,164,42,100,191,322,397,14,116,34,0.98,8,0,0,0,0,0,0
101,kb/disorders/Choroid_Plexus_Neoplasm.yaml,Choroid Plexus Neoplasm,107,176,158,42,83,200,400,641,10,111,37,0.98,18,0,0,0,0,0,156
102,kb/disorders/Resistance_to_Thyroid_Hormone_Alpha.yaml,Resistance to Thyroid Hormone Alpha,122,163,125,42,73,231,320,457,9,65,51,0.98,37,0,0,1,0,0,0
103,kb/disorders/Rienhoff_Syndrome.yaml,Rienhoff Syndrome,78,113,99,42,60,142,217,289,21,57,21,0.98,12,0,0,2,0,0,0
104,kb/disorders/Achondrogenesis_Type_IA.yaml,Achondrogenesis Type IA,107,163,145,42,82,149,353,513,10,82,53,0.97,16,0,0,2,0,0,52
105,kb/disorders/3-methylglutaconic_Aciduria_With_Deafness_Encephalopathy_And_Leigh-like_Syndrome.yaml,3-methylglutaconic_Aciduria_With_Deafness_Encephalopathy_And_Leigh-like_Syndrome,118,147,142,42,99,208,349,451,16,82,44,0.96,5,0,0,0,0,0,142
106,kb/disorders/Congenital_Glaucoma.yaml,Congenital Glaucoma,98,155,130,42,65,316,445,574,3,86,41,0.96,24,0,0,0,1,0,130
107,kb/disorders/Deafness_Congenital_Heart_Defects_And_Posterior_Embryotoxon.yaml,"Deafness, Congenital Heart Defects, and Posterior Embryotoxon",63,114,102,42,48,339,295,300,31,55,16,0.96,9,0,0,3,0,0,0
108,kb/disorders/Coal_Workers_Pneumoconiosis.yaml,Coal Workers Pneumoconiosis,115,156,114,42,66,176,343,336,15,81,18,0.95,42,0,0,0,0,0,113
109,kb/disorders/Combined_Oxidative_Phosphorylation_Deficiency_51.yaml,Combined Oxidative Phosphorylation Deficiency 51,87,112,101,42,71,178,277,300,10,74,17,0.94,10,0,0,0,1,0,101
110,kb/disorders/Adult_Onset_Dystonia_Parkinsonism.yaml,Adult-Onset Dystonia-Parkinsonism,93,127,126,42,85,77,245,449,7,62,57,0.89,0,0,0,0,1,0,126
111,kb/disorders/Distal_Myopathy_6_Adult-Onset_Autosomal_Dominant.yaml,"Distal Myopathy 6, Adult-Onset, Autosomal Dominant",70,96,94,41,56,192,169,227,23,46,25,0.98,1,0,0,0,1,0,94
112,kb/disorders/Benign_Neonatal_Seizures.yaml,Benign Neonatal Seizures,79,113,95,41,54,304,313,303,22,61,12,0.98,16,0,0,0,2,0,95
113,kb/disorders/Acute_Megakaryoblastic_Leukemia.yaml,Acute Megakaryoblastic Leukemia,114,161,156,41,88,147,343,601,19,95,42,0.97,5,0,0,0,0,0,156
114,kb/disorders/Heme_Oxygenase_1_Deficiency.yaml,Heme Oxygenase 1 Deficiency,149,219,198,41,112,219,440,688,6,114,78,0.96,19,0,0,2,0,0,0
115,kb/disorders/Aminoglycoside-Induced_Hearing_Loss.yaml,Aminoglycoside-Induced Hearing Loss,93,136,129,41,78,307,280,497,12,88,29,0.96,3,0,0,0,4,0,129
116,kb/disorders/Meier-Gorlin_Syndrome.yaml,Meier-Gorlin syndrome,137,173,139,41,92,177,385,540,3,95,41,0.95,33,0,0,1,0,0,0
117,kb/disorders/Buschke-Ollendorff_Syndrome.yaml,Buschke-Ollendorff Syndrome,87,121,107,41,68,197,320,343,18,70,19,0.95,13,0,0,0,1,0,107
118,kb/disorders/Aspartylglucosaminuria.yaml,Aspartylglucosaminuria,115,139,132,41,97,88,213,500,9,37,86,0.94,1,0,0,0,6,0,132
119,kb/disorders/Glycogen_Storage_Disease_Type_I.yaml,Glycogen Storage Disease Type I,109,119,108,41,89,85,250,437,6,51,51,0.91,10,0,0,1,0,0,0
120,kb/disorders/Short_Stature_Amelogenesis_Imperfecta_And_Skeletal_Dysplasia_With_Scoliosis.yaml,"Short Stature, Amelogenesis Imperfecta, and Skeletal Dysplasia with Scoliosis",98,132,127,41,80,153,347,504,11,74,42,0.9,5,0,0,0,0,0,0
121,kb/disorders/Acetaminophen_Hepatotoxicity.yaml,Acetaminophen Hepatotoxicity,83,121,117,41,68,102,350,350,3,91,23,0.9,4,0,0,0,0,0,117
122,kb/disorders/Cholera.yaml,Cholera,88,219,185,40,51,303,211,412,63,66,56,1.0,30,0,0,0,4,0,185
123,kb/disorders/Hypertrophic_Cardiomyopathy_3.yaml,Hypertrophic Cardiomyopathy 3,81,149,122,40,53,270,523,351,11,100,11,0.98,27,0,0,0,0,0,0
124,kb/disorders/Glomus_Tumor.yaml,Glomus Tumor,80,129,122,40,71,251,299,369,15,89,18,0.97,6,0,0,1,0,0,0
125,kb/disorders/Autosomal_Recessive_Ataxia_Beauce_Type.yaml,Autosomal Recessive Ataxia Beauce Type,95,100,96,40,70,68,160,340,23,38,35,0.97,4,0,0,0,0,0,96
126,kb/disorders/Joubert_syndrome.yaml,Joubert syndrome,250,311,199,40,121,261,354,848,6,91,102,0.95,112,0,0,0,0,0,0
127,kb/disorders/Early-Infantile_Developmental_and_Epileptic_Encephalopathy.yaml,Early-Infantile Developmental and Epileptic Encephalopathy,84,117,98,40,64,239,332,275,6,80,12,0.95,19,0,0,0,0,0,97
128,kb/disorders/3-M_Syndrome.yaml,3-M Syndrome,159,178,167,40,112,101,258,737,4,43,120,0.93,11,0,0,0,0,0,167
129,kb/disorders/Atrial_Fibrillation.yaml,Atrial Fibrillation,110,126,106,40,59,118,138,444,0,48,58,0.93,20,0,0,0,0,0,106
130,kb/disorders/Attenuated_Mucopolysaccharidosis_Type_I.yaml,Attenuated Mucopolysaccharidosis Type I,150,198,191,40,122,157,326,682,1,91,99,0.92,5,0,0,2,0,0,160
131,kb/disorders/ALDH18A1_De_Barsy_Spectrum.yaml,ALDH18A1-Related Spastic Paraplegia and Neurocutaneous Spectrum,85,121,121,40,65,79,268,609,4,64,53,0.9,0,0,0,0,0,0,107
132,kb/disorders/Progressive_Familial_Intrahepatic_Cholestasis.yaml,Progressive Familial Intrahepatic Cholestasis,147,195,144,39,85,266,426,770,6,101,37,0.95,49,0,0,2,0,0,0
133,kb/disorders/Duchenne_Muscular_Dystrophy.yaml,Duchenne Muscular Dystrophy,149,182,135,39,79,256,451,623,2,80,53,0.92,45,0,0,0,2,0,135
134,kb/disorders/MPI-Congenital_Disorder_of_Glycosylation.yaml,MPI-congenital disorder of glycosylation,117,185,165,39,89,162,421,646,4,105,56,0.89,19,0,0,1,0,0,0
135,kb/disorders/CHD8-Related_Neurodevelopmental_Disorder_with_Overgrowth.yaml,CHD8-Related Neurodevelopmental Disorder with Overgrowth,110,182,163,39,84,134,399,657,7,98,58,0.88,19,0,0,0,0,0,163
136,kb/disorders/CDH2-Related_ACOG_Syndrome.yaml,CDH2-Related ACOG Syndrome,76,110,89,38,53,246,304,159,21,60,8,0.98,20,0,0,0,1,0,89
137,kb/disorders/Dravet_syndrome.yaml,Dravet_syndrome,199,243,137,38,89,576,458,485,12,79,46,0.97,106,0,0,0,0,0,0
138,kb/disorders/DLG4-Related_Synaptopathy.yaml,DLG4-Related Synaptopathy,105,153,128,38,72,232,432,504,5,80,43,0.97,25,0,0,0,0,0,128
139,kb/disorders/Autoimmune_Pulmonary_Alveolar_Proteinosis.yaml,Autoimmune Pulmonary Alveolar Proteinosis,104,149,130,38,72,164,305,446,13,74,43,0.97,19,0,0,0,0,0,130
140,kb/disorders/Autosomal_Dominant_Progressive_External_Ophthalmoplegia.yaml,Autosomal Dominant Progressive External Ophthalmoplegia,128,208,159,38,76,241,496,636,5,123,31,0.95,46,0,0,0,3,0,159
141,kb/disorders/Adams-Oliver_Syndrome.yaml,Adams-Oliver Syndrome,103,137,130,38,75,162,304,630,3,82,45,0.95,7,0,0,0,0,0,130
142,kb/disorders/Congenital_Heart_Disease.yaml,Congenital Heart Disease,137,188,131,38,72,190,550,595,2,99,30,0.95,56,0,0,0,1,0,131
143,kb/disorders/PGM1-Congenital_Disorder_of_Glycosylation.yaml,PGM1-congenital disorder of glycosylation,140,179,137,38,93,162,431,534,6,98,33,0.94,41,0,0,1,0,0,0
144,kb/disorders/Alveolar_Rhabdomyosarcoma.yaml,Alveolar Rhabdomyosarcoma,139,163,118,38,84,872,484,429,2,87,29,0.94,45,0,0,0,0,0,117
145,kb/disorders/TUBB4A-related_Neurologic_Disorder.yaml,TUBB4A-related Neurologic Disorder,94,120,87,38,42,116,145,425,4,42,41,0.9,31,0,0,2,0,0,0
146,kb/disorders/Coccidioidomycosis.yaml,Coccidioidomycosis,85,146,136,37,68,228,385,384,11,92,33,1.0,7,0,0,0,3,0,136
147,kb/disorders/Brain_Abnormalities_Neurodegeneration_and_Dysosteosclerosis.yaml,"Brain Abnormalities, Neurodegeneration, and Dysosteosclerosis",106,151,125,37,70,226,298,500,11,71,43,0.98,26,0,0,0,0,0,125
148,kb/disorders/Autosomal_Recessive_Hypercholesterolemia.yaml,Autosomal Recessive Hypercholesterolemia,83,129,114,37,54,139,254,408,14,70,30,0.98,15,0,0,0,0,0,114
149,kb/disorders/Agenesis_of_the_Corpus_Callosum_with_Peripheral_Neuropathy.yaml,Agenesis of the Corpus Callosum with Peripheral Neuropathy,73,99,95,37,60,101,188,342,7,41,47,0.96,0,0,0,0,4,0,95
150,kb/disorders/Methylmalonic_Acidemia.yaml,Methylmalonic Acidemia,116,168,163,37,89,199,404,679,6,94,63,0.95,4,0,0,1,0,0,0
151,kb/disorders/Cadmium_Poisoning.yaml,Cadmium Poisoning,127,185,141,37,76,197,350,430,14,101,26,0.95,43,0,0,0,1,0,141
152,kb/disorders/Catatonia.yaml,Catatonia,79,107,92,37,57,169,166,319,2,67,23,0.95,14,0,0,0,1,0,92
153,kb/disorders/Dilated_Cardiomyopathy_1P.yaml,Dilated Cardiomyopathy 1P,102,113,87,37,63,96,221,280,4,59,24,0.94,26,0,0,0,0,0,0
154,kb/disorders/Anthracycline_Induced_Cardiomyopathy.yaml,Anthracycline-Induced Cardiomyopathy,101,145,141,37,79,188,272,512,4,88,49,0.93,4,0,0,0,0,0,140
155,kb/disorders/Autosomal_Dominant_Nonsyndromic_Hearing_Loss_50.yaml,Autosomal Dominant Nonsyndromic Hearing Loss 50,80,135,106,37,42,257,331,397,16,70,20,0.93,28,0,0,0,1,0,106
156,kb/disorders/Adenine_Phosphoribosyltransferase_Deficiency.yaml,Adenine Phosphoribosyltransferase Deficiency,94,141,140,37,79,81,271,570,2,58,80,0.82,1,0,0,0,0,0,138
157,kb/disorders/AFG2A-Related_Encephalopathy.yaml,AFG2A-Related Encephalopathy,69,118,105,36,51,231,234,359,27,50,28,1.0,13,0,0,0,0,0,105
158,kb/disorders/SARS1-Related_Neurodevelopmental_Disorder.yaml,SARS1-Related Neurodevelopmental Disorder,82,139,100,36,44,258,360,354,12,70,18,0.99,36,0,0,3,0,0,0
159,kb/disorders/Factor_XIII_A_Subunit_Deficiency.yaml,Factor XIII A Subunit Deficiency,99,160,143,36,61,291,293,629,10,70,63,0.97,16,0,0,1,0,0,0
160,kb/disorders/Congenital_Myasthenic_Syndrome.yaml,Congenital Myasthenic Syndrome,127,147,107,36,76,110,217,645,2,46,59,0.95,39,0,0,1,0,0,0
161,kb/disorders/Acute_Flaccid_Myelitis.yaml,Acute Flaccid Myelitis,76,100,100,36,72,125,267,247,2,75,23,0.95,0,0,0,0,0,0,97
162,kb/disorders/Loeys-Dietz_Syndrome_4.yaml,Loeys-Dietz Syndrome 4,115,173,128,36,59,158,280,459,7,81,40,0.95,45,0,0,0,0,0,0
163,kb/disorders/Bleeding_Disorder_of_Unknown_Cause.yaml,Bleeding Disorder of Unknown Cause,84,144,115,36,49,198,321,364,8,81,26,0.95,29,0,0,0,0,0,115
164,kb/disorders/AA_Amyloidosis.yaml,AA Amyloidosis,141,197,179,36,109,191,333,660,8,107,64,0.93,18,0,0,0,0,0,179
165,kb/disorders/Autosomal_Dominant_Osteopetrosis_Type_I.yaml,Autosomal Dominant Osteopetrosis Type I,74,104,100,36,63,75,192,316,16,49,35,0.9,4,0,0,0,0,0,100
166,kb/disorders/Bacterial_Vaginosis.yaml,Bacterial Vaginosis,77,126,104,36,49,174,336,340,6,80,18,0.9,22,0,0,0,0,0,104
167,kb/disorders/Alkaptonuria.yaml,Alkaptonuria,102,142,138,36,85,106,262,535,5,61,72,0.89,3,0,0,0,1,0,138
168,kb/disorders/Ritscher-Schinzel_Syndrome_1.yaml,Ritscher-Schinzel Syndrome 1,140,155,100,35,80,147,186,307,15,33,52,0.98,55,0,0,0,0,0,0
169,kb/disorders/Arginase_Deficiency.yaml,Arginase Deficiency,104,125,119,35,84,102,257,467,5,52,62,0.97,6,0,0,0,0,0,116
170,kb/disorders/BCKDK_Deficiency.yaml,BCKDK Deficiency,83,102,102,35,71,125,236,317,3,55,44,0.97,0,0,0,0,0,0,102
171,kb/disorders/Dilated_Cardiomyopathy_1W.yaml,Dilated Cardiomyopathy 1W,85,118,93,35,54,188,284,352,10,69,14,0.97,25,0,0,0,0,0,92
172,kb/disorders/3p-_Syndrome.yaml,3p- Syndrome,109,140,139,35,80,103,244,538,13,75,51,0.96,1,0,0,0,0,0,139
173,kb/disorders/Familial_Vesicoureteral_Reflux.yaml,Familial Vesicoureteral Reflux,95,134,113,35,67,257,406,445,10,81,22,0.96,21,0,0,0,0,0,0
174,kb/disorders/Amyotrophic_Lateral_Sclerosis-Parkinsonism-Dementia_Complex.yaml,Amyotrophic Lateral Sclerosis-Parkinsonism-Dementia Complex,81,97,94,35,63,78,181,353,2,52,40,0.96,0,0,0,0,3,0,94
175,kb/disorders/Muscular_Dystrophy_Congenital_Hearing_Loss_And_Ovarian_Insufficiency_Syndrome.yaml,"Muscular Dystrophy, Congenital Hearing Loss, and Ovarian Insufficiency Syndrome",98,138,111,35,62,160,230,394,17,54,40,0.95,26,0,0,1,0,0,0
176,kb/disorders/Celiac_Disease.yaml,Celiac Disease,114,166,129,35,61,223,265,433,4,86,39,0.94,37,0,0,0,0,0,88
177,kb/disorders/Zellweger_Spectrum_Disorders.yaml,Zellweger Spectrum Disorders,106,167,151,35,89,167,427,585,8,117,26,0.88,10,0,0,6,0,0,0
178,kb/disorders/Fucosidosis.yaml,Fucosidosis,105,132,129,35,97,80,309,415,1,70,58,0.81,1,0,0,2,0,0,0
179,kb/disorders/Hypertrophic_Cardiomyopathy_26.yaml,Hypertrophic Cardiomyopathy 26,70,122,101,34,47,396,405,313,16,82,3,0.98,20,0,0,1,0,0,0
180,kb/disorders/Dilated_Cardiomyopathy_1O.yaml,Dilated Cardiomyopathy 1O,79,98,73,34,46,203,190,184,15,47,11,0.98,25,0,0,0,0,0,0
181,kb/disorders/Iron_Poisoning.yaml,Iron Poisoning,81,157,148,34,62,371,353,458,11,100,37,0.97,8,0,0,1,0,0,0
182,kb/disorders/Diamond-Blackfan_Anemia_14_With_Mandibulofacial_Dysostosis.yaml,Diamond-Blackfan Anemia 14 with Mandibulofacial Dysostosis,89,133,105,34,49,171,234,320,17,66,22,0.97,28,0,0,0,0,0,105
183,kb/disorders/Jervell_and_Lange-Nielsen_Syndrome_2.yaml,Jervell and Lange-Nielsen Syndrome 2,74,106,103,34,66,183,304,341,6,74,23,0.96,2,0,0,1,0,0,0
184,kb/disorders/Atelosteogenesis_Type_II.yaml,Atelosteogenesis Type II,93,127,124,34,85,67,208,447,7,53,64,0.95,1,0,0,0,2,0,124
185,kb/disorders/Bilateral_Microtia-Deafness-Cleft_Palate_Syndrome.yaml,Bilateral Microtia-Deafness-Cleft Palate Syndrome,65,88,77,34,50,128,208,275,17,47,13,0.95,11,0,0,0,0,0,77
186,kb/disorders/Idiopathic_Pulmonary_Arterial_Hypertension.yaml,Idiopathic Pulmonary Arterial Hypertension,95,116,101,34,73,85,331,326,5,69,27,0.94,15,0,0,0,0,0,0
187,kb/disorders/Bardet-Biedl_Syndrome.yaml,Bardet-Biedl syndrome,99,130,108,34,74,185,250,463,4,52,52,0.93,22,0,0,0,0,0,106
188,kb/disorders/Short-rib_Thoracic_Dysplasia_21_Without_Polydactyly.yaml,Short-rib thoracic dysplasia 21 without polydactyly,118,140,132,33,107,114,351,469,7,81,44,0.98,8,0,0,0,0,0,0
189,kb/disorders/Abetalipoproteinemia.yaml,Abetalipoproteinemia,133,180,136,33,81,108,342,554,2,63,71,0.98,43,0,0,0,1,0,136
190,kb/disorders/Autoimmune_Hepatitis.yaml,Autoimmune Hepatitis,75,86,84,33,60,102,139,357,3,47,34,0.98,0,0,0,0,2,0,84
191,kb/disorders/Autoimmune_Polyendocrinopathy.yaml,Autoimmune Polyendocrinopathy,75,89,85,33,59,143,230,338,4,54,27,0.98,4,0,0,0,0,0,83
192,kb/disorders/Cystinuria.yaml,Cystinuria,79,111,110,33,59,206,226,414,5,63,42,0.97,1,0,0,0,0,0,110
193,kb/disorders/Crohn_Disease.yaml,Crohn Disease,146,241,129,33,51,223,258,450,21,67,41,0.97,80,0,0,0,32,0,129
194,kb/disorders/Autism_Spectrum_Disorder.yaml,Autism Spectrum Disorder,90,113,92,33,67,261,272,222,8,67,17,0.96,20,0,0,0,1,0,92
195,kb/disorders/Autosomal_Dominant_Osteosclerosis_Worth_Type.yaml,Autosomal Dominant Osteosclerosis Worth Type,84,123,108,33,67,118,228,345,17,59,32,0.96,14,0,0,0,1,0,108
196,kb/disorders/Acquired_Partial_Lipodystrophy.yaml,Acquired Partial Lipodystrophy,78,125,123,33,67,173,349,429,10,78,35,0.96,0,0,0,0,2,0,123
197,kb/disorders/Spinocerebellar_Ataxia_Type_1.yaml,Spinocerebellar Ataxia Type 1,117,164,122,33,73,162,342,441,11,75,36,0.95,39,0,0,3,0,0,0
198,kb/disorders/Autosomal_Recessive_Cerebellar_Ataxia_With_Late_Onset_Spasticity.yaml,Autosomal Recessive Cerebellar Ataxia With Late-Onset Spasticity,69,80,77,33,64,82,189,180,9,61,7,0.95,0,0,0,0,3,0,77
199,kb/disorders/Apparent_Mineralocorticoid_Excess.yaml,apparent mineralocorticoid excess,102,152,150,33,88,109,252,554,6,79,65,0.9400000000000001,2,0,0,0,0,0,150
200,kb/disorders/CHILD_Syndrome.yaml,CHILD Syndrome,88,115,95,33,60,133,239,349,7,51,37,0.94,20,0,0,0,0,0,95
201,kb/disorders/CANVAS.yaml,CANVAS,71,85,81,33,65,74,174,219,7,52,22,0.93,3,0,0,0,1,0,81
202,kb/disorders/Charcot-Marie-Tooth_Disease_Type_4B3.yaml,Charcot-Marie-Tooth Disease Type 4B3,88,136,110,33,58,183,320,378,12,71,27,0.93,24,0,0,0,2,0,110
203,kb/disorders/Bainbridge-Ropers_Syndrome.yaml,Bainbridge-Ropers syndrome,88,149,135,33,72,175,427,468,6,94,35,0.91,14,0,0,0,0,0,135
204,kb/disorders/Allan-Herndon-Dudley_Syndrome.yaml,Allan-Herndon-Dudley Syndrome,112,182,136,33,67,167,392,562,3,97,36,0.89,43,0,0,0,3,0,136
205,kb/disorders/Cold_Agglutinin_Disease.yaml,Cold Agglutinin Disease,108,156,139,33,77,121,300,493,2,93,44,0.88,17,0,0,0,0,0,139
206,kb/disorders/Neurodevelopmental_Disorder_with_Poor_Growth_Spastic_Tetraplegia_and_Hearing_Loss.yaml,"Neurodevelopmental Disorder with Poor Growth, Spastic Tetraplegia, and Hearing Loss",71,88,74,32,50,92,157,252,14,32,28,1.0,13,0,0,1,0,0,0
207,kb/disorders/Intellectual_Developmental_Disorder_Autosomal_Dominant_72.yaml,"Intellectual Developmental Disorder, Autosomal Dominant 72",87,114,102,32,72,124,243,387,9,68,25,0.99,10,0,0,2,0,0,0
208,kb/disorders/Hypertrophic_Cardiomyopathy_14.yaml,Hypertrophic Cardiomyopathy 14,53,76,70,32,43,258,179,145,20,40,10,0.99,5,0,0,1,0,0,0
209,kb/disorders/Adult-Onset_Ataxia_and_Polyneuropathy.yaml,Adult-Onset Ataxia and Polyneuropathy,77,104,98,32,69,124,274,300,9,64,25,0.98,3,0,0,0,3,0,98
210,kb/disorders/Claes-Jensen_Type_X-Linked_Intellectual_Disability.yaml,Claes-Jensen Type X-Linked Intellectual Disability,76,139,118,32,53,182,435,457,5,93,20,0.98,21,0,0,0,0,0,118
211,kb/disorders/Neurodevelopmental_Disorder_with_Hearing_Loss_and_Spasticity.yaml,Neurodevelopmental Disorder with Hearing Loss and Spasticity,105,136,86,32,52,208,230,279,12,53,21,0.98,49,0,0,1,0,0,0
212,kb/disorders/Chickenpox.yaml,Chickenpox,53,76,68,32,33,149,100,147,16,45,7,0.98,7,0,0,0,1,0,68
213,kb/disorders/Cutis_Laxa_Autosomal_Recessive_Type_2E.yaml,Cutis Laxa Autosomal Recessive Type 2E,127,152,128,32,97,173,279,449,10,57,61,0.96,23,0,0,1,0,0,0
214,kb/disorders/Autosomal_Dominant_Cerebellar_Ataxia.yaml,Autosomal Dominant Cerebellar Ataxia,121,176,142,32,89,192,308,423,6,96,40,0.96,0,0,0,0,34,0,142
215,kb/disorders/Adult-Type_Hypolactasia.yaml,Adult-Type Hypolactasia,81,107,106,32,69,91,166,364,6,60,40,0.96,1,0,0,0,0,0,106
216,kb/disorders/Photosensitive_Epilepsy.yaml,Photosensitive Epilepsy,63,87,75,32,42,177,152,211,7,50,18,0.96,12,0,0,0,0,0,0
217,kb/disorders/Neuronopathy_Distal_Hereditary_Motor_Autosomal_Recessive_7.yaml,"Neuronopathy, Distal Hereditary Motor, Autosomal Recessive 7",97,135,127,32,82,155,328,425,10,86,31,0.95,6,0,0,2,0,0,0
218,kb/disorders/Peroxisome_Biogenesis_Disorder_5B.yaml,Peroxisome Biogenesis Disorder 5B,76,120,115,32,66,118,327,381,13,75,27,0.95,4,0,0,1,0,0,0
219,kb/disorders/Hereditary_Hemorrhagic_Telangiectasia_5.yaml,Hereditary Hemorrhagic Telangiectasia Type 5,71,107,93,32,55,282,276,279,9,66,18,0.95,13,0,0,1,0,0,0
220,kb/disorders/Revesz_Syndrome.yaml,Revesz Syndrome,84,125,94,32,48,151,236,291,18,61,15,0.95,31,0,0,0,0,0,0
221,kb/disorders/Aicardi_Goutieres_Syndrome.yaml,Aicardi-Goutieres Syndrome,111,165,118,32,63,256,357,340,3,77,38,0.94,47,0,0,0,0,0,118
222,kb/disorders/Cholesteatoma.yaml,Cholesteatoma,70,84,84,32,59,90,208,267,2,55,27,0.93,0,0,0,0,0,0,84
223,kb/disorders/Double_Outlet_Right_Ventricle.yaml,Double Outlet Right Ventricle,112,181,152,32,81,131,491,473,7,119,26,0.92,26,0,0,0,3,0,152
224,kb/disorders/APL_PML_RARA.yaml,"Acute Promyelocytic Leukemia, PML-RARA",88,114,113,32,67,102,199,453,5,63,45,0.91,0,0,0,0,1,0,113
225,kb/disorders/Manganism.yaml,Manganism,107,137,88,32,50,114,140,363,7,48,33,0.91,47,0,0,2,0,0,0
226,kb/disorders/Aromatic_L_Amino_Acid_Decarboxylase_Deficiency.yaml,Aromatic L-amino acid decarboxylase deficiency,141,197,167,32,97,97,313,731,1,74,92,0.9,29,0,0,0,1,0,167
227,kb/disorders/Dry_Eye_Disease.yaml,Dry Eye Disease,69,77,75,32,56,47,190,302,1,40,34,0.86,0,0,0,0,2,0,75
228,kb/disorders/Antisynthetase_Syndrome.yaml,Antisynthetase Syndrome,78,86,84,32,66,70,183,270,2,54,28,0.78,1,0,0,0,1,0,84
229,kb/disorders/Dilated_Cardiomyopathy_1Z.yaml,Dilated Cardiomyopathy 1Z,75,119,98,31,53,267,359,343,14,76,8,0.99,21,0,0,0,0,0,0
230,kb/disorders/Bacterial_meningitis.yaml,Bacterial meningitis,61,145,135,31,48,232,281,426,29,80,26,0.99,9,0,0,0,1,0,135
231,kb/disorders/ABCC9-Related_Intellectual_Disability_and_Myopathy_Syndrome.yaml,ABCC9-Related Intellectual Disability and Myopathy Syndrome,88,157,153,31,73,186,343,507,12,85,56,0.98,4,0,0,0,0,0,153
232,kb/disorders/RAB23-Related_Carpenter_Syndrome.yaml,RAB23-related Carpenter Syndrome,87,141,133,31,72,246,395,475,9,88,36,0.98,8,0,0,0,0,0,0
233,kb/disorders/Acute_Erythroid_Leukemia.yaml,Acute Erythroid Leukemia,78,113,92,31,46,164,218,302,13,53,26,0.98,20,0,0,1,0,0,92
234,kb/disorders/Ataxia_With_Oculomotor_Apraxia_Type_2.yaml,Ataxia With Oculomotor Apraxia Type 2,107,156,126,31,67,112,221,494,8,60,58,0.97,29,0,0,0,1,0,126
235,kb/disorders/Cardiac_Sarcoidosis.yaml,Cardiac Sarcoidosis,80,128,113,31,63,162,379,309,2,91,20,0.97,14,0,0,0,1,0,113
236,kb/disorders/Sphingosine_Phosphate_Lyase_Insufficiency_Syndrome.yaml,Sphingosine Phosphate Lyase Insufficiency Syndrome,107,136,108,31,64,111,226,426,7,57,44,0.96,28,0,0,0,0,0,0
237,kb/disorders/ODonnell-Luria-Rodan_Syndrome.yaml,O'Donnell-Luria-Rodan Syndrome,109,162,135,31,78,130,345,533,10,81,44,0.95,26,0,0,1,0,0,0
238,kb/disorders/Autosomal_Dominant_Hypocalcemia_1.yaml,Autosomal Dominant Hypocalcemia 1,90,128,98,31,55,148,205,334,8,55,35,0.95,26,0,0,0,4,0,98
239,kb/disorders/Noonan_Syndrome_6.yaml,Noonan Syndrome 6,128,164,157,31,110,166,386,484,8,124,25,0.94,5,0,0,2,0,0,0
240,kb/disorders/Aspergillosis.yaml,Aspergillosis,112,152,121,31,78,111,250,519,5,95,21,0.94,30,0,0,0,1,0,121
241,kb/disorders/Gorlin_Syndrome.yaml,Gorlin Syndrome,127,183,127,31,65,151,348,492,8,77,42,0.94,56,0,0,0,0,0,0
242,kb/disorders/Autosomal_Dominant_Nonsyndromic_Hearing_Loss_41.yaml,Autosomal Dominant Nonsyndromic Hearing Loss 41,53,98,86,31,33,200,253,313,21,54,11,0.94,11,0,0,0,1,0,86
243,kb/disorders/ADPRS-Related_Stress-Induced_Neurodegeneration.yaml,ADPRS-Related Stress-Induced Neurodegeneration,117,163,99,31,53,106,366,415,4,78,17,0.9,64,0,0,0,0,0,99
244,kb/disorders/Argininosuccinic_Aciduria.yaml,Argininosuccinic Aciduria,74,85,76,31,54,81,139,304,10,41,25,0.89,4,0,0,0,5,0,76
245,kb/disorders/Optic_Neuritis.yaml,Optic Neuritis,69,87,73,31,50,99,178,158,6,61,6,0.89,13,0,0,1,0,0,0
246,kb/disorders/Classic_Familial_Adenomatous_Polyposis.yaml,Classic Familial Adenomatous Polyposis,84,100,100,31,66,79,188,446,6,51,43,0.88,0,0,0,0,0,0,0
247,kb/disorders/3MC_Syndrome.yaml,3MC Syndrome,106,145,139,30,84,123,246,556,19,66,54,0.98,6,0,0,0,0,0,139
248,kb/disorders/Acromesomelic_Dysplasia_Maroteaux_Type.yaml,Acromesomelic Dysplasia Maroteaux Type,87,118,117,30,79,135,275,428,13,57,47,0.98,0,0,0,1,0,0,117
249,kb/disorders/Adult-Onset_Proximal_Spinal_Muscular_Atrophy_Autosomal_Dominant.yaml,"Adult-Onset Proximal Spinal Muscular Atrophy, Autosomal Dominant",85,125,94,30,48,193,236,288,18,50,26,0.98,31,0,0,0,0,0,94
250,kb/disorders/Choriocarcinoma.yaml,Choriocarcinoma,94,128,119,30,79,214,344,404,5,92,22,0.97,8,0,0,0,1,0,119
251,kb/disorders/Kawasaki_Disease.yaml,Kawasaki Disease,152,232,141,30,60,467,397,510,14,76,51,0.97,90,0,0,1,0,0,0
252,kb/disorders/Aggressive_NK-cell_Leukemia.yaml,Aggressive NK-cell Leukemia,66,89,89,30,60,76,216,288,2,65,22,0.97,0,0,0,0,0,0,89
253,kb/disorders/Atelosteogenesis_Type_I.yaml,Atelosteogenesis Type I,60,88,87,30,52,75,185,301,3,48,36,0.97,1,0,0,0,0,0,87
254,kb/disorders/Alopecia-Intellectual_Disability_Syndrome_1.yaml,Alopecia-Intellectual Disability Syndrome 1,37,72,71,30,31,180,134,154,26,37,8,0.97,0,0,0,0,1,0,71
255,kb/disorders/ATTR_Amyloidosis.yaml,Hereditary Transthyretin Amyloidosis,97,123,101,30,70,167,195,446,6,54,41,0.96,21,0,0,1,0,0,101
256,kb/disorders/46_XY_Sex_Reversal_5.yaml,"46,XY Sex Reversal 5",103,134,98,30,58,211,235,337,9,62,27,0.95,36,0,0,0,0,0,98
257,kb/disorders/CAPOS_Syndrome.yaml,CAPOS Syndrome,73,120,103,30,48,140,265,389,4,68,31,0.94,16,0,0,0,1,0,103
258,kb/disorders/CODAS_Syndrome.yaml,CODAS Syndrome,96,129,122,30,80,74,219,452,3,61,58,0.9,5,0,0,0,2,0,122
259,kb/disorders/Epilepsy.yaml,Epilepsy,131,165,111,30,60,94,244,485,3,56,52,0.9,52,0,0,2,0,0,1
260,kb/disorders/Autosomal_Dominant_Nonsyndromic_Hearing_Loss_2A.yaml,Autosomal Dominant Nonsyndromic Hearing Loss 2A,71,123,111,30,51,162,240,348,13,71,27,0.9,11,0,0,0,1,0,111
261,kb/disorders/Stiff_Person_Syndrome.yaml,Stiff Person Syndrome,52,98,96,30,47,59,236,323,4,62,30,0.89,2,0,0,0,0,0,0
262,kb/disorders/Adenylosuccinate_Lyase_Deficiency.yaml,Adenylosuccinate Lyase Deficiency,75,112,105,30,55,89,287,322,11,49,45,0.87,7,0,0,0,0,0,105
263,kb/disorders/BRAF_V600E_Mutant_NSCLC.yaml,BRAF V600E-Mutant Non-Small Cell Lung Cancer,58,72,71,30,53,79,226,211,0,56,15,0.87,0,0,0,0,1,0,71
264,kb/disorders/Borjeson-Forssman-Lehmann_syndrome.yaml,Borjeson-Forssman-Lehmann syndrome,89,100,100,30,84,63,196,382,3,47,50,0.82,0,0,0,0,0,0,100
265,kb/disorders/Bird_Fanciers_Lung.yaml,Bird Fancier's Lung,80,110,110,29,65,97,199,398,9,57,44,0.99,0,0,0,0,0,0,110
266,kb/disorders/CKD-Mineral_Bone_Disorder.yaml,CKD-Mineral Bone Disorder,67,85,81,29,51,308,256,325,9,49,23,0.99,4,0,0,0,0,0,81
267,kb/disorders/Intellectual_Disability_Autosomal_Recessive_43.yaml,"Intellectual Disability, Autosomal Recessive 43",72,87,73,29,50,128,168,249,14,34,25,0.98,14,0,0,0,0,0,0
268,kb/disorders/Maple_Syrup_Urine_Disease.yaml,Maple Syrup Urine Disease,116,137,132,29,88,115,305,607,3,71,58,0.97,3,0,0,2,0,0,0
269,kb/disorders/Ciguatera_Fish_Poisoning.yaml,Ciguatera Fish Poisoning,101,162,135,29,65,157,357,491,7,87,41,0.97,27,0,0,0,0,0,130
270,kb/disorders/DEE_with_Spike-Wave_Activation_in_Sleep.yaml,Developmental and Epileptic Encephalopathy with Spike-Wave Activation in Sleep,57,84,69,29,37,180,173,154,10,52,7,0.97,15,0,0,0,0,0,0
271,kb/disorders/Heavy_Chain_Disease.yaml,Heavy Chain Disease,134,185,137,29,77,134,447,594,4,101,32,0.96,48,0,0,0,0,0,0
272,kb/disorders/Developmental_And_Epileptic_Encephalopathy_8.yaml,Developmental and Epileptic Encephalopathy 8,72,134,132,29,61,190,279,523,9,75,48,0.95,2,0,0,0,0,0,132
273,kb/disorders/Rett_Syndrome.yaml,Rett Syndrome,88,132,91,29,43,155,286,368,3,56,32,0.95,41,0,0,0,0,0,0
274,kb/disorders/Brugada_Syndrome.yaml,Brugada syndrome,76,134,116,29,49,326,338,408,8,62,46,0.94,16,0,0,2,0,0,63
275,kb/disorders/Mitochondrial_Trifunctional_Protein_Deficiency.yaml,Mitochondrial Trifunctional Protein Deficiency,101,128,114,29,78,127,322,372,5,76,33,0.93,13,0,0,1,0,0,0
276,kb/disorders/Cockayne_Syndrome.yaml,Cockayne Syndrome,122,171,117,29,68,92,240,466,2,74,41,0.93,54,0,0,0,0,0,117
277,kb/disorders/Anaplastic_Large_Cell_Lymphoma.yaml,Anaplastic Large Cell Lymphoma,100,120,114,29,68,63,218,596,0,54,60,0.93,6,0,0,0,0,0,114
278,kb/disorders/Stickler_Syndrome_Type_2.yaml,Stickler Syndrome Type 2,67,99,87,29,49,98,194,295,5,63,19,0.93,10,0,0,2,0,0,0
279,kb/disorders/Intellectual_Disability_X-linked_Syndromic_35.yaml,Intellectual Disability X-linked Syndromic 35,75,98,83,29,58,119,246,251,11,51,21,0.9299999999999999,15,0,0,0,0,0,0
280,kb/disorders/Kyphoscoliotic_Ehlers-Danlos_Syndrome.yaml,Kyphoscoliotic Ehlers-Danlos Syndrome,94,117,111,29,67,96,152,388,17,53,41,0.92,5,0,0,1,0,0,0
281,kb/disorders/CACNA1A_Related_Disorder.yaml,CACNA1A-Related Disorder,51,71,71,29,47,144,185,212,11,50,10,0.92,0,0,0,0,0,0,71
282,kb/disorders/Immunoskeletal_Dysplasia_with_Neurodevelopmental_Abnormalities.yaml,Immunoskeletal Dysplasia with Neurodevelopmental Abnormalities,120,149,112,29,79,87,272,330,4,75,33,0.91,36,0,0,1,0,0,0
283,kb/disorders/Hyperornithinemia_Hyperammonemia_Homocitrullinuria_Syndrome.yaml,Hyperornithinemia-hyperammonemia-homocitrullinuria syndrome,125,143,142,29,110,83,256,499,6,46,90,0.9,0,0,0,1,0,0,0
284,kb/disorders/TANGO2_Deficiency_Disorder.yaml,TANGO2 Deficiency Disorder,116,201,165,29,78,184,537,662,5,129,31,0.9,36,0,0,0,0,0,0
285,kb/disorders/Asparagine_Synthetase_Deficiency.yaml,Asparagine synthetase deficiency,68,80,80,29,65,58,248,266,6,40,34,0.9,0,0,0,0,0,0,80
286,kb/disorders/Infantile_Hypercalcemia.yaml,Infantile Hypercalcemia,81,122,112,29,66,80,352,358,4,75,33,0.87,9,0,0,1,0,0,0
287,kb/disorders/COG1-congenital_disorder_of_glycosylation.yaml,COG1-congenital disorder of glycosylation,91,103,102,29,84,51,232,355,8,59,35,0.86,0,0,0,0,1,0,102
288,kb/disorders/AHCY_Deficiency.yaml,S-Adenosylhomocysteine Hydrolase Deficiency,136,163,157,29,110,67,299,556,2,76,79,0.85,6,0,0,0,0,0,157
289,kb/disorders/Ataxia_Telangiectasia.yaml,Ataxia-telangiectasia,115,142,113,29,76,112,296,462,4,74,35,0.83,12,0,0,0,17,0,113
290,kb/disorders/CLCN2-Related_Leukoencephalopathy.yaml,CLCN2-Related Leukoencephalopathy,86,148,114,28,51,164,362,497,8,76,30,0.99,33,0,0,0,1,0,114
291,kb/disorders/Autosomal_Dominant_Nonsyndromic_Hearing_Loss_25.yaml,Autosomal Dominant Nonsyndromic Hearing Loss 25,71,103,82,28,47,159,189,299,15,51,16,0.99,20,0,0,0,1,0,82
292,kb/disorders/Hypertensive_Heart_Disease.yaml,Hypertensive Heart Disease,89,171,115,28,34,218,259,235,32,73,10,0.99,53,3,0,0,0,0,0
293,kb/disorders/Chung-Jansen_Syndrome.yaml,Chung-Jansen Syndrome,115,164,144,28,92,79,398,514,6,96,42,0.98,20,0,0,0,0,0,144
294,kb/disorders/Duane_Retraction_Syndrome_3_With_Or_Without_Deafness.yaml,Duane Retraction Syndrome 3 With Or Without Deafness,65,93,79,28,50,134,220,311,10,50,19,0.98,14,0,0,0,0,0,79
295,kb/disorders/Avascular_Necrosis_Of_Femoral_Head_Primary_2.yaml,"Avascular Necrosis of Femoral Head, Primary, 2",61,93,72,28,35,146,109,236,19,45,8,0.98,19,0,0,2,0,0,1
296,kb/disorders/Microcephaly_Short_Stature_and_Impaired_Glucose_Metabolism_2.yaml,"Microcephaly, Short Stature, and Impaired Glucose Metabolism 2",83,113,90,28,59,83,244,257,6,73,11,0.97,23,0,0,0,0,0,0
297,kb/disorders/Immunodeficiency_60.yaml,Immunodeficiency 60,86,127,98,28,49,102,251,400,3,54,41,0.96,28,0,0,1,0,0,0
298,kb/disorders/IKBKG_Ectodermal_Dysplasia_with_Immunodeficiency.yaml,IKBKG ectodermal dysplasia with immunodeficiency,117,180,178,28,111,106,362,528,4,102,72,0.95,1,0,0,1,0,0,0
299,kb/disorders/Bethlem_Myopathy.yaml,Bethlem myopathy,109,163,120,28,65,120,357,417,2,85,33,0.95,41,0,0,0,2,0,120
300,kb/disorders/Cranial_Dysinnervation_Disorder_Congenital_With_Absent_Corneal_Reflex_And_Developmental_Delay.yaml,Congenital Cranial Dysinnervation Disorder with Absent Corneal Reflex and Developmental Delay,62,100,95,28,51,118,271,309,7,64,24,0.95,5,0,0,0,0,0,94
301,kb/disorders/Acute_Intermittent_Porphyria.yaml,Acute Intermittent Porphyria,116,165,161,28,95,163,340,622,3,94,64,0.94,3,0,0,0,1,0,161
302,kb/disorders/Arts_syndrome.yaml,Arts syndrome,105,116,115,28,92,51,239,450,3,45,67,0.94,1,0,0,0,0,0,115
303,kb/disorders/Autosomal_Recessive_Ataxia_Due_to_Ubiquinone_Deficiency.yaml,Autosomal Recessive Ataxia Due to Ubiquinone Deficiency,78,88,87,28,64,52,176,296,4,49,34,0.94,0,0,0,0,1,0,87
304,kb/disorders/Lennox-Gastaut_Syndrome.yaml,Lennox-Gastaut Syndrome,73,149,125,28,48,187,319,293,11,88,26,0.94,24,0,0,0,0,0,0
305,kb/disorders/Achromatopsia.yaml,Achromatopsia,77,106,104,28,63,100,241,410,4,64,36,0.93,2,0,0,0,0,0,104
306,kb/disorders/2-Methylbutyryl-CoA_Dehydrogenase_Deficiency.yaml,2-Methylbutyryl-CoA Dehydrogenase Deficiency,67,89,87,28,58,79,208,255,2,66,19,0.93,2,0,0,0,0,0,87
307,kb/disorders/Andersen-Tawil_Syndrome.yaml,Andersen-Tawil Syndrome,100,144,102,28,52,97,253,372,4,67,31,0.93,41,0,0,0,1,0,102
308,kb/disorders/Listeriosis.yaml,Listeriosis,70,82,80,28,51,88,106,338,1,37,42,0.93,2,0,0,0,0,0,0
309,kb/disorders/ACAN-Related_Short_Stature_Spectrum.yaml,ACAN-Related Short Stature Spectrum,76,131,103,28,44,167,292,357,11,75,17,0.93,27,0,0,1,0,0,103
310,kb/disorders/45_X_46_XY_Mixed_Gonadal_Dysgenesis.yaml,"45,X/46,XY Mixed Gonadal Dysgenesis",111,147,141,28,93,69,273,455,5,71,65,0.92,6,0,0,0,0,0,141
311,kb/disorders/Hemophagocytic_Lymphohistiocytosis.yaml,Hemophagocytic Lymphohistiocytosis,69,98,96,28,50,117,171,410,11,49,36,0.91,2,0,0,0,0,0,0
312,kb/disorders/Invasive_Non-Typhoidal_Salmonellosis.yaml,Invasive Non-Typhoidal Salmonellosis,73,85,65,28,45,91,125,208,4,44,17,0.91,20,0,0,0,0,0,0
313,kb/disorders/Cyanide_Poisoning.yaml,Cyanide Poisoning,94,135,113,28,68,118,234,385,5,82,26,0.9,22,0,0,0,0,0,113
314,kb/disorders/Epidermolysis_Bullosa.yaml,Epidermolysis Bullosa,75,96,96,28,57,118,228,295,3,61,32,0.83,0,0,0,0,0,0,0
315,kb/disorders/Glycogen_Storage_Disease_Type_IV.yaml,Glycogen Storage Disease Type IV,102,127,124,28,81,33,210,549,1,39,84,0.76,3,0,0,0,0,0,0
316,kb/disorders/Acute_Disseminated_Encephalomyelitis.yaml,Acute Disseminated Encephalomyelitis,84,113,112,27,74,73,254,381,4,68,40,0.98,0,0,0,1,0,0,112
317,kb/disorders/Cardiofacioneurodevelopmental_Syndrome.yaml,Cardiofacioneurodevelopmental Syndrome,82,114,88,27,53,303,251,354,10,51,27,0.98,26,0,0,0,0,0,87
318,kb/disorders/Fragile_X_Syndrome.yaml,Fragile X Syndrome,104,144,99,27,52,127,232,417,2,52,45,0.98,42,0,0,3,0,0,0
319,kb/disorders/3-Hydroxy-3-Methylglutaric_Aciduria.yaml,3-Hydroxy-3-Methylglutaric Aciduria,87,112,94,27,62,85,225,355,9,48,37,0.97,18,0,0,0,0,0,94
320,kb/disorders/Dilated_Cardiomyopathy_1J.yaml,Dilated Cardiomyopathy 1J,67,77,62,27,47,123,192,168,7,41,14,0.96,15,0,0,0,0,0,0
321,kb/disorders/CATSHL_Syndrome.yaml,CATSHL Syndrome,66,78,59,27,42,87,177,206,9,35,15,0.96,18,0,0,0,1,0,59
322,kb/disorders/Hypertrophic_Cardiomyopathy.yaml,Hypertrophic Cardiomyopathy,73,142,127,27,38,240,297,506,12,54,61,0.96,12,0,0,3,0,0,0
323,kb/disorders/Common_Variable_Immunodeficiency.yaml,Common Variable Immunodeficiency,88,146,130,27,67,172,315,619,6,76,48,0.95,12,0,0,0,4,0,130
324,kb/disorders/Hantavirus_Hemorrhagic_Fever_with_Renal_Syndrome.yaml,Hantavirus Hemorrhagic Fever with Renal Syndrome,94,118,83,27,53,107,211,296,8,56,19,0.94,34,0,0,1,0,0,0
325,kb/disorders/Brachyolmia.yaml,Brachyolmia,93,121,83,27,38,153,169,304,20,34,29,0.94,38,0,0,0,0,0,83
326,kb/disorders/Adult-Onset_Autosomal_Dominant_Demyelinating_Leukodystrophy.yaml,Adult-Onset Autosomal Dominant Demyelinating Leukodystrophy,89,126,122,27,73,180,271,507,6,73,43,0.93,4,0,0,0,0,0,122
327,kb/disorders/Multiple_Mitochondrial_Dysfunctions_Syndrome_9B.yaml,Multiple Mitochondrial Dysfunctions Syndrome 9B,122,125,79,27,72,45,150,243,7,38,34,0.93,46,0,0,0,0,0,0
328,kb/disorders/SOX11-Related_Neurodevelopmental_Disorder.yaml,SOX11-Related Neurodevelopmental Disorder,91,136,109,27,53,97,238,446,7,56,46,0.93,26,0,0,1,0,0,0
329,kb/disorders/Mucous_Membrane_Pemphigoid.yaml,Mucous Membrane Pemphigoid,77,118,113,27,53,136,217,574,2,61,50,0.93,3,0,0,2,0,0,0
330,kb/disorders/ALG1-Congenital_Disorder_of_Glycosylation.yaml,ALG1-congenital disorder of glycosylation,65,79,79,27,60,43,177,286,2,46,31,0.9299999999999999,0,0,0,0,0,0,79
331,kb/disorders/Autoinflammation_Immune_Dysregulation_and_Eosinophilia.yaml,"Autoinflammation, immune dysregulation, and eosinophilia",71,95,93,27,64,108,227,330,7,59,27,0.92,0,0,0,0,2,0,93
332,kb/disorders/Chuvash_Polycythemia.yaml,Chuvash Polycythemia,83,116,86,27,48,86,162,296,4,62,20,0.92,28,0,0,0,2,0,86
333,kb/disorders/Chlorophacinone_Poisoning.yaml,Chlorophacinone Poisoning,75,114,107,27,57,112,272,317,9,71,27,0.91,5,0,0,0,2,0,107
334,kb/disorders/Dilated_Cardiomyopathy.yaml,Dilated Cardiomyopathy,118,158,128,27,36,405,262,565,6,55,67,0.91,29,0,0,0,1,0,128
335,kb/disorders/Brucellosis.yaml,Brucellosis,120,131,109,27,85,76,230,317,5,73,31,0.9,22,0,0,0,0,0,108
336,kb/disorders/Larsen-like_Syndrome_B3GAT3_Type.yaml,Larsen-like Syndrome B3GAT3 Type,105,140,106,27,65,69,263,389,6,68,32,0.88,34,0,0,0,0,0,0
337,kb/disorders/Blastic_Plasmacytoid_Dendritic_Cell_Neoplasm.yaml,Blastic Plasmacytoid Dendritic Cell Neoplasm,129,163,109,27,69,67,212,407,3,84,22,0.87,53,0,0,0,1,0,109
338,kb/disorders/Alexander_Disease.yaml,Alexander Disease,100,148,114,27,61,192,353,509,4,73,37,0.87,32,0,0,0,2,0,114
339,kb/disorders/Autosomal_Dominant_Cerebellar_Ataxia_Type_III.yaml,Autosomal Dominant Cerebellar Ataxia Type III,73,107,59,26,40,119,142,199,19,32,8,0.99,0,0,0,0,48,0,59
340,kb/disorders/Obesity_Due_to_MC4R_Pathway_Disruption.yaml,Obesity Due to MC4R Pathway Disruption,39,55,50,26,26,120,141,227,21,15,14,0.99,4,0,0,1,0,0,0
341,kb/disorders/Anauxetic_Dysplasia.yaml,Anauxetic dysplasia,90,112,83,26,46,107,152,333,9,48,26,0.98,27,0,0,0,2,0,83
342,kb/disorders/Autosomal_Dominant_Optic_Atrophy.yaml,Autosomal Dominant Optic Atrophy,73,116,90,26,44,218,253,395,8,57,25,0.98,26,0,0,0,0,0,90
343,kb/disorders/Dilated_Cardiomyopathy_1U.yaml,Dilated Cardiomyopathy 1U,48,68,51,26,29,214,133,126,20,24,7,0.98,14,0,0,0,3,0,51
344,kb/disorders/Autosomal_Recessive_Robinow_Syndrome.yaml,Autosomal Recessive Robinow Syndrome,187,218,161,26,110,91,271,812,2,66,93,0.97,56,0,0,1,0,0,5
345,kb/disorders/3-Methylcrotonyl-CoA_Carboxylase_Deficiency.yaml,3-Methylcrotonyl-CoA Carboxylase Deficiency,60,93,87,26,49,138,214,233,6,56,25,0.97,6,0,0,0,0,0,87
346,kb/disorders/Siderius_Type_X-Linked_Intellectual_Disability.yaml,Siderius Type X-Linked Intellectual Disability,87,150,113,26,50,82,332,397,5,74,34,0.96,35,0,0,2,0,0,0
347,kb/disorders/NGLY1-congenital_disorder_of_deglycosylation.yaml,NGLY1-congenital disorder of deglycosylation,73,97,81,26,48,114,191,299,0,47,34,0.96,16,0,0,0,0,0,0
348,kb/disorders/OPTN-related_Open_Angle_Glaucoma.yaml,OPTN-related Open Angle Glaucoma,71,109,98,26,48,181,300,387,7,60,31,0.96,8,0,0,3,0,0,0
349,kb/disorders/Auditory_Neuropathy.yaml,Auditory Neuropathy,68,88,79,26,47,106,157,327,6,44,29,0.96,9,0,0,0,0,0,79
350,kb/disorders/Bryant-Li-Bhoj_Neurodevelopmental_Syndrome_2.yaml,Bryant-Li-Bhoj Neurodevelopmental Syndrome 2,128,171,123,26,78,161,339,465,2,84,37,0.95,48,0,0,0,0,0,123
351,kb/disorders/Charcot-Marie-Tooth_Disease_Type_4D.yaml,Charcot-Marie-Tooth disease type 4D,107,159,128,26,72,114,367,430,6,75,47,0.95,31,0,0,0,0,0,128
352,kb/disorders/TFRC-Related_Combined_Immunodeficiency.yaml,TFRC-related Combined Immunodeficiency,65,91,88,26,60,113,267,327,3,60,25,0.95,2,0,0,1,0,0,0
353,kb/disorders/Neurodevelopmental_Disorder_with_Early-Onset_Parkinsonism_and_Behavioral_Abnormalities.yaml,Neurodevelopmental Disorder with Early-Onset Parkinsonism and Behavioral Abnormalities,104,145,99,26,57,145,282,269,14,63,22,0.95,46,0,0,0,0,0,0
354,kb/disorders/Splenic_Marginal_Zone_Lymphoma.yaml,Splenic Marginal Zone Lymphoma,55,88,78,26,43,140,233,165,6,55,17,0.95,10,0,0,0,0,0,0
355,kb/disorders/3-Hydroxy-3-Methylglutaryl-CoA_Synthase_Deficiency.yaml,3-Hydroxy-3-Methylglutaryl-CoA Synthase Deficiency,76,107,105,26,68,109,247,278,9,64,32,0.94,2,0,0,0,0,0,105
356,kb/disorders/Muscular_Dystrophy_Limb-girdle_Autosomal_Recessive_28.yaml,"Muscular Dystrophy, Limb-Girdle, Autosomal Recessive 28",76,109,86,26,51,106,229,268,15,55,16,0.93,23,0,0,0,0,0,0
357,kb/disorders/Centronuclear_Myopathy.yaml,Centronuclear Myopathy,76,93,63,26,34,94,161,273,11,32,20,0.92,30,0,0,0,0,0,63
358,kb/disorders/Acute_Respiratory_Distress_Syndrome.yaml,Acute Respiratory Distress Syndrome,84,91,79,26,63,66,203,308,4,52,23,0.91,11,0,0,0,1,0,79
359,kb/disorders/Autosomal_Recessive_Osteopetrosis_1.yaml,Autosomal Recessive Osteopetrosis 1,98,128,82,26,49,68,149,291,4,36,42,0.91,43,0,0,0,3,0,82
360,kb/disorders/Carnitine_Palmitoyltransferase_II_Deficiency.yaml,Carnitine Palmitoyltransferase II Deficiency,87,123,119,26,73,177,329,472,2,65,52,0.9,2,0,0,0,2,0,119
361,kb/disorders/Botulism.yaml,Botulism,116,125,123,26,92,78,274,389,3,83,37,0.88,1,0,0,0,1,0,123
362,kb/disorders/Aromatase_Deficiency.yaml,Aromatase Deficiency,78,106,104,26,59,86,269,565,0,37,67,0.68,0,0,0,0,2,0,104
363,kb/disorders/Autosomal_Dominant_Sensory_Ataxia_1.yaml,Autosomal Dominant Sensory Ataxia 1,79,118,91,25,48,251,269,310,11,58,22,1.0,27,0,0,0,0,0,91
364,kb/disorders/AGAT_Deficiency.yaml,AGAT Deficiency,72,95,95,25,57,52,175,435,4,36,55,0.99,0,0,0,0,0,0,95
365,kb/disorders/Bernard-Soulier_Syndrome.yaml,Bernard-Soulier Syndrome,92,123,87,25,51,94,245,278,4,61,22,0.99,36,0,0,0,0,0,87
366,kb/disorders/Bipolar_Disorder.yaml,Bipolar Disorder,67,116,87,25,32,276,180,178,25,52,10,0.99,28,0,0,0,1,0,87
367,kb/disorders/Hearing_Loss_Autosomal_Recessive_116.yaml,Hearing Loss Autosomal Recessive 116,46,91,78,25,29,277,262,255,8,55,15,0.98,13,0,0,0,0,0,0
368,kb/disorders/Intellectual_Disability_X-linked_Syndromic_33.yaml,"Intellectual Disability, X-linked, Syndromic 33",99,141,129,25,80,131,284,390,6,74,49,0.97,11,0,0,1,0,0,0
369,kb/disorders/Autosomal_Recessive_Progressive_External_Ophthalmoplegia_1.yaml,Autosomal Recessive Progressive External Ophthalmoplegia 1,97,134,98,25,56,139,223,344,6,66,26,0.97,36,0,0,0,0,0,93
370,kb/disorders/Congenital_Heart_Defects_and_Skeletal_Malformations_Syndrome.yaml,Congenital Heart Defects and Skeletal Malformations Syndrome,101,144,112,25,67,121,286,456,7,72,33,0.96,32,0,0,0,0,0,0
371,kb/disorders/Craniofacial_Microsomia.yaml,Craniofacial Microsomia,96,140,110,25,65,180,305,357,3,85,22,0.96,28,0,0,0,2,0,110
372,kb/disorders/Cone_Dystrophy.yaml,Cone Dystrophy,47,55,55,25,42,74,150,142,5,38,12,0.96,0,0,0,0,0,0,55
373,kb/disorders/6q16_Deletion_Syndrome.yaml,6q16 Deletion Syndrome,103,135,133,25,96,72,274,392,11,81,41,0.95,2,0,0,0,0,0,133
374,kb/disorders/Nijmegen_Breakage_Syndrome-like_Disorder.yaml,Nijmegen Breakage Syndrome-like Disorder,110,156,115,25,59,116,310,415,6,72,37,0.95,41,0,0,0,0,0,0
375,kb/disorders/PLS3-Related_X-Linked_Osteoporosis.yaml,PLS3-Related X-Linked Osteoporosis,71,117,87,25,36,176,349,350,11,56,20,0.95,28,0,0,2,0,0,0
376,kb/disorders/GPD1_Deficiency.yaml,GPD1 Deficiency,64,114,102,25,49,99,250,351,8,69,25,0.94,12,0,0,0,0,0,100
377,kb/disorders/Ectopic_Pregnancy.yaml,Ectopic Pregnancy,68,78,64,25,43,96,144,246,3,40,21,0.93,14,0,0,0,0,0,64
378,kb/disorders/Chromosome_Xq_Duplication.yaml,Chromosome Xq Duplication,115,137,102,25,70,64,207,411,5,60,37,0.92,35,0,0,0,0,0,102
379,kb/disorders/Heritable_Pulmonary_Arterial_Hypertension.yaml,Heritable Pulmonary Arterial Hypertension,86,110,85,25,57,269,298,362,2,62,21,0.92,24,0,0,1,0,0,0
380,kb/disorders/Combined_Oxidative_Phosphorylation_Defect_Type_21.yaml,Combined Oxidative Phosphorylation Defect Type 21,64,104,100,25,56,135,285,300,4,79,17,0.92,4,0,0,0,0,0,100
381,kb/disorders/Autosomal_Dominant_Nonsyndromic_Hearing_Loss_68.yaml,Autosomal Dominant Nonsyndromic Hearing Loss 68,69,117,94,25,42,171,345,331,12,64,18,0.89,23,0,0,0,0,0,93
382,kb/disorders/Rocky_Mountain_Spotted_Fever.yaml,Rocky Mountain spotted fever,111,154,122,25,68,99,241,435,3,93,26,0.88,31,0,0,1,0,0,0
383,kb/disorders/Anti-NMDA_Receptor_Encephalitis.yaml,Anti-NMDA Receptor Encephalitis,79,99,94,25,69,75,248,261,1,67,26,0.84,5,0,0,0,0,0,94
384,kb/disorders/Berardinelli_Seip_Congenital_Lipodystrophy.yaml,Berardinelli-Seip Congenital Lipodystrophy,96,125,71,25,48,63,222,234,7,36,28,0.84,0,0,0,0,54,0,71
385,kb/disorders/Inclusion_Body_Myopathy_with_Paget_Disease_of_Bone_and_Frontotemporal_Dementia.yaml,Inclusion body myopathy with Paget disease of bone and frontotemporal dementia,94,121,85,25,52,75,175,404,4,30,51,0.79,36,0,0,0,0,0,0
386,kb/disorders/Dilated_Cardiomyopathy_1R.yaml,Dilated Cardiomyopathy 1R,53,87,69,24,32,199,210,242,5,43,21,1.0,17,0,0,0,1,0,69
387,kb/disorders/Autosomal_Dominant_Robinow_Syndrome_3.yaml,Autosomal Dominant Robinow Syndrome 3,169,195,122,24,87,40,245,439,7,69,46,0.98,73,0,0,0,0,0,121
388,kb/disorders/Aortitis.yaml,Aortitis,75,97,78,24,43,87,193,281,7,40,31,0.98,14,0,0,0,5,0,78
389,kb/disorders/Achoo_Syndrome.yaml,Achoo Syndrome,35,49,48,24,33,96,72,95,17,20,11,0.98,0,0,0,1,0,0,48
390,kb/disorders/ALK_Rearranged_NSCLC.yaml,ALK-Rearranged Non-Small Cell Lung Cancer,54,72,69,24,47,84,153,245,1,48,20,0.97,2,0,0,1,0,0,69
391,kb/disorders/CRB1_Retinal_Dystrophies.yaml,CRB1 Retinal Dystrophies,44,76,74,24,40,172,198,238,4,49,21,0.97,2,0,0,0,0,0,74
392,kb/disorders/Autosomal_Dominant_Polycystic_Kidney_Disease.yaml,Autosomal Dominant Polycystic Kidney Disease,84,100,73,24,50,50,119,335,2,24,47,0.96,26,0,0,0,1,0,73
393,kb/disorders/Benign_Familial_Infantile_Epilepsy.yaml,Benign Familial Infantile Epilepsy,66,87,72,24,44,252,227,281,11,44,17,0.96,15,0,0,0,0,0,71
394,kb/disorders/Spinocerebellar_Ataxia_27B.yaml,Spinocerebellar ataxia 27B,61,98,83,24,40,255,239,312,10,55,18,0.95,14,0,0,1,0,0,0
395,kb/disorders/Apert_Syndrome.yaml,Apert Syndrome,104,124,112,24,82,53,239,378,1,76,35,0.94,2,0,0,0,10,0,112
396,kb/disorders/Arboleda-Tham_Syndrome.yaml,Arboleda-Tham Syndrome,111,130,124,24,103,85,336,434,1,77,46,0.93,6,0,0,0,0,0,123
397,kb/disorders/Congenital_Fibrosis_of_the_Extraocular_Muscles.yaml,Congenital Fibrosis of the Extraocular Muscles,89,113,108,24,66,101,308,445,6,60,42,0.93,5,0,0,0,0,0,108
398,kb/disorders/CTNNB1_Neurodevelopmental_Disorder.yaml,CTNNB1 Neurodevelopmental Disorder,74,116,91,24,48,81,259,386,2,65,24,0.93,25,0,0,0,0,0,91
399,kb/disorders/Digitalis_Poisoning.yaml,Digitalis Poisoning,89,104,56,24,34,111,107,194,9,27,20,0.93,47,0,0,0,1,0,56
400,kb/disorders/Amyloidosis.yaml,Amyloidosis,76,85,81,24,61,75,160,333,1,55,25,0.92,4,0,0,0,0,0,81
401,kb/disorders/Hereditary_Hyperferritinemia_With_Congenital_Cataracts.yaml,Hereditary Hyperferritinemia with Congenital Cataracts,57,107,98,24,41,144,266,374,8,56,34,0.92,9,0,0,0,0,0,0
402,kb/disorders/ARHGDIA-Related_Steroid-Resistant_Nephrotic_Syndrome.yaml,ARHGDIA-Related Steroid-Resistant Nephrotic Syndrome,93,133,108,24,64,80,225,421,4,68,36,0.91,24,0,0,1,0,0,30
403,kb/disorders/Alstrom_Syndrome.yaml,Alstrom Syndrome,69,84,83,24,57,62,164,365,2,44,37,0.9,1,0,0,0,0,0,83
404,kb/disorders/Autosomal_Dominant_Nonsyndromic_Hearing_Loss_12.yaml,Autosomal Dominant Nonsyndromic Hearing Loss 12,51,84,78,24,39,100,199,235,9,57,12,0.89,5,0,0,0,1,0,78
405,kb/disorders/XFE_Progeroid_Syndrome.yaml,XFE Progeroid Syndrome,53,72,57,24,33,114,177,152,13,35,9,0.89,15,0,0,0,0,0,0
406,kb/disorders/Canavan_Disease.yaml,Canavan disease,80,104,76,24,47,60,192,265,2,44,30,0.88,28,0,0,0,0,0,76
407,kb/disorders/Alsahan-Harris_Syndrome.yaml,Alsahan-Harris Syndrome,47,65,54,24,27,83,129,191,20,28,6,0.88,10,0,0,0,1,0,54
408,kb/disorders/Amatoxin_Poisoning.yaml,Amatoxin Poisoning,99,122,88,24,55,84,157,323,3,47,38,0.87,33,0,0,0,1,0,88
409,kb/disorders/Genetic_Developmental_and_Epileptic_Encephalopathy.yaml,Genetic Developmental and Epileptic Encephalopathy,57,70,67,24,49,42,153,202,2,49,16,0.86,3,0,0,0,0,0,0
410,kb/disorders/Congenital_Bilateral_Absence_of_Vas_Deferens.yaml,Congenital Bilateral Absence of Vas Deferens,54,79,67,24,33,84,160,288,6,43,18,0.84,12,0,0,0,0,0,0
411,kb/disorders/Congenital_Disorder_Of_Glycosylation_Type_ICC.yaml,"Congenital Disorder of Glycosylation, Type ICC",47,57,46,23,21,70,56,202,14,12,20,1.0,10,0,0,0,1,0,46
412,kb/disorders/Dysostosis_Multiplex_Ain-Naz_Type.yaml,"Dysostosis Multiplex, Ain-Naz Type",69,84,59,23,42,96,179,141,10,37,12,0.99,25,0,0,0,0,0,58
413,kb/disorders/Citrullinemia_Type_I.yaml,Citrullinemia Type I,98,118,111,23,84,112,313,383,6,73,32,0.98,7,0,0,0,0,0,111
414,kb/disorders/ARX-Related_Lissencephaly_and_Interneuronopathy.yaml,X-Linked Lissencephaly With Abnormal Genitalia (ARX-Related),91,124,120,23,76,180,283,420,13,66,41,0.98,4,0,0,0,0,0,118
415,kb/disorders/3-Phosphoglycerate_Dehydrogenase_Deficiency.yaml,3-Phosphoglycerate Dehydrogenase Deficiency,89,110,106,23,72,114,294,421,2,66,38,0.98,4,0,0,0,0,0,106
416,kb/disorders/ReNU_Syndrome.yaml,ReNU Syndrome,88,122,120,23,83,75,282,374,7,64,49,0.97,1,0,0,1,0,0,0
417,kb/disorders/47_XYY_Syndrome.yaml,"47,XYY Syndrome",73,88,87,23,63,56,153,314,6,38,43,0.97,1,0,0,0,0,0,87
418,kb/disorders/Houge-Janssens_Syndrome.yaml,Houge-Janssens Syndrome,52,78,76,23,46,76,177,316,3,55,18,0.97,1,0,0,1,0,0,0
419,kb/disorders/Adenomyosis.yaml,Adenomyosis,63,85,66,23,45,126,174,256,2,50,14,0.97,17,0,0,1,1,0,66
420,kb/disorders/Avoidant_Restrictive_Food_Intake_Disorder.yaml,Avoidant Restrictive Food Intake Disorder,74,123,102,23,43,96,185,255,4,77,21,0.97,21,0,0,0,0,0,3
421,kb/disorders/Charcot-Marie-Tooth_Disease_Axonal_Type_2S.yaml,Charcot-Marie-Tooth Disease Axonal Type 2S,60,81,58,23,33,100,155,176,6,44,8,0.97,21,0,0,0,2,0,58
422,kb/disorders/Coffin_Siris_Syndrome.yaml,Coffin-Siris syndrome,101,177,107,23,55,172,323,358,1,81,25,0.96,13,0,0,0,57,0,107
423,kb/disorders/Bryant-Li-Bhoj_Neurodevelopmental_Syndrome_1.yaml,Bryant-Li-Bhoj Neurodevelopmental Syndrome 1,70,103,89,23,52,118,214,345,3,54,32,0.96,13,0,0,0,1,0,89
424,kb/disorders/UV-Sensitive_Syndrome.yaml,UV-Sensitive Syndrome,45,56,53,23,38,86,95,190,4,29,20,0.96,3,0,0,0,0,0,0
425,kb/disorders/Feingold_Syndrome.yaml,Feingold Syndrome,51,56,47,23,41,61,180,94,7,37,3,0.95,8,0,0,0,1,0,47
426,kb/disorders/Conduct_Disorder.yaml,Conduct Disorder,48,68,61,23,41,98,125,173,7,45,9,0.95,7,0,0,0,0,0,61
427,kb/disorders/Developmental_And_Epileptic_Encephalopathy_40.yaml,Developmental And Epileptic Encephalopathy 40,32,41,37,23,25,86,80,99,20,17,0,0.95,4,0,0,0,0,0,0
428,kb/disorders/Bosch-Boonstra-Schaaf_Optic_Atrophy_Syndrome.yaml,Bosch-Boonstra-Schaaf Optic Atrophy Syndrome,79,109,93,23,56,95,265,328,3,51,39,0.94,6,0,0,0,10,0,93
429,kb/disorders/Weaver_Syndrome.yaml,Weaver Syndrome,67,91,84,23,45,110,141,356,2,45,37,0.94,7,0,0,0,0,0,0
430,kb/disorders/Charcot-Marie-Tooth_Disease_Type_X.yaml,Charcot-Marie-Tooth Disease Type X,72,89,62,23,40,104,150,208,5,42,15,0.94,27,0,0,0,0,0,62
431,kb/disorders/Postpartum_Depression.yaml,Postpartum Depression,55,76,53,23,30,124,138,141,5,41,7,0.93,23,0,0,0,0,0,0
432,kb/disorders/Blau_Syndrome.yaml,Blau Syndrome,75,103,103,23,70,84,305,287,1,77,25,0.92,0,0,0,0,0,0,103
433,kb/disorders/Autosomal_Recessive_Spastic_Ataxia_9.yaml,Autosomal Recessive Spastic Ataxia 9,104,126,79,23,52,133,221,325,8,48,23,0.92,46,0,0,0,1,0,79
434,kb/disorders/CASQ2_CPVT.yaml,CASQ2 CPVT,76,110,76,23,41,90,256,309,2,61,13,0.92,34,0,0,0,0,0,75
435,kb/disorders/TUBB1-related_Macrothrombocytopenia.yaml,TUBB1-related Macrothrombocytopenia,39,52,46,23,31,103,90,147,8,28,10,0.92,5,0,0,1,0,0,0
436,kb/disorders/CARMIL2_Deficiency.yaml,CARMIL2 Deficiency,86,118,90,23,54,73,216,375,5,50,35,0.91,28,0,0,0,0,0,90
437,kb/disorders/Autosomal_Recessive_Cutis_Laxa_Type_2A.yaml,Autosomal Recessive Cutis Laxa Type 2A,62,96,82,23,44,120,264,330,7,52,23,0.91,14,0,0,0,0,0,82
438,kb/disorders/Cisplatin_Toxicity.yaml,Cisplatin Toxicity,67,89,67,23,41,59,175,198,2,55,10,0.9,22,0,0,0,0,0,67
439,kb/disorders/Anorexia_Nervosa.yaml,Anorexia Nervosa,87,94,93,23,71,66,214,351,3,54,36,0.89,1,0,0,0,0,0,93
440,kb/disorders/Congenital_Thrombotic_Thrombocytopenic_Purpura.yaml,Congenital Thrombotic Thrombocytopenic Purpura,57,82,79,23,50,72,168,191,0,59,20,0.89,3,0,0,0,0,0,79
441,kb/disorders/Cornelia_de_Lange_Syndrome_5.yaml,Cornelia de Lange Syndrome 5,74,85,60,23,45,47,115,233,6,32,22,0.89,25,0,0,0,0,0,60
442,kb/disorders/46_XX_Testicular_DSD.yaml,"46,XX testicular disorder of sex development",84,100,96,23,76,53,284,348,3,69,24,0.88,4,0,0,0,0,0,96
443,kb/disorders/Bile_Duct_Cyst.yaml,Bile Duct Cyst,43,50,50,23,41,59,124,129,4,37,9,0.88,0,0,0,0,0,0,50
444,kb/disorders/Alcoholic_Liver_Disease.yaml,Alcohol-Associated Liver Disease,86,109,80,22,52,2046,279,333,6,52,22,1.0,29,0,0,0,0,0,80
445,kb/disorders/Alpha_1_Antitrypsin_Deficiency.yaml,Alpha-1 Antitrypsin Deficiency,88,116,91,22,45,72,135,380,4,44,43,0.99,25,0,0,0,0,0,89
446,kb/disorders/GABRB3-Related_Developmental_and_Epileptic_Encephalopathy.yaml,GABRB3-Related Developmental and Epileptic Encephalopathy,60,88,88,22,58,70,236,352,5,65,18,0.98,0,0,0,0,0,0,88
447,kb/disorders/Spondyloepiphyseal_Dysplasia_Nishimura_Type.yaml,"Spondyloepiphyseal Dysplasia, Nishimura Type",92,125,83,22,50,106,241,343,8,52,23,0.98,41,0,0,1,0,0,0
448,kb/disorders/COVID-19.yaml,COVID-19,90,117,74,22,43,242,239,207,7,55,12,0.98,43,0,0,0,0,0,74
449,kb/disorders/Cardiomyopathy_Dilated_2J.yaml,Dilated Cardiomyopathy 2J,55,69,45,22,27,63,134,151,11,23,11,0.98,22,0,0,0,2,0,45
450,kb/disorders/Hashimotos_Thyroiditis.yaml,Hashimoto's Thyroiditis,89,114,90,22,56,111,315,303,3,62,25,0.97,24,0,0,0,0,0,1
451,kb/disorders/Axenfeld-Rieger_syndrome.yaml,Axenfeld-Rieger_syndrome,49,110,107,22,46,122,195,386,12,62,33,0.97,1,0,0,0,2,0,107
452,kb/disorders/Acrodysostosis.yaml,Acrodysostosis,70,87,86,22,66,63,240,362,5,50,31,0.96,1,0,0,0,0,0,85
453,kb/disorders/Byssinosis.yaml,Byssinosis,70,99,72,22,45,95,272,165,5,59,8,0.96,24,0,0,0,3,0,72
454,kb/disorders/Autosomal_Dominant_Nonsyndromic_Hearing_Loss_7.yaml,Autosomal Dominant Nonsyndromic Hearing Loss 7,39,81,72,22,25,211,162,214,15,42,15,0.96,7,0,0,0,2,0,72
455,kb/disorders/Dilated_Cardiomyopathy_1JJ.yaml,Dilated Cardiomyopathy 1JJ,61,87,74,22,47,175,240,196,12,54,8,0.95,11,0,0,0,2,0,74
456,kb/disorders/Acute_Annular_Outer_Retinopathy.yaml,Acute Annular Outer Retinopathy,51,70,70,22,46,55,143,237,2,49,19,0.95,0,0,0,0,0,0,70
457,kb/disorders/Congenital_Prothrombin_Deficiency.yaml,Congenital Prothrombin Deficiency,80,107,75,22,41,86,203,342,2,44,29,0.95,31,0,0,0,1,0,75
458,kb/disorders/Giant_Cell_Arteritis.yaml,Giant Cell Arteritis,50,59,53,22,41,40,95,205,1,24,28,0.95,6,0,0,0,0,0,0
459,kb/disorders/Beckwith-Wiedemann_Syndrome.yaml,Beckwith-Wiedemann Syndrome,55,60,56,22,48,55,135,178,3,39,14,0.94,4,0,0,0,0,0,56
460,kb/disorders/Amelogenesis_Imperfecta.yaml,Amelogenesis Imperfecta,68,97,82,22,47,179,231,368,7,50,25,0.94,15,0,0,0,0,0,13
461,kb/disorders/Chromosome_17q12_Deletion_Syndrome.yaml,Chromosome 17q12 Deletion Syndrome,73,94,69,22,39,79,157,226,8,43,18,0.94,25,0,0,0,0,0,69
462,kb/disorders/Holoprosencephaly_12_With_or_Without_Pancreatic_Agenesis.yaml,Holoprosencephaly 12 With or Without Pancreatic Agenesis,67,90,64,22,36,97,198,215,12,44,8,0.94,25,0,0,1,0,0,0
463,kb/disorders/12p12.1_Microdeletion_Syndrome.yaml,12p12.1 Microdeletion Syndrome,37,52,47,22,23,69,106,175,11,19,17,0.94,5,0,0,0,0,0,47
464,kb/disorders/Bloom_Syndrome.yaml,Bloom syndrome,108,136,119,22,82,46,270,419,2,74,43,0.93,12,0,0,0,5,0,119
465,kb/disorders/3-Methylglutaconic_Aciduria_Type_I.yaml,3-Methylglutaconic Aciduria Type I,60,89,79,22,44,76,207,259,7,49,23,0.93,10,0,0,0,0,0,79
466,kb/disorders/ACys_Amyloidosis.yaml,ACys Amyloidosis,55,71,71,22,44,59,167,238,8,40,23,0.93,0,0,0,0,0,0,71
467,kb/disorders/Acatalasia.yaml,Acatalasia,49,73,73,22,41,50,173,260,3,42,28,0.93,0,0,0,0,0,0,73
468,kb/disorders/Developmental_And_Epileptic_Encephalopathy_116.yaml,Developmental and Epileptic Encephalopathy 116,53,87,73,22,40,124,197,217,10,45,18,0.93,9,0,0,0,5,0,73
469,kb/disorders/Menke-Hennekam_Syndrome.yaml,Menke-Hennekam Syndrome,90,126,115,22,69,96,237,526,5,59,51,0.92,8,0,0,3,0,0,0
470,kb/disorders/Adult_Neuronal_Ceroid_Lipofuscinosis.yaml,Adult Neuronal Ceroid Lipofuscinosis,69,108,108,22,57,66,287,615,0,68,40,0.92,0,0,0,0,0,0,108
471,kb/disorders/Atelosteogenesis_Type_III.yaml,Atelosteogenesis Type III,55,76,74,22,52,49,179,202,1,43,30,0.92,1,0,0,0,1,0,74
472,kb/disorders/Clostridioides_difficile_Infection.yaml,Clostridioides difficile Infection,64,81,79,22,47,66,116,233,2,50,27,0.92,1,0,0,1,0,0,0
473,kb/disorders/Immunodeficiency_73B.yaml,Immunodeficiency 73B,56,68,63,22,49,80,145,205,8,33,22,0.91,4,0,0,1,0,0,0
474,kb/disorders/Acute_Lymphoblastic_Leukemia.yaml,Acute Lymphoblastic Leukemia,87,95,88,22,66,59,192,433,2,50,36,0.9,7,0,0,0,0,0,88
475,kb/disorders/Chromophobe_Renal_Cell_Carcinoma.yaml,Chromophobe Renal Cell Carcinoma,71,83,52,22,35,97,140,175,4,42,6,0.9,30,0,0,0,1,0,52
476,kb/disorders/RYR1-Related_Myopathy.yaml,RYR1-Related Myopathy,69,86,68,22,42,68,138,303,2,41,25,0.89,17,0,0,1,0,0,0
477,kb/disorders/ALG11-Congenital_Disorder_of_Glycosylation.yaml,ALG11-congenital disorder of glycosylation,94,139,130,22,79,86,261,457,4,71,55,0.87,9,0,0,0,0,0,130
478,kb/disorders/Primary_Myelofibrosis.yaml,Primary Myelofibrosis,63,79,58,22,41,37,105,268,0,26,32,0.85,21,0,0,0,0,0,0
479,kb/disorders/ALG12_Congenital_Disorder_of_Glycosylation.yaml,ALG12-congenital disorder of glycosylation,65,89,89,22,50,41,184,367,1,41,47,0.82,0,0,0,0,0,0,89
480,kb/disorders/Cortisone_Reductase_Deficiency.yaml,Cortisone Reductase Deficiency,59,81,80,22,56,48,189,311,0,34,46,0.75,0,0,0,1,0,0,0
481,kb/disorders/Budd-Chiari_Syndrome.yaml,Budd-Chiari Syndrome,61,71,70,22,42,44,118,255,0,29,41,0.72,1,0,0,0,0,0,70
482,kb/disorders/Acne_Vulgaris.yaml,Acne Vulgaris,57,72,69,21,44,53,156,244,2,48,19,0.99,0,0,0,0,3,0,69
483,kb/disorders/Autosomal_Recessive_Nonsyndromic_Hearing_Loss_98.yaml,Autosomal Recessive Nonsyndromic Hearing Loss 98,49,78,69,21,39,120,124,195,18,40,11,0.99,9,0,0,0,0,0,0
484,kb/disorders/Charcot-Marie-Tooth_Disease_Dominant_Intermediate_E.yaml,Charcot-Marie-Tooth Disease Dominant Intermediate E,52,84,64,21,30,132,189,176,15,41,8,0.99,20,0,0,0,0,0,64
485,kb/disorders/KDM6B-Related_Neurodevelopmental_Disorder.yaml,KDM6B-Related Neurodevelopmental Disorder,115,147,92,21,55,126,295,395,3,54,35,0.98,55,0,0,0,0,0,0
486,kb/disorders/Cone-rod_Dystrophy_And_Hearing_Loss_1.yaml,Cone-rod dystrophy and hearing loss 1,36,52,39,21,21,89,83,104,13,25,1,0.98,12,0,0,0,1,0,39
487,kb/disorders/Pancytopenia-Developmental_Delay_Syndrome.yaml,Pancytopenia-Developmental Delay Syndrome,67,78,64,21,51,66,148,200,6,36,22,0.97,14,0,0,0,0,0,0
488,kb/disorders/Alpha-gal_Syndrome.yaml,Alpha-gal Syndrome,58,84,79,21,48,97,175,234,4,51,24,0.97,4,0,0,0,1,0,79
489,kb/disorders/Chromosome_3q29_Microdeletion_Syndrome.yaml,Chromosome 3q29 Microdeletion Syndrome,62,101,88,21,47,80,239,325,2,68,18,0.97,13,0,0,0,0,0,88
490,kb/disorders/Acquired_Angioedema.yaml,Acquired Angioedema,56,72,72,21,41,43,123,272,5,35,32,0.97,0,0,0,0,0,0,72
491,kb/disorders/Immunodeficiency_98_With_Autoinflammation.yaml,Immunodeficiency 98 With Autoinflammation,50,96,86,21,38,129,163,265,14,56,16,0.97,10,0,0,0,0,0,0
492,kb/disorders/Adult_Granulosa_Cell_Tumor_of_Ovary.yaml,Adult Granulosa Cell Tumor of Ovary,48,67,56,21,36,62,126,161,5,43,8,0.95,11,0,0,0,0,0,56
493,kb/disorders/Combined_Oxidative_Phosphorylation_Defect_Type_7.yaml,Combined Oxidative Phosphorylation Defect Type 7,47,86,73,21,29,176,193,204,19,46,8,0.95,13,0,0,0,0,0,0
494,kb/disorders/Congenital_Heart_Defects_Multiple_Types_2.yaml,"Congenital Heart Defects, Multiple Types, 2",48,58,40,21,23,61,68,137,12,19,9,0.95,18,0,0,0,0,0,40
495,kb/disorders/Methylmalonyl-CoA_Epimerase_Deficiency.yaml,Methylmalonyl-CoA Epimerase Deficiency,61,86,83,21,53,91,237,279,4,58,21,0.94,1,0,0,2,0,0,0
496,kb/disorders/Isolated_Growth_Hormone_Deficiency.yaml,Isolated Growth Hormone Deficiency,65,78,56,21,38,73,136,273,3,35,18,0.94,22,0,0,0,0,0,0
497,kb/disorders/Familial_Atrial_Fibrillation.yaml,Familial Atrial Fibrillation,58,99,71,21,32,166,301,330,2,63,6,0.94,26,0,0,2,0,0,0
498,kb/disorders/Aneurysm-Osteoarthritis_Syndrome.yaml,Aneurysm-Osteoarthritis Syndrome,89,112,74,21,45,83,158,292,9,40,25,0.93,36,0,0,0,2,0,74
499,kb/disorders/Baller-Gerold_Syndrome.yaml,Baller-Gerold Syndrome,63,85,74,21,45,59,169,263,2,38,34,0.93,11,0,0,0,0,0,74
500,kb/disorders/Colchicine_Poisoning.yaml,Colchicine Poisoning,64,91,83,21,52,85,181,244,9,50,24,0.92,7,0,0,0,1,0,83
501,kb/disorders/Pericarditis.yaml,Pericarditis,99,115,54,21,37,94,128,184,7,42,5,0.92,61,0,0,0,0,0,0
502,kb/disorders/CHOPS_Syndrome.yaml,CHOPS Syndrome,143,191,141,21,86,125,343,608,8,66,67,0.91,50,0,0,0,0,0,141
503,kb/disorders/Immunodeficiency_57.yaml,Immunodeficiency 57,58,79,70,21,48,67,144,220,7,47,16,0.91,9,0,0,0,0,0,0
504,kb/disorders/Biliary_Renal_Neurologic_And_Skeletal_Syndrome.yaml,"Biliary, Renal, Neurologic, and Skeletal Syndrome",52,62,43,21,32,53,122,131,6,29,8,0.91,19,0,0,0,0,0,43
505,kb/disorders/Alport_Syndrome.yaml,Alport Syndrome,77,102,94,21,61,72,230,352,5,53,36,0.9,8,0,0,0,0,0,93
506,kb/disorders/COQ4-Related_Neonatal_Encephalomyopathy.yaml,COQ4-Related Neonatal Encephalomyopathy,85,138,111,21,56,85,264,379,5,68,38,0.9,27,0,0,0,0,0,109
507,kb/disorders/Acrocallosal_Syndrome.yaml,Acrocallosal Syndrome,59,84,83,21,52,75,220,335,2,55,26,0.9,1,0,0,0,0,0,83
508,kb/disorders/ALG9-congenital_disorder_of_glycosylation.yaml,ALG9-congenital disorder of glycosylation,70,86,86,21,66,28,176,347,1,34,51,0.85,0,0,0,0,0,0,86
509,kb/disorders/Central_Core_Myopathy.yaml,Central Core Myopathy,67,98,73,21,41,64,279,197,2,54,17,0.85,25,0,0,0,0,0,66
510,kb/disorders/Adult_Polyglucosan_Body_Disease.yaml,Adult Polyglucosan Body Disease,69,87,87,21,59,29,191,361,2,41,44,0.83,0,0,0,0,0,0,87
511,kb/disorders/Atypical_Teratoid_Rhabdoid_Tumor.yaml,Atypical Teratoid/Rhabdoid Tumor,64,74,71,21,54,31,131,239,1,40,30,0.83,3,0,0,0,0,0,71
512,kb/disorders/Anaplastic_Thyroid_Carcinoma.yaml,Anaplastic Thyroid Carcinoma,80,93,92,21,67,39,205,360,1,47,44,0.81,1,0,0,0,0,0,89
513,kb/disorders/Chorioamnionitis.yaml,Chorioamnionitis,105,129,80,21,48,73,177,286,5,54,21,0.81,46,0,0,0,3,0,80
514,kb/disorders/Diaphyseal_Medullary_Stenosis_With_Malignant_Fibrous_Histiocytoma.yaml,Diaphyseal Medullary Stenosis with Malignant Fibrous Histiocytoma,42,55,47,20,28,123,100,138,7,21,19,0.98,7,0,0,1,0,0,0
515,kb/disorders/Arterial_Dissection_Lentiginosis_Syndrome.yaml,Arterial Dissection-Lentiginosis Syndrome,31,35,35,20,28,49,84,71,6,22,7,0.98,0,0,0,0,0,0,35
516,kb/disorders/Immunodeficiency_62.yaml,Immunodeficiency 62,73,85,82,20,66,85,184,278,3,41,38,0.97,3,0,0,0,0,0,0
517,kb/disorders/Cocaine_Intoxication.yaml,Cocaine Intoxication,107,127,78,20,52,69,142,283,6,41,31,0.97,48,0,0,0,1,0,78
518,kb/disorders/Autosomal_Dominant_Nonsyndromic_Hearing_Loss_4B.yaml,Autosomal Dominant Nonsyndromic Hearing Loss 4B,41,69,53,20,21,116,141,174,11,39,3,0.97,15,0,0,0,1,0,53
519,kb/disorders/Chromosome_2q32-q33_Deletion_Syndrome.yaml,Chromosome 2q32-q33 Deletion Syndrome,78,87,60,20,45,51,142,208,11,31,18,0.96,27,0,0,0,0,0,60
520,kb/disorders/Brody_Myopathy.yaml,Brody Myopathy,64,72,50,20,38,77,107,140,5,32,13,0.96,22,0,0,0,0,0,50
521,kb/disorders/ARPC1B_Deficiency.yaml,ARPC1B Deficiency,53,80,70,20,38,86,143,234,4,39,27,0.96,10,0,0,0,0,0,70
522,kb/disorders/Spotted_Fever_Rickettsiosis.yaml,Spotted fever rickettsiosis,43,68,58,20,31,82,138,217,3,46,9,0.96,10,0,0,0,0,0,0
523,kb/disorders/Pick_Disease.yaml,Pick Disease,43,71,58,20,27,147,130,163,15,34,9,0.96,10,2,0,1,0,0,0
524,kb/disorders/Combined_Oxidative_Phosphorylation_Defect_Type_26.yaml,Combined Oxidative Phosphorylation Defect Type 26,62,86,68,20,45,103,160,222,3,43,22,0.95,16,0,0,0,2,0,68
525,kb/disorders/Neurodevelopmental_Disorder_with_Severe_Motor_Impairment_and_Absent_Language.yaml,Neurodevelopmental Disorder with Severe Motor Impairment and Absent Language,56,76,57,20,35,75,177,234,8,34,15,0.9400000000000001,18,0,0,1,0,0,0
526,kb/disorders/Biotin_Thiamine_Responsive_Basal_Ganglia_Disease.yaml,Biotin-Thiamine-Responsive Basal Ganglia Disease,66,108,108,20,58,135,262,426,0,51,57,0.94,0,0,0,0,0,0,108
527,kb/disorders/22q11.2_Deletion_Syndrome.yaml,22q11.2 Deletion Syndrome,70,92,78,20,50,59,199,262,4,51,23,0.94,14,0,0,0,0,0,78
528,kb/disorders/Cone-rod_Dystrophy_And_Hearing_Loss_2.yaml,Cone-rod dystrophy and hearing loss 2,52,77,71,20,43,66,210,214,7,46,18,0.94,5,0,0,0,1,0,71
529,kb/disorders/Acromesomelic_Dysplasia_PRKG2_Type.yaml,Acromesomelic Dysplasia PRKG2 Type,52,73,66,20,42,57,272,275,4,40,22,0.94,7,0,0,0,0,0,65
530,kb/disorders/Ataxia_With_Oculomotor_Apraxia_Type_1.yaml,Ataxia With Oculomotor Apraxia Type 1,52,70,60,20,36,77,96,228,1,30,29,0.94,10,0,0,0,0,0,60
531,kb/disorders/Cowden_Syndrome.yaml,Cowden Syndrome,86,131,60,20,34,79,136,218,7,42,11,0.94,7,0,0,0,64,0,60
532,kb/disorders/Coarctation_of_the_Aorta.yaml,Coarctation of the Aorta,73,99,64,20,32,90,183,201,4,45,15,0.93,35,0,0,0,0,0,0
533,kb/disorders/Combined_Oxidative_Phosphorylation_Defect_Type_13.yaml,Combined Oxidative Phosphorylation Defect Type 13,98,122,96,20,70,107,305,334,5,74,17,0.9299999999999999,25,0,0,0,1,0,96
534,kb/disorders/BEST1-Related_Dominant_Retinopathy.yaml,BEST1-Related Dominant Retinopathy,48,85,80,20,38,115,199,206,8,56,16,0.92,0,0,0,0,5,0,80
535,kb/disorders/Dilated_Cardiomyopathy_1GG.yaml,Dilated Cardiomyopathy 1GG,51,69,54,20,32,123,134,146,13,31,10,0.92,15,0,0,0,0,0,54
536,kb/disorders/Chronic_Mucocutaneous_Candidiasis.yaml,Chronic Mucocutaneous Candidiasis,133,166,41,20,27,92,162,231,4,29,8,0.91,47,0,0,0,78,0,41
537,kb/disorders/Fowler_Syndrome.yaml,Fowler Syndrome,76,95,82,20,57,118,206,277,8,48,26,0.9,10,0,0,0,3,0,82
538,kb/disorders/Fibrous_Dysplasia.yaml,Fibrous Dysplasia,102,121,79,20,54,67,157,297,5,28,46,0.89,42,0,0,0,0,0,0
539,kb/disorders/Craniometaphyseal_Dysplasia.yaml,Craniometaphyseal Dysplasia,105,142,109,20,50,53,251,473,0,62,47,0.88,32,0,0,0,1,0,109
540,kb/disorders/ACTH-independent_Macronodular_Adrenal_Hyperplasia_3.yaml,ACTH-Independent Macronodular Adrenal Hyperplasia 3,50,65,45,20,27,46,75,177,5,22,18,0.87,20,0,0,0,0,0,45
541,kb/disorders/Familial_Exudative_Vitreoretinopathy.yaml,Familial Exudative Vitreoretinopathy,84,96,70,20,54,74,181,308,3,34,33,0.86,26,0,0,0,0,0,0
542,kb/disorders/Cerebrocostomandibular_Syndrome.yaml,Cerebrocostomandibular Syndrome,76,88,78,20,56,72,206,251,2,47,29,0.85,10,0,0,0,0,0,78
543,kb/disorders/Inherited_Porphyria.yaml,Inherited Porphyria,97,123,95,20,49,132,186,553,0,45,50,0.85,26,0,0,2,0,0,0
544,kb/disorders/Hypopigmentation_Organomegaly_And_Delayed_Myelination_And_Development.yaml,"Hypopigmentation, Organomegaly, and Delayed Myelination and Development",70,87,67,20,44,79,133,216,8,30,29,0.85,20,0,0,0,0,0,0
545,kb/disorders/Aflatoxin_Related_HCC.yaml,Aflatoxin-Related Hepatocellular Carcinoma,57,62,62,20,52,34,115,225,2,37,23,0.83,0,0,0,0,0,0,62
546,kb/disorders/Cushing_Disease.yaml,Cushing Disease,55,81,65,20,39,72,194,249,1,47,17,0.83,15,0,0,0,1,0,65
547,kb/disorders/Familial_Thoracic_Aortic_Aneurysm_and_Aortic_Dissection.yaml,Familial Thoracic Aortic Aneurysm and Aortic Dissection,56,65,44,20,35,67,212,138,2,38,4,0.82,20,0,0,1,0,0,0
548,kb/disorders/ALDH18A1_Cutis_Laxa.yaml,ALDH18A1-Related Autosomal Dominant Cutis Laxa Type 3,55,72,69,20,48,26,139,233,0,37,32,0.81,0,0,0,3,0,0,69
549,kb/disorders/Autosomal_Dominant_Nonsyndromic_Hearing_Loss_2B.yaml,Autosomal Dominant Nonsyndromic Hearing Loss 2B,38,73,62,19,23,146,86,117,20,30,12,1.0,10,0,0,0,1,0,62
550,kb/disorders/Tuberculosis.yaml,Tuberculosis,81,151,93,19,31,176,194,323,8,62,23,0.99,23,0,0,6,29,0,0
551,kb/disorders/Jeavons_Syndrome.yaml,Jeavons Syndrome,33,56,55,19,25,111,97,169,17,21,17,0.99,1,0,0,0,0,0,0
552,kb/disorders/Autoimmune_Autonomic_Ganglionopathy.yaml,Autoimmune Autonomic Ganglionopathy,63,92,92,19,57,59,187,336,4,55,33,0.98,0,0,0,0,0,0,92
553,kb/disorders/Blepharophimosis-Impaired_Intellectual_Development_Syndrome.yaml,Blepharophimosis-Impaired Intellectual Development Syndrome,38,59,51,19,26,93,117,138,9,28,14,0.98,7,0,0,0,1,0,51
554,kb/disorders/Primary_Tonsillar_Lymphoma.yaml,Primary_Tonsillar_Lymphoma,51,83,57,19,24,139,100,117,16,33,8,0.98,26,0,0,0,0,0,0
555,kb/disorders/Arrhythmogenic_Right_Ventricular_Cardiomyopathy.yaml,arrhythmogenic right ventricular cardiomyopathy,109,133,106,19,66,352,200,465,4,46,56,0.97,24,0,0,0,3,0,106
556,kb/disorders/Bone_Marrow_Failure_Syndrome_4.yaml,Bone Marrow Failure Syndrome 4,93,134,107,19,61,48,246,377,2,72,33,0.96,27,0,0,0,0,0,107
557,kb/disorders/ADGRG1_Bilateral_Frontoparietal_Polymicrogyria.yaml,ADGRG1-related Bilateral Frontoparietal Polymicrogyria,75,109,99,19,57,190,328,434,11,54,34,0.96,10,0,0,0,0,0,99
558,kb/disorders/Acquired_Thrombotic_Thrombocytopenic_Purpura.yaml,Acquired Thrombotic Thrombocytopenic Purpura,78,97,88,19,52,115,145,277,4,55,29,0.96,8,0,0,1,0,0,88
559,kb/disorders/Developmental_And_Epileptic_Encephalopathy_80.yaml,Developmental And Epileptic Encephalopathy 80,48,62,60,19,41,64,118,202,11,28,21,0.96,1,0,0,0,1,0,60
560,kb/disorders/15q11q13_Microduplication_Syndrome.yaml,15q11q13 Microduplication Syndrome,83,118,87,19,48,98,200,279,5,63,19,0.95,31,0,0,0,0,0,87
561,kb/disorders/Cardiomyopathy-Hypotonia-Lactic_Acidosis_Syndrome.yaml,Cardiomyopathy-Hypotonia-Lactic Acidosis Syndrome,64,99,77,19,39,116,221,291,3,47,27,0.95,22,0,0,0,0,0,77
562,kb/disorders/Childhood_Occipital_Visual_Epilepsy.yaml,Childhood Occipital Visual Epilepsy,51,67,45,19,28,156,134,100,5,31,9,0.95,22,0,0,0,0,0,45
563,kb/disorders/Citrin_Deficiency.yaml,Citrin Deficiency,94,110,94,19,68,82,196,377,1,47,46,0.9400000000000001,16,0,0,0,0,0,92
564,kb/disorders/Hypomyelinating_Leukodystrophy_27.yaml,Hypomyelinating Leukodystrophy 27,47,59,43,19,27,92,108,119,17,21,5,0.94,16,0,0,0,0,0,0
565,kb/disorders/Congenital_Myelofibrosis_With_Anemia_Neutropenia_Developmental_Delay_And_Ocular_Abnormalities.yaml,"Congenital Myelofibrosis with Anemia, Neutropenia, Developmental Delay, and Ocular Abnormalities",50,63,43,19,21,69,98,150,11,20,12,0.94,20,0,0,0,0,0,43
566,kb/disorders/Familial_Digital_Arthropathy-Brachydactyly.yaml,Familial Digital Arthropathy-Brachydactyly,54,75,61,19,31,97,96,238,7,30,24,0.93,12,0,0,2,0,0,0
567,kb/disorders/Carbamoyl_Phosphate_Synthetase_I_Deficiency.yaml,Carbamoyl Phosphate Synthetase I Deficiency,83,99,88,19,63,65,245,327,2,52,34,0.92,11,0,0,0,0,0,88
568,kb/disorders/Developmental_And_Epileptic_Encephalopathy_50.yaml,Developmental and Epileptic Encephalopathy 50,56,81,75,19,46,103,199,272,7,50,18,0.92,6,0,0,0,0,0,75
569,kb/disorders/CHST3-Related_Skeletal_Dysplasia.yaml,CHST3-Related Skeletal Dysplasia,103,129,89,19,60,76,194,362,1,50,38,0.91,39,0,0,0,1,0,89
570,kb/disorders/Asbestosis.yaml,Asbestosis,76,89,67,19,48,86,197,229,2,41,24,0.91,22,0,0,0,0,0,66
571,kb/disorders/Contact_Dermatitis.yaml,Contact Dermatitis,82,101,96,19,64,62,198,342,3,54,39,0.9,3,0,0,0,2,0,96
572,kb/disorders/Meckel_Syndrome.yaml,Meckel Syndrome,61,107,106,19,51,67,184,529,4,40,62,0.9,1,0,0,0,0,0,0
573,kb/disorders/Atopic_Dermatitis.yaml,Atopic Dermatitis,90,113,71,19,43,213,229,225,1,52,18,0.9,41,0,0,0,1,0,71
574,kb/disorders/Black_Widow_Spider_Envenomation.yaml,Black Widow Spider Envenomation,65,91,70,19,36,88,138,211,4,41,25,0.9,21,0,0,0,0,0,70
575,kb/disorders/Neurodevelopmental_Disorder_with_Dysmorphic_Facies_and_Distal_Skeletal_Anomalies.yaml,Neurodevelopmental Disorder with Dysmorphic Facies and Distal Skeletal Anomalies,109,169,119,19,59,206,353,493,2,84,33,0.89,48,0,0,2,0,0,0
576,kb/disorders/Body_Dysmorphic_Disorder.yaml,Body Dysmorphic Disorder,49,56,56,19,39,44,130,171,1,38,17,0.89,0,0,0,0,0,0,56
577,kb/disorders/Borderline_Personality_Disorder.yaml,Borderline Personality Disorder,44,55,54,19,36,46,121,172,2,35,17,0.89,1,0,0,0,0,0,54
578,kb/disorders/TCF20-Associated_Neurodevelopmental_Disorder.yaml,TCF20-Associated Neurodevelopmental Disorder,49,66,59,19,42,71,172,168,2,41,16,0.88,7,0,0,0,0,0,0
579,kb/disorders/GM3_Synthase_Deficiency.yaml,GM3 synthase deficiency,65,97,93,19,58,53,272,294,0,57,36,0.87,4,0,0,0,0,0,0
580,kb/disorders/Diethylene_Glycol_Poisoning.yaml,Diethylene Glycol Poisoning,75,93,70,19,46,55,143,263,3,36,31,0.87,23,0,0,0,0,0,70
581,kb/disorders/AL_Amyloidosis.yaml,Systemic AL Amyloidosis,115,123,119,19,95,54,245,473,1,64,54,0.86,4,0,0,0,0,0,119
582,kb/disorders/Aneurysmal_Bone_Cyst.yaml,Aneurysmal Bone Cyst,48,62,61,19,42,64,115,201,9,35,17,0.86,0,0,0,0,1,0,61
583,kb/disorders/Ornithine_Carbamoyltransferase_Deficiency.yaml,Ornithine Carbamoyltransferase Deficiency,74,99,85,19,51,53,267,372,2,43,40,0.8200000000000001,12,0,0,2,0,0,0
584,kb/disorders/Binge_Eating_Disorder.yaml,Binge Eating Disorder,37,52,52,18,31,86,106,157,7,33,12,1.0,0,0,0,0,0,0,52
585,kb/disorders/Aconitine_Poisoning.yaml,Aconitine Poisoning,56,79,63,18,36,73,153,238,8,33,22,0.99,16,0,0,0,0,0,63
586,kb/disorders/Immunodeficiency_123_With_HPV-related_Verrucosis.yaml,Immunodeficiency 123 With HPV-related Verrucosis,46,57,45,18,30,83,85,154,12,22,11,0.99,12,0,0,0,0,0,0
587,kb/disorders/TUBA8-related_Polymicrogyria_with_Optic_Nerve_Hypoplasia.yaml,TUBA8-related Polymicrogyria with Optic Nerve Hypoplasia,43,64,50,18,26,154,66,180,9,12,29,0.99,14,0,0,0,0,0,0
588,kb/disorders/Addisons_Disease.yaml,Addison's Disease,49,108,77,18,24,96,150,230,16,37,24,0.99,20,0,0,0,11,0,77
589,kb/disorders/Arsenic_Related_Cancers.yaml,Arsenic-Related Cancers,56,61,54,18,45,47,165,108,9,42,3,0.98,7,0,0,0,0,0,54
590,kb/disorders/Alveolar_Soft_Part_Sarcoma.yaml,Alveolar Soft Part Sarcoma,52,66,64,18,37,32,167,220,2,32,30,0.97,2,0,0,0,0,0,64
591,kb/disorders/DENND5A-Related_Developmental_and_Epileptic_Encephalopathy.yaml,DENND5A-Related Developmental and Epileptic Encephalopathy,93,113,82,18,52,50,188,393,3,39,40,0.95,29,0,0,0,2,0,82
592,kb/disorders/TMEM199-CDG.yaml,TMEM199-CDG,63,71,62,18,49,63,129,205,5,37,20,0.95,9,0,0,0,0,0,0
593,kb/disorders/Craniofacial-Deafness-Hand_Syndrome.yaml,Craniofacial-Deafness-Hand Syndrome,59,84,68,18,42,111,204,211,8,43,17,0.95,16,0,0,0,0,0,68
594,kb/disorders/COQ2-Related_Primary_Coenzyme_Q10_Deficiency.yaml,COQ2-Related Primary Coenzyme Q10 Deficiency,77,94,61,18,41,80,137,230,0,43,18,0.95,33,0,0,0,0,0,61
595,kb/disorders/Ataxia-Telangiectasia-Like_Disorder_2.yaml,Ataxia-Telangiectasia-Like Disorder 2,45,64,62,18,36,80,116,186,12,24,26,0.95,2,0,0,0,0,0,62
596,kb/disorders/Blepharophimosis_Intellectual_Disability_Syndrome_MKB_Type.yaml,"Blepharophimosis-Intellectual Disability Syndrome, MKB Type",28,40,39,18,19,65,83,84,12,21,6,0.95,0,0,0,0,1,0,39
597,kb/disorders/Mendelian_Susceptibility_To_Mycobacterial_Diseases_Due_To_Complete_ISG15_Deficiency.yaml,Mendelian Susceptibility To Mycobacterial Diseases Due To Complete ISG15 Deficiency,62,95,80,18,43,68,238,261,6,52,22,0.94,15,0,0,0,0,0,0
598,kb/disorders/Chemotherapy_Induced_Diarrhea.yaml,Chemotherapy-Induced Diarrhea,76,93,58,18,35,79,204,207,5,32,21,0.93,34,0,0,1,0,0,0
599,kb/disorders/Brachyolmia-Amelogenesis_Imperfecta_Syndrome.yaml,Brachyolmia-Amelogenesis Imperfecta Syndrome,44,73,62,18,31,78,167,188,8,27,27,0.93,10,0,0,0,1,0,62
600,kb/disorders/Infantile-Onset_Multisystem_Neurologic_Endocrine_and_Pancreatic_Disease.yaml,"Infantile-Onset Multisystem Neurologic, Endocrine, and Pancreatic Disease",67,79,52,18,37,45,102,194,6,21,25,0.92,27,0,0,0,0,0,0
601,kb/disorders/Odontochondrodysplasia.yaml,Odontochondrodysplasia,57,71,52,18,37,69,130,166,5,24,23,0.92,18,0,0,1,0,0,0
602,kb/disorders/Chondrodysplasia_Blomstrand_Type.yaml,Chondrodysplasia Blomstrand Type,61,88,85,18,46,74,203,323,1,44,40,0.91,3,0,0,0,0,0,85
603,kb/disorders/Appendiceal_Neoplasm.yaml,Appendiceal Neoplasm,49,58,57,18,44,35,148,197,3,44,10,0.91,1,0,0,0,0,0,57
604,kb/disorders/Dihydropyrimidine_Dehydrogenase_Deficiency.yaml,Dihydropyrimidine Dehydrogenase Deficiency,62,69,42,18,33,66,81,108,6,25,11,0.91,27,0,0,0,0,0,42
605,kb/disorders/A20_Haploinsufficiency.yaml,A20 Haploinsufficiency,40,52,51,18,32,66,99,163,3,26,22,0.91,0,0,0,1,0,0,51
606,kb/disorders/FICUS_syndrome.yaml,FICUS syndrome,27,29,29,18,19,38,35,65,16,10,3,0.91,0,0,0,0,0,0,29
607,kb/disorders/Alagille_syndrome.yaml,Alagille syndrome,106,123,84,18,59,50,171,408,1,27,56,0.89,38,0,0,0,1,0,84
608,kb/disorders/Bohring-Opitz_syndrome.yaml,Bohring-Opitz syndrome,60,72,70,18,46,61,147,271,1,45,24,0.89,2,0,0,0,0,0,70
609,kb/disorders/Hereditary_Orotic_Aciduria.yaml,Hereditary Orotic Aciduria,58,77,76,18,43,81,162,263,1,31,44,0.89,1,0,0,0,0,0,0
610,kb/disorders/Chiari_Malformation_Type_I.yaml,Chiari Malformation Type I,55,65,44,18,28,40,67,189,3,22,19,0.89,21,0,0,0,0,0,44
611,kb/disorders/Atrial_Septal_Defect.yaml,Atrial Septal Defect,80,116,78,18,46,74,158,275,1,41,36,0.88,0,0,0,0,38,0,78
612,kb/disorders/Blue_Cone_Monochromacy.yaml,Blue Cone Monochromacy,47,85,73,18,33,74,206,282,4,51,18,0.88,11,0,0,0,1,0,73
613,kb/disorders/Activated_PI3K-delta_Syndrome.yaml,Activated PI3K-delta syndrome,77,99,97,18,60,78,198,471,1,53,43,0.87,1,0,0,0,1,0,97
614,kb/disorders/B-Lymphoblastic_Leukemia_Lymphoma_With_Recurrent_Genetic_Abnormality.yaml,B-Lymphoblastic Leukemia/Lymphoma With Recurrent Genetic Abnormality,60,64,58,18,47,36,128,250,4,34,20,0.83,6,0,0,0,0,0,57
615,kb/disorders/Combined_Oxidative_Phosphorylation_Deficiency_36.yaml,Combined Oxidative Phosphorylation Deficiency 36,72,87,61,18,45,42,197,246,2,46,13,0.81,24,0,0,0,2,0,61
616,kb/disorders/Cardiomyopathy_Dilated_2H.yaml,Cardiomyopathy Dilated 2H,54,61,43,18,36,64,124,112,5,34,4,0.8,18,0,0,0,0,0,43
617,kb/disorders/Neuropathy_Hereditary_Motor_And_Sensory_Type_VIc_With_Optic_Atrophy.yaml,Neuropathy Hereditary Motor And Sensory Type VIc With Optic Atrophy,52,83,70,17,36,152,225,251,10,41,19,0.98,13,0,0,0,0,0,0
618,kb/disorders/Anencephaly.yaml,Anencephaly,48,52,44,17,32,53,89,141,4,31,9,0.98,8,0,0,0,0,0,44
619,kb/disorders/Autosomal_Dominant_Nonsyndromic_Hearing_Loss_3A.yaml,Autosomal Dominant Nonsyndromic Hearing Loss 3A,48,69,53,17,31,69,155,180,7,38,8,0.98,16,0,0,0,0,0,53
620,kb/disorders/Charcot-Marie-Tooth_Disease_Axonal_Autosomal_Recessive_Type_2A2B.yaml,"Charcot-Marie-Tooth Disease, Axonal, Autosomal Recessive, Type 2A2B",58,83,57,17,30,52,152,175,7,41,9,0.98,26,0,0,0,0,0,0
621,kb/disorders/Boutonneuse_Fever.yaml,Boutonneuse fever,87,109,73,17,46,41,140,343,2,32,39,0.97,36,0,0,0,0,0,73
622,kb/disorders/Diffuse_Nonepidermolytic_Palmoplantar_Keratoderma.yaml,Diffuse Nonepidermolytic Palmoplantar Keratoderma,50,61,55,17,41,53,115,173,3,24,28,0.97,6,0,0,0,0,0,55
623,kb/disorders/Autosomal_Dominant_Nonsyndromic_Hearing_Loss_37.yaml,Autosomal Dominant Nonsyndromic Hearing Loss 37,33,57,50,17,23,81,103,150,11,32,7,0.97,7,0,0,0,0,0,50
624,kb/disorders/Nager_Acrofacial_Dysostosis.yaml,Nager Acrofacial Dysostosis,42,52,52,17,40,108,124,183,5,27,20,0.96,0,0,0,0,0,0,0
625,kb/disorders/Hereditary_Hemorrhagic_Telangiectasia.yaml,Hereditary Hemorrhagic Telangiectasia,68,97,77,17,38,115,168,342,5,47,25,0.96,19,0,0,1,0,0,0
626,kb/disorders/3-hydroxyacyl-CoA_Dehydrogenase_Deficiency.yaml,3-Hydroxyacyl-CoA Dehydrogenase Deficiency,66,76,46,17,28,65,92,216,11,21,14,0.96,30,0,0,0,0,0,46
627,kb/disorders/CAPN5-Related_Vitreoretinopathy.yaml,CAPN5-Related Vitreoretinopathy,44,64,49,17,27,136,195,170,4,40,5,0.96,15,0,0,0,0,0,49
628,kb/disorders/Hypoparathyroidism_Deafness_Renal_Disease_Syndrome.yaml,Hypoparathyroidism-Deafness-Renal Disease Syndrome,85,120,81,17,41,73,192,343,4,53,24,0.95,39,0,0,0,0,0,0
629,kb/disorders/Dilated_Cardiomyopathy_1FF.yaml,Dilated Cardiomyopathy 1FF,62,82,63,17,38,103,222,231,6,45,12,0.95,19,0,0,0,0,0,63
630,kb/disorders/Benign_Paroxysmal_Positional_Vertigo.yaml,Benign Paroxysmal Positional Vertigo,56,65,49,17,35,23,107,147,0,36,13,0.95,16,0,0,0,0,0,49
631,kb/disorders/Charcot-Marie-Tooth_Disease_Axonal_Type_2Z.yaml,Charcot-Marie-Tooth Disease Axonal Type 2Z,60,72,45,17,28,93,106,170,4,32,9,0.95,27,0,0,0,0,0,45
632,kb/disorders/Childhood_Absence_Epilepsy.yaml,Childhood Absence Epilepsy,45,56,37,17,25,67,96,93,8,22,7,0.95,18,0,0,0,1,0,37
633,kb/disorders/PMM2-Congenital_Disorder_of_Glycosylation.yaml,PMM2-Congenital Disorder of Glycosylation,84,96,71,17,58,57,162,243,2,43,26,0.94,24,0,0,1,0,0,0
634,kb/disorders/Galactosemia.yaml,Galactosemia,85,98,95,17,55,61,152,435,3,33,59,0.94,3,0,0,0,0,0,0
635,kb/disorders/Mitochondrial_Complex_I_Deficiency_Nuclear_Type_36.yaml,"Mitochondrial Complex I Deficiency, Nuclear Type 36",65,95,69,17,37,86,210,233,6,49,14,0.94,26,0,0,0,0,0,0
636,kb/disorders/Paraneoplastic_Pemphigus.yaml,Paraneoplastic Pemphigus,55,88,72,17,34,89,133,228,6,48,18,0.94,16,0,0,0,0,0,0
637,kb/disorders/Autosomal_Recessive_Nonsyndromic_Hearing_Loss_103.yaml,Autosomal Recessive Nonsyndromic Hearing Loss 103,41,74,68,17,31,209,209,242,4,46,18,0.94,6,0,0,0,0,0,68
638,kb/disorders/Atypical_Hemolytic_Uremic_Syndrome.yaml,Atypical Hemolytic Uremic Syndrome,87,140,47,17,27,62,148,115,5,35,7,0.94,27,0,0,0,66,0,47
639,kb/disorders/Autosomal_Dominant_Nonsyndromic_Hearing_Loss_17.yaml,Autosomal Dominant Nonsyndromic Hearing Loss 17,35,57,46,17,22,92,111,121,14,24,8,0.94,10,0,0,1,0,0,45
640,kb/disorders/Autosomal_Dominant_Aplasia_And_Myelodysplasia.yaml,Autosomal Dominant Aplasia and Myelodysplasia,33,45,34,17,17,57,66,103,5,20,9,0.94,11,0,0,0,0,0,34
641,kb/disorders/CHD2-Related_Developmental_and_Epileptic_Encephalopathy.yaml,CHD2-Related Developmental and Epileptic Encephalopathy,45,58,58,17,44,50,172,167,1,33,24,0.93,0,0,0,0,0,0,55
642,kb/disorders/Spondylometaphyseal_Dysplasia_Corner_Fracture_Type.yaml,Spondylometaphyseal Dysplasia Corner Fracture Type,67,82,61,17,43,68,172,195,5,42,14,0.93,20,0,0,1,0,0,0
643,kb/disorders/Autism_Spectrum_Disorder-Epilepsy-Arthrogryposis_Syndrome.yaml,Autism Spectrum Disorder-Epilepsy-Arthrogryposis Syndrome,72,81,52,17,40,65,100,162,11,24,17,0.93,28,0,0,0,1,0,52
644,kb/disorders/Exstrophy-Epispadias_Complex.yaml,Exstrophy-Epispadias Complex,32,53,50,17,19,56,84,200,6,20,24,0.93,3,0,0,0,0,0,0
645,kb/disorders/Autosomal_Recessive_Nonsyndromic_Hearing_Loss_115.yaml,Autosomal Recessive Nonsyndromic Hearing Loss 115,40,56,38,17,21,71,115,121,5,27,6,0.9299999999999999,17,0,0,0,1,0,38
646,kb/disorders/Neurosarcoidosis.yaml,Neurosarcoidosis,53,61,61,17,36,58,119,251,8,26,27,0.92,0,0,0,0,0,0,0
647,kb/disorders/ANK2_Ankyrin_B_Syndrome.yaml,"Cardiac Arrhythmia, Ankyrin-B-Related",67,78,75,17,51,38,116,343,1,33,41,0.91,3,0,0,0,0,0,73
648,kb/disorders/Lateral_Meningocele_Syndrome.yaml,Lateral Meningocele Syndrome,88,112,92,17,39,69,108,371,8,29,55,0.91,20,0,0,0,0,0,0
649,kb/disorders/Chronic_Lymphocytic_Inflammation_With_Pontine_Perivascular_Enhancement_Responsive_To_Steroids.yaml,Chronic Lymphocytic Inflammation With Pontine Perivascular Enhancement Responsive To Steroids,45,70,59,17,32,84,128,181,6,36,17,0.91,11,0,0,0,0,0,57
650,kb/disorders/Charcot-Marie-Tooth_Disease_Type_2B2.yaml,Charcot-Marie-Tooth Disease Type 2B2,59,72,45,17,29,72,112,138,7,28,10,0.91,25,0,0,0,2,0,45
651,kb/disorders/Combined_Pituitary_Hormone_Deficiencies_Genetic_Form.yaml,"Combined Pituitary Hormone Deficiencies, Genetic Form",80,111,105,17,65,90,257,476,1,55,49,0.9,6,0,0,0,0,0,105
652,kb/disorders/Attention_Deficit-Hyperactivity_Disorder.yaml,Attention Deficit-Hyperactivity Disorder,50,67,67,17,47,58,199,210,2,44,21,0.9,0,0,0,0,0,0,67
653,kb/disorders/Porphyria-Related_Leukoencephalopathy.yaml,Porphyria-Related Leukoencephalopathy,54,73,59,17,37,54,140,217,8,38,13,0.9,14,0,0,0,0,0,0
654,kb/disorders/Alpha_Thalassemia.yaml,Alpha Thalassemia,61,65,36,17,30,32,100,127,1,28,7,0.9,29,0,0,0,0,0,36
655,kb/disorders/Collagenous_Sprue.yaml,Collagenous Sprue,30,64,63,17,29,105,168,212,3,41,19,0.9,1,0,0,0,0,0,63
656,kb/disorders/UBA5-Related_Developmental_and_Epileptic_Encephalopathy.yaml,UBA5-Related Developmental and Epileptic Encephalopathy,73,92,72,17,51,75,159,322,2,38,32,0.89,20,0,0,0,0,0,0
657,kb/disorders/Kummell_Disease.yaml,Kummell Disease,43,58,44,17,29,73,129,82,4,38,2,0.89,13,0,0,1,0,0,0
658,kb/disorders/DECR_Deficiency.yaml,DECR Deficiency,59,69,43,17,31,59,71,199,6,15,22,0.88,25,0,0,0,1,0,43
659,kb/disorders/Behcets_Disease.yaml,Behcet's Disease,54,55,35,17,34,20,66,145,0,11,24,0.86,20,0,0,0,0,0,34
660,kb/disorders/Pelger-Huet_Anomaly.yaml,Pelger-Huet Anomaly,50,75,67,17,26,89,132,228,8,33,26,0.86,8,0,0,0,0,0,0
661,kb/disorders/Tetrahydrobiopterin_Deficiency.yaml,Tetrahydrobiopterin Deficiency,58,63,61,17,46,46,130,273,4,29,28,0.84,2,0,0,0,0,0,0
662,kb/disorders/Alopecia_Areata.yaml,Alopecia Areata,51,57,52,17,37,34,94,229,1,21,30,0.8200000000000001,4,0,0,0,1,0,52
663,kb/disorders/Adult_Refsum_Disease.yaml,Adult Refsum Disease,86,112,111,17,75,47,226,392,3,65,43,0.82,1,0,0,0,0,0,111
664,kb/disorders/Autoimmune_Encephalitis.yaml,Autoimmune Encephalitis,90,92,77,17,65,48,145,260,5,39,33,0.82,15,0,0,0,0,0,77
665,kb/disorders/Peripheral_T_Cell_Lymphoma.yaml,Peripheral T-Cell Lymphoma,61,70,55,17,27,32,82,254,1,20,34,0.81,14,0,0,1,0,0,0
666,kb/disorders/Achondrogenesis_Type_II.yaml,Achondrogenesis Type II,78,91,89,17,66,31,160,264,4,45,40,0.8099999999999999,1,0,0,0,1,0,89
667,kb/disorders/Craniopharyngioma.yaml,Craniopharyngioma,62,74,63,17,47,36,168,226,0,30,33,0.79,10,0,0,1,0,0,0
668,kb/disorders/Refeeding_Syndrome.yaml,Refeeding Syndrome,78,82,77,16,50,25,106,307,4,20,53,0.98,5,0,0,0,0,0,0
669,kb/disorders/Blount_Disease.yaml,Blount Disease,52,65,64,16,39,55,115,193,5,35,24,0.98,0,0,0,0,1,0,64
670,kb/disorders/Oppositional_Defiant_Disorder.yaml,Oppositional Defiant Disorder,42,53,46,16,29,49,98,155,4,29,13,0.98,7,0,0,0,0,0,0
671,kb/disorders/Deoxyhypusine_Synthase_Deficiency.yaml,Deoxyhypusine Synthase Deficiency,51,58,41,16,26,47,79,172,5,17,19,0.98,17,0,0,0,0,0,41
672,kb/disorders/Hearing_Loss_Autosomal_Dominant_72.yaml,Hearing Loss Autosomal Dominant 72,32,45,35,16,21,79,75,81,7,26,2,0.97,9,0,0,1,0,0,0
673,kb/disorders/CAMLG-CDG.yaml,CAMLG-CDG,92,104,66,16,49,37,163,250,3,39,24,0.96,38,0,0,0,0,0,0
674,kb/disorders/Fibrodysplasia_Ossificans_Progressiva.yaml,Fibrodysplasia Ossificans Progressiva,57,68,54,16,32,46,84,218,5,19,30,0.96,14,0,0,0,0,0,52
675,kb/disorders/Malignant_Sertoli-Leydig_Cell_Tumor_of_Ovary.yaml,Malignant Sertoli-Leydig Cell Tumor of Ovary,38,57,51,16,28,43,134,189,2,39,10,0.96,6,0,0,0,0,0,0
676,kb/disorders/CNS_Vasculitis.yaml,CNS Vasculitis,62,99,89,16,46,77,175,341,4,49,36,0.95,10,0,0,0,0,0,89
677,kb/disorders/Spermatogenic_Failure_43.yaml,Spermatogenic failure 43,41,71,58,16,26,144,209,173,12,38,8,0.95,12,0,0,1,0,0,0
678,kb/disorders/Congestive_Splenomegaly.yaml,Congestive Splenomegaly,29,39,34,16,21,69,88,80,6,27,1,0.95,5,0,0,0,0,0,0
679,kb/disorders/Carnitine-Acylcarnitine_Translocase_Deficiency.yaml,Carnitine-acylcarnitine Translocase Deficiency,88,107,106,16,69,92,255,422,3,52,51,0.9400000000000001,1,0,0,0,0,0,104
680,kb/disorders/Salla_Disease.yaml,Salla Disease,59,72,68,16,45,36,116,250,3,27,38,0.94,4,0,0,0,0,0,0
681,kb/disorders/Hereditary_Pheochromocytoma-Paraganglioma_Syndrome.yaml,Hereditary Pheochromocytoma-Paraganglioma Syndrome,43,60,47,16,26,59,135,188,1,25,21,0.94,12,0,0,1,0,0,0
682,kb/disorders/Nonimmune_Chronic_Idiopathic_Neutropenia_of_Adults.yaml,Nonimmune Chronic Idiopathic Neutropenia of Adults,31,47,42,16,23,59,117,110,7,29,6,0.94,5,0,0,0,0,0,0
683,kb/disorders/Diets-Jongmans_Syndrome.yaml,Diets-Jongmans Syndrome,69,100,84,16,46,143,187,332,6,44,34,0.93,16,0,0,0,0,0,0
684,kb/disorders/Charcot-Marie-Tooth_Disease_Dominant_Intermediate_G.yaml,Charcot-Marie-Tooth Disease Dominant Intermediate G,65,81,53,16,35,58,122,156,9,36,8,0.93,28,0,0,0,0,0,52
685,kb/disorders/Musculocontractural_Ehlers-Danlos_Syndrome.yaml,Musculocontractural Ehlers-Danlos Syndrome,83,112,104,16,69,72,232,476,2,47,55,0.92,6,0,0,2,0,0,0
686,kb/disorders/Atrial_Standstill.yaml,Atrial Standstill,66,87,62,16,40,70,191,226,2,44,16,0.92,22,0,0,0,3,0,62
687,kb/disorders/Action_Myoclonus-Renal_Failure_Syndrome.yaml,Action Myoclonus-Renal Failure Syndrome,55,76,56,16,33,76,124,203,4,35,17,0.92,20,0,0,0,0,0,56
688,kb/disorders/Brain_Arteriovenous_Malformation.yaml,Brain arteriovenous malformation,61,87,64,16,32,78,160,278,3,40,21,0.92,22,0,0,0,1,0,64
689,kb/disorders/Acquired_Immunodeficiency_Syndrome.yaml,Acquired Immunodeficiency Syndrome,52,64,57,16,28,36,69,219,5,22,30,0.92,0,0,0,4,3,0,57
690,kb/disorders/Mullegama-Klein-Martinez_Syndrome.yaml,Mullegama-Klein-Martinez Syndrome,49,59,58,16,44,37,130,158,9,29,20,0.91,1,0,0,0,0,0,0
691,kb/disorders/Hearing_Loss_Autosomal_Dominant_82.yaml,Hearing Loss Autosomal Dominant 82,35,66,56,16,23,145,159,140,16,33,7,0.91,9,0,0,1,0,0,0
692,kb/disorders/Primary_Bile_Acid_Malabsorption.yaml,Primary Bile Acid Malabsorption,55,69,44,16,20,54,79,171,4,23,17,0.91,25,0,0,0,0,0,0
693,kb/disorders/Autosomal_Recessive_Nonsyndromic_Hearing_Loss_26.yaml,Autosomal Recessive Nonsyndromic Hearing Loss 26,31,62,50,16,18,109,101,159,10,36,4,0.91,11,0,0,0,1,0,50
694,kb/disorders/Adult-Onset_Still_Disease.yaml,Adult-Onset Still Disease,56,61,61,16,50,55,135,222,1,27,33,0.9,0,0,0,0,0,0,61
695,kb/disorders/Familial_Progressive_Hyperpigmentation_With_Or_Without_Hypopigmentation.yaml,Familial Progressive Hyperpigmentation With Or Without Hypopigmentation,53,79,58,16,28,92,142,197,7,37,14,0.9,21,0,0,0,0,0,0
696,kb/disorders/Mucopolysaccharidosis.yaml,Mucopolysaccharidosis,50,76,65,16,36,156,172,241,4,37,24,0.89,11,0,0,0,0,0,0
697,kb/disorders/Myocardial_Infarction.yaml,Myocardial Infarction,104,122,53,16,29,131,227,305,0,33,20,0.89,65,0,0,4,0,0,0
698,kb/disorders/Brain_Small_Vessel_Disease_1_With_Or_Without_Ocular_Anomalies.yaml,Brain Small Vessel Disease 1 With Or Without Ocular Anomalies,55,72,71,16,47,38,149,216,9,43,19,0.88,1,0,0,0,0,0,71
699,kb/disorders/Barber-Say_Syndrome.yaml,Barber-Say Syndrome,129,186,60,16,43,26,128,253,0,34,26,0.87,20,0,0,0,106,0,60
700,kb/disorders/NELABA.yaml,Neonatal Severe Encephalopathy with Lactic Acidosis and Brain Abnormalities,61,74,56,16,40,56,191,223,4,35,17,0.87,15,0,0,3,0,0,0
701,kb/disorders/Adenoid_Cystic_Carcinoma.yaml,Adenoid Cystic Carcinoma,72,99,74,16,43,60,189,273,1,57,16,0.86,25,0,0,0,0,0,74
702,kb/disorders/Angiosarcoma.yaml,Angiosarcoma,57,82,76,16,43,67,198,355,3,47,26,0.86,6,0,0,0,0,0,76
703,kb/disorders/Filippi_Syndrome.yaml,Filippi Syndrome,65,81,59,16,41,83,165,263,4,31,24,0.86,20,0,0,2,0,0,0
704,kb/disorders/Aortic_Valve_Disease_2.yaml,Aortic Valve Disease 2,39,57,55,16,37,42,174,133,6,42,7,0.83,0,0,0,0,2,0,55
705,kb/disorders/Bartter_Syndrome.yaml,Bartter syndrome,94,102,68,16,49,44,201,329,1,37,30,0.78,33,0,0,0,1,0,68
706,kb/disorders/Deafness-Lymphedema-Leukemia_Syndrome.yaml,deafness-lymphedema-leukemia syndrome,52,60,49,16,28,33,72,175,8,18,23,0.76,11,0,0,0,0,0,49
707,kb/disorders/Autosomal_Recessive_Hypophosphatemic_Rickets_1.yaml,Autosomal Recessive Hypophosphatemic Rickets 1,110,201,99,15,49,85,286,349,5,65,29,0.99,12,0,0,4,86,0,14
708,kb/disorders/Chronic_Kidney_Disease.yaml,Chronic Kidney Disease,78,97,48,15,27,79,114,140,6,37,5,0.99,44,0,0,0,5,0,48
709,kb/disorders/Aminoacylase_1_Deficiency.yaml,Aminoacylase 1 Deficiency,59,77,71,15,46,54,160,229,3,42,26,0.98,5,0,0,0,1,0,71
710,kb/disorders/Autoimmune_Polyendocrine_Syndrome_Type_1.yaml,Autoimmune Polyendocrine Syndrome Type 1,71,91,62,15,41,72,153,197,2,46,14,0.98,29,0,0,0,0,0,61
711,kb/disorders/Lathyrism.yaml,Lathyrism,49,59,49,15,38,60,186,114,4,40,5,0.98,10,0,0,0,0,0,0
712,kb/disorders/Combined_Oxidative_Phosphorylation_Defect_Type_30.yaml,Combined Oxidative Phosphorylation Defect Type 30,41,55,52,15,37,55,124,129,12,34,6,0.98,3,0,0,0,0,0,52
713,kb/disorders/Autosomal_Recessive_Nonsyndromic_Hearing_Loss_104.yaml,Autosomal Recessive Nonsyndromic Hearing Loss 104,48,60,39,15,26,47,163,142,6,26,7,0.98,21,0,0,0,0,0,39
714,kb/disorders/Lane_Hamilton_Syndrome.yaml,Lane Hamilton Syndrome,24,32,24,15,8,94,33,28,15,8,1,0.98,0,8,0,0,0,0,0
715,kb/disorders/Craniodiaphyseal_Dysplasia.yaml,Craniodiaphyseal Dysplasia,81,94,61,15,40,32,112,271,4,22,35,0.97,33,0,0,0,0,0,61
716,kb/disorders/Brachydactyly_Type_A1.yaml,Brachydactyly Type A1,56,82,69,15,37,36,240,232,2,36,31,0.97,13,0,0,0,0,0,69
717,kb/disorders/Familial_Partial_Lipodystrophy.yaml,Familial Partial Lipodystrophy,69,87,53,15,31,60,139,297,2,37,14,0.97,33,0,0,1,0,0,0
718,kb/disorders/Classic_Hodgkin_Lymphoma.yaml,Classic Hodgkin Lymphoma,54,66,54,15,30,48,106,266,1,27,26,0.97,11,0,0,1,0,0,0
719,kb/disorders/Combined_Immunodeficiency_Due_To_GINS1_Deficiency.yaml,Combined Immunodeficiency Due To GINS1 Deficiency,67,79,55,15,38,78,129,226,6,29,20,0.96,22,0,0,0,2,0,55
720,kb/disorders/BBOX1-Related_Carnitine_Biosynthesis_Deficiency.yaml,BBOX1-Related Carnitine Biosynthesis Deficiency,64,82,59,15,37,100,161,223,4,39,16,0.96,21,0,0,0,2,0,59
721,kb/disorders/Down_syndrome.yaml,Down_syndrome,55,68,53,15,27,59,84,206,7,25,21,0.96,15,0,0,0,0,0,53
722,kb/disorders/Autosomal_Dominant_Nonsyndromic_Hearing_Loss_11.yaml,Autosomal Dominant Nonsyndromic Hearing Loss 11,32,62,56,15,26,100,142,127,7,38,11,0.96,6,0,0,0,0,0,56
723,kb/disorders/Primary_Carnitine_Deficiency.yaml,Primary Carnitine Deficiency,73,94,61,15,39,119,209,210,3,43,15,0.95,33,0,0,0,0,0,0
724,kb/disorders/Mabry_Syndrome.yaml,Mabry Syndrome,75,77,40,15,37,42,85,141,2,20,18,0.95,36,0,0,1,0,0,0
725,kb/disorders/Primary_Ciliary_Dyskinesia_9.yaml,Primary Ciliary Dyskinesia 9,52,65,48,15,33,71,147,165,6,31,11,0.95,17,0,0,0,0,0,0
726,kb/disorders/RP1-Related_Retinopathy.yaml,RP1-Related Retinopathy,27,37,32,15,20,64,108,92,5,21,6,0.95,5,0,0,0,0,0,0
727,kb/disorders/Melkersson_Rosenthal_syndrome.yaml,Melkersson-Rosenthal syndrome,27,38,38,15,27,84,111,55,7,29,2,0.9400000000000001,0,0,0,0,0,0,0
728,kb/disorders/CD25_Deficiency.yaml,CD25 Deficiency,97,122,96,15,60,52,199,397,1,49,46,0.94,26,0,0,0,0,0,96
729,kb/disorders/Autosomal_Recessive_Nonsyndromic_Hearing_Loss_79.yaml,Autosomal Recessive Nonsyndromic Hearing Loss 79,41,70,55,15,24,166,166,183,8,34,13,0.94,15,0,0,0,0,0,55
730,kb/disorders/Hearing_Loss_Autosomal_Dominant_83.yaml,Hearing Loss Autosomal Dominant 83,44,57,37,15,22,67,113,136,4,24,9,0.94,20,0,0,0,0,0,0
731,kb/disorders/CHARGE_Syndrome.yaml,CHARGE syndrome,81,124,106,15,53,55,198,406,3,67,36,0.93,4,0,0,0,14,0,106
732,kb/disorders/CADASIL_Type_1.yaml,CADASIL Type 1,51,71,71,15,50,70,227,231,2,53,16,0.93,0,0,0,0,0,0,71
733,kb/disorders/PAX1-Related_Otofaciocervical_Syndrome.yaml,PAX1-Related Otofaciocervical Syndrome,52,71,66,15,45,81,143,237,10,35,21,0.93,4,0,0,1,0,0,0
734,kb/disorders/ACAD9_Deficiency.yaml,ACAD9 Deficiency,46,70,69,15,42,70,185,233,3,44,22,0.93,1,0,0,0,0,0,69
735,kb/disorders/Alternating_Hemiplegia_of_Childhood.yaml,Alternating Hemiplegia of Childhood,46,64,46,15,29,60,125,151,6,27,13,0.93,15,0,0,0,3,0,46
736,kb/disorders/5-Oxoprolinase_Deficiency.yaml,5-Oxoprolinase Deficiency,38,67,61,15,29,126,139,192,6,37,18,0.93,6,0,0,0,0,0,61
737,kb/disorders/Klinefelter_Syndrome.yaml,Klinefelter Syndrome,58,93,72,15,36,46,130,201,4,40,28,0.92,21,0,0,0,0,0,0
738,kb/disorders/NEUROD2-Related_Developmental_and_Epileptic_Encephalopathy.yaml,NEUROD2-Related Developmental and Epileptic Encephalopathy,52,66,50,15,33,50,104,209,5,32,13,0.92,16,0,0,0,0,0,0
739,kb/disorders/Carboxypeptidase_N_Deficiency.yaml,Carboxypeptidase N Deficiency,47,58,47,15,30,30,129,174,1,30,16,0.92,11,0,0,0,0,0,47
740,kb/disorders/Autosomal_Dominant_Hyper-IgE_Syndrome.yaml,Autosomal Dominant Hyper-IgE Syndrome,59,68,53,15,36,24,129,228,1,33,19,0.91,15,0,0,0,0,0,53
741,kb/disorders/Mitochondrial_Complex_I_Deficiency_Nuclear_Type_11.yaml,"Mitochondrial Complex I Deficiency, Nuclear Type 11",71,84,51,15,35,52,93,200,6,26,19,0.91,33,0,0,0,0,0,0
742,kb/disorders/Adamantinoma.yaml,Adamantinoma,41,65,52,15,26,59,121,151,2,40,10,0.91,13,0,0,0,0,0,52
743,kb/disorders/Congenital_Adrenal_Hyperplasia.yaml,Congenital Adrenal Hyperplasia,63,93,70,15,37,109,237,326,6,43,21,0.9,23,0,0,0,0,0,70
744,kb/disorders/Carbon_Monoxide_Poisoning.yaml,Carbon Monoxide Poisoning,70,80,65,15,37,26,117,255,1,35,29,0.9,15,0,0,0,0,0,65
745,kb/disorders/Acromesomelic_Dysplasia_Grebe_Type.yaml,Acromesomelic Dysplasia Grebe Type,38,67,64,15,32,75,227,215,1,43,20,0.89,3,0,0,0,0,0,64
746,kb/disorders/Anal_Canal_Carcinoma.yaml,Anal Canal Carcinoma,46,50,40,15,31,40,109,120,5,26,9,0.88,10,0,0,0,0,0,40
747,kb/disorders/Sinonasal_Undifferentiated_Carcinoma.yaml,Sinonasal Undifferentiated Carcinoma,36,43,37,15,26,34,91,128,3,23,11,0.88,6,0,0,0,0,0,0
748,kb/disorders/COPA_Syndrome.yaml,COPA Syndrome,95,119,73,15,47,40,197,251,1,60,12,0.87,44,0,0,0,2,0,73
749,kb/disorders/Periodontitis.yaml,Periodontitis,57,72,50,15,33,105,194,179,3,36,11,0.87,22,0,0,0,0,0,0
750,kb/disorders/ATRX_Syndrome.yaml,ATR-X-Related Syndrome,65,86,84,15,56,50,179,331,2,32,50,0.86,0,0,0,0,2,0,84
751,kb/disorders/Mucopolysaccharidosis_type_X.yaml,Mucopolysaccharidosis type X,65,85,68,15,47,61,236,252,2,40,26,0.85,16,0,0,1,0,0,0
752,kb/disorders/Immunodeficiency_69.yaml,Immunodeficiency 69,63,74,46,15,34,71,119,157,3,36,7,0.84,28,0,0,0,0,0,0
753,kb/disorders/Frias_Syndrome.yaml,Frias syndrome,42,48,34,15,20,70,128,156,10,14,10,0.84,14,0,0,0,0,0,34
754,kb/disorders/Ludwigs_Angina.yaml,Ludwig's Angina,39,45,44,15,29,37,87,162,3,20,21,0.83,1,0,0,0,0,0,0
755,kb/disorders/Anti-GBM_Disease.yaml,Anti-Glomerular Basement Membrane Disease,61,75,72,15,52,37,164,239,0,44,28,0.82,3,0,0,0,0,0,69
756,kb/disorders/CYFIP2-Related_Developmental_and_Epileptic_Encephalopathy.yaml,CYFIP2-Related Developmental and Epileptic Encephalopathy,50,63,46,15,29,28,115,166,0,32,14,0.82,17,0,0,0,0,0,46
757,kb/disorders/ALG6-Congenital_Disorder_of_Glycosylation.yaml,ALG6-congenital disorder of glycosylation,55,78,72,14,43,46,144,258,6,40,26,1.0,6,0,0,0,0,0,72
758,kb/disorders/Behr_Syndrome.yaml,Behr Syndrome,72,80,51,14,41,52,125,142,8,26,17,0.98,29,0,0,0,0,0,50
759,kb/disorders/CNGB1-Related_Retinopathy.yaml,CNGB1-Related Retinopathy,51,61,49,14,36,53,151,187,0,39,10,0.98,12,0,0,0,0,0,49
760,kb/disorders/Congenital_Primary_Megaureter.yaml,Congenital Primary Megaureter,43,51,41,14,30,39,126,110,4,32,5,0.98,9,0,0,1,0,0,0
761,kb/disorders/Chronic_Myeloid_Leukemia.yaml,"Chronic Myeloid Leukemia, BCR-ABL1 Positive",62,72,37,14,26,87,104,156,1,28,8,0.98,28,0,0,0,7,0,37
762,kb/disorders/Isolated_Glycerol_Kinase_Deficiency.yaml,Isolated Glycerol Kinase Deficiency,49,67,60,14,39,72,169,188,4,39,17,0.97,7,0,0,0,0,0,0
763,kb/disorders/Central_Nervous_System_Germ_Cell_Tumor.yaml,Central Nervous System Germ Cell Tumor,82,125,84,14,36,375,219,255,8,59,17,0.96,41,0,0,0,0,0,83
764,kb/disorders/Parathyroid_Hyperplasia.yaml,Parathyroid Hyperplasia,39,39,38,14,33,41,80,99,6,24,8,0.96,1,0,0,0,0,0,0
765,kb/disorders/3-Hydroxyisobutyryl-CoA_Hydrolase_Deficiency.yaml,3-hydroxyisobutyryl-CoA hydrolase deficiency,85,109,93,14,65,52,237,376,4,51,38,0.95,16,0,0,0,0,0,93
766,kb/disorders/COFS_Syndrome.yaml,COFS Syndrome,55,75,75,14,50,39,177,254,3,42,30,0.95,0,0,0,0,0,0,74
767,kb/disorders/Cardiac_Facial_And_Digital_Anomalies_With_Developmental_Delay.yaml,"Cardiac, Facial, and Digital Anomalies with Developmental Delay",51,71,55,14,30,114,103,172,9,25,21,0.95,15,0,0,0,1,0,55
768,kb/disorders/Mal_De_Debarquement.yaml,Mal De Debarquement,45,58,48,14,28,42,72,130,2,29,17,0.95,10,0,0,0,0,0,0
769,kb/disorders/Arsenic_Poisoning.yaml,Arsenic Poisoning,62,71,70,14,46,32,118,323,1,27,42,0.94,0,0,0,0,1,0,70
770,kb/disorders/Combined_Oxidative_Phosphorylation_Defect_Type_23.yaml,Combined Oxidative Phosphorylation Defect Type 23,69,98,66,14,33,92,174,272,3,49,14,0.94,30,0,0,2,0,0,0
771,kb/disorders/Acute_Alcohol_Sensitivity.yaml,Acute Alcohol Sensitivity,40,68,61,14,31,71,114,169,15,34,12,0.94,7,0,0,0,0,0,61
772,kb/disorders/Chondrosarcoma.yaml,Chondrosarcoma,55,69,54,14,30,75,151,294,2,32,20,0.94,15,0,0,0,0,0,54
773,kb/disorders/Chronic_Beryllium_Disease.yaml,Chronic Beryllium Disease,49,62,36,14,22,54,148,105,2,29,5,0.94,26,0,0,0,0,0,36
774,kb/disorders/E-Cigarette_or_Vaping_Product_Use-Associated_Lung_Injury.yaml,E-Cigarette or Vaping Product Use-Associated Lung Injury,46,57,44,14,30,65,94,124,2,24,18,0.93,13,0,0,0,0,0,44
775,kb/disorders/Metaphyseal_Anadysplasia.yaml,Metaphyseal anadysplasia,36,46,44,14,29,25,88,162,3,26,15,0.93,2,0,0,0,0,0,0
776,kb/disorders/Midface_Hypoplasia_Hearing_Impairment_Elliptocytosis_And_Nephrocalcinosis.yaml,"Midface Hypoplasia, Hearing Impairment, Elliptocytosis, and Nephrocalcinosis",45,75,54,14,23,56,139,217,4,25,25,0.93,19,0,0,2,0,0,0
777,kb/disorders/Glycogen_Storage_Disease_Due_To_Aldolase_A_Deficiency.yaml,Glycogen Storage Disease Due To Aldolase A Deficiency,55,68,62,14,44,55,143,212,2,38,22,0.92,6,0,0,0,0,0,0
778,kb/disorders/Ameloblastoma.yaml,Ameloblastoma,54,64,64,14,37,37,130,261,1,34,29,0.92,0,0,0,0,0,0,64
779,kb/disorders/TRAF3_Haploinsufficiency.yaml,TRAF3 Haploinsufficiency,53,72,56,14,34,59,151,229,5,39,12,0.92,16,0,0,0,0,0,0
780,kb/disorders/EVEN-PLUS_Syndrome.yaml,EVEN-PLUS Syndrome,39,66,58,14,30,62,197,165,3,43,12,0.92,8,0,0,0,0,0,58
781,kb/disorders/Multiple_Myeloma.yaml,Multiple Myeloma,52,56,35,14,26,71,94,134,1,23,11,0.92,20,0,0,1,0,0,0
782,kb/disorders/Specific_Antibody_Deficiency.yaml,Specific Antibody Deficiency,39,61,55,14,25,143,118,251,4,29,22,0.92,6,0,0,0,0,0,0
783,kb/disorders/Gestational_Diabetes_Mellitus.yaml,Gestational Diabetes Mellitus,40,47,34,14,24,42,69,132,3,18,13,0.92,12,0,0,1,0,0,0
784,kb/disorders/Autosomal_Dominant_Charcot-Marie-Tooth_Disease_Type_2W.yaml,Autosomal dominant Charcot-Marie-Tooth disease type 2W,39,55,43,14,21,60,120,156,5,25,13,0.92,12,0,0,0,0,0,42
785,kb/disorders/16p11.2_Deletion_Syndrome.yaml,16p11.2 Deletion Syndrome,85,101,90,14,54,48,121,369,1,34,55,0.91,11,0,0,0,0,0,90
786,kb/disorders/Cornelia_de_Lange_Syndrome.yaml,Cornelia de Lange syndrome,98,121,77,14,51,83,191,299,1,33,43,0.91,42,0,0,0,2,0,77
787,kb/disorders/Congenital_Disorder_of_Glycosylation_Type_IIw.yaml,"Congenital Disorder of Glycosylation, Type IIw",56,77,60,14,36,55,118,214,7,28,25,0.91,17,0,0,0,0,0,60
788,kb/disorders/Cooks_Syndrome.yaml,Cooks Syndrome,27,44,38,14,20,95,133,103,6,28,4,0.91,6,0,0,0,0,0,38
789,kb/disorders/Glycogen_Storage_Disease_Type_0b.yaml,Glycogen Storage Disease Type 0b,47,71,69,14,39,57,150,260,1,39,29,0.9,2,0,0,0,0,0,0
790,kb/disorders/Caroli_Disease.yaml,Caroli disease,55,69,50,14,36,67,187,160,5,39,6,0.9,19,0,0,0,0,0,50
791,kb/disorders/MEGF8-Related_Carpenter_Syndrome.yaml,MEGF8-related Carpenter Syndrome,48,64,52,14,32,60,97,201,2,25,25,0.9,12,0,0,0,0,0,0
792,kb/disorders/Congenital_Myasthenic_Syndrome_7.yaml,Congenital Myasthenic Syndrome 7,51,74,53,14,27,47,138,245,6,36,11,0.9,20,0,0,0,1,0,53
793,kb/disorders/46_XY_DSD_Due_to_17_Beta_Hydroxysteroid_Dehydrogenase_3_Deficiency.yaml,"46,XY disorder of sex development due to 17-beta-hydroxysteroid dehydrogenase 3 deficiency",65,82,80,14,56,37,148,324,3,26,51,0.89,2,0,0,0,0,0,77
794,kb/disorders/Sanjad-Sakati_Syndrome.yaml,Sanjad-Sakati Syndrome,64,69,44,14,31,53,105,182,7,16,21,0.89,25,0,0,0,0,0,0
795,kb/disorders/Dystroglycanopathy.yaml,Dystroglycanopathy,99,111,61,14,47,112,221,268,2,37,22,0.88,48,0,0,2,0,0,0
796,kb/disorders/STAT6_Gain_of_Function_Disease.yaml,STAT6 Gain-of-Function Disease,56,73,67,14,44,36,177,249,3,43,21,0.88,6,0,0,0,0,0,0
797,kb/disorders/8p_Inverted_Duplication_Deletion_Syndrome.yaml,8p Inverted Duplication Deletion Syndrome,153,173,127,14,77,39,174,457,5,50,72,0.87,46,0,0,0,0,0,125
798,kb/disorders/Combined_Oxidative_Phosphorylation_Defect_Type_37.yaml,Combined Oxidative Phosphorylation Defect Type 37,49,69,55,14,33,74,156,224,3,42,10,0.87,14,0,0,0,0,0,55
799,kb/disorders/Charcot-Marie-Tooth_Disease_Dominant_Intermediate_B.yaml,Charcot-Marie-Tooth Disease Dominant Intermediate B,55,67,49,14,32,48,118,172,3,25,21,0.87,18,0,0,0,0,0,49
800,kb/disorders/Spondylo-megaepiphyseal-metaphyseal_Dysplasia.yaml,Spondylo-megaepiphyseal-metaphyseal Dysplasia,50,69,51,14,30,44,150,183,3,30,18,0.87,18,0,0,0,0,0,0
801,kb/disorders/Combined_Oxidative_Phosphorylation_Defect_Type_24.yaml,Combined Oxidative Phosphorylation Defect Type 24,63,73,40,14,27,67,113,141,6,23,11,0.87,32,0,0,0,1,0,40
802,kb/disorders/Beta-Ketothiolase_Deficiency.yaml,Beta-Ketothiolase Deficiency,93,119,106,14,74,68,267,433,3,51,52,0.85,12,0,0,0,1,0,106
803,kb/disorders/Familial_Hyperaldosteronism_Type_I.yaml,Familial hyperaldosteronism type I,49,67,49,14,26,50,95,193,3,16,30,0.84,18,0,0,0,0,0,0
804,kb/disorders/Rabson-Mendenhall_Syndrome.yaml,Rabson-Mendenhall Syndrome,84,94,76,14,59,33,157,271,1,44,31,0.83,18,0,0,0,0,0,0
805,kb/disorders/Developmental_Malformations-Deafness-Dystonia_Syndrome.yaml,Developmental Malformations-Deafness-Dystonia Syndrome,43,53,42,14,31,29,122,170,5,24,13,0.83,11,0,0,0,0,0,42
806,kb/disorders/IFNAR2_Deficiency.yaml,IFNAR2 Deficiency,54,61,58,14,48,21,108,211,0,38,20,0.82,2,0,0,1,0,0,0
807,kb/disorders/ANK2_Related_Complex_Neurodevelopmental_Disorder.yaml,ANK2-Related Complex Neurodevelopmental Disorder,56,66,65,14,43,23,121,284,1,30,34,0.82,1,0,0,0,0,0,65
808,kb/disorders/Humeroradial_Synostosis.yaml,Humeroradial Synostosis,35,46,40,14,23,34,119,133,5,20,15,0.82,5,0,0,1,0,0,0
809,kb/disorders/SCAD_Deficiency.yaml,Short-Chain Acyl-CoA Dehydrogenase Deficiency,44,50,45,14,30,53,92,172,0,26,19,0.81,5,0,0,0,0,0,0
810,kb/disorders/Aniridia.yaml,Aniridia,60,80,36,14,28,45,117,157,1,26,9,0.8,14,0,0,0,30,0,36
811,kb/disorders/Brachydactyly_Type_A2.yaml,Brachydactyly Type A2,45,63,51,14,32,57,272,201,1,38,12,0.79,12,0,0,0,0,0,51
812,kb/disorders/Neuromuscular_Disease_And_Ocular_Or_Auditory_Anomalies_With_Or_Without_Seizures.yaml,Neuromuscular Disease And Ocular Or Auditory Anomalies With Or Without Seizures,38,52,46,14,30,23,101,180,2,33,11,0.69,6,0,0,0,0,0,0
813,kb/disorders/Transient_Neonatal_Pustular_Melanosis.yaml,Transient Neonatal Pustular Melanosis,24,48,41,13,12,112,40,60,23,10,8,1.0,7,0,0,0,0,0,1
814,kb/disorders/Hypertrophic_Cardiomyopathy_21.yaml,Hypertrophic Cardiomyopathy 21,29,35,30,13,20,66,69,63,6,15,9,0.99,5,0,0,0,0,0,0
815,kb/disorders/Dilated_Cardiomyopathy_1EE.yaml,Dilated Cardiomyopathy 1EE,40,46,25,13,16,28,49,111,7,12,6,0.99,21,0,0,0,0,0,25
816,kb/disorders/COA5-Related_Fatal_Infantile_Cardioencephalomyopathy.yaml,COA5-Related Fatal Infantile Cardioencephalomyopathy,56,70,54,13,32,70,136,213,3,36,15,0.98,16,0,0,0,0,0,54
817,kb/disorders/Contractures_Pterygia_and_Spondylocarpotarsal_Fusion_Syndrome_1A.yaml,"Contractures, Pterygia, and Spondylocarpotarsal Fusion Syndrome 1A",42,54,33,13,19,69,54,112,9,14,10,0.98,21,0,0,0,0,0,33
818,kb/disorders/Microcephalic_Osteodysplastic_Primordial_Dwarfism_Type_I.yaml,Microcephalic Osteodysplastic Primordial Dwarfism Type I,63,97,69,13,36,39,171,280,3,47,19,0.97,27,0,0,1,0,0,0
819,kb/disorders/Alveolar_Capillary_Dysplasia_with_Misalignment_of_Pulmonary_Veins.yaml,Alveolar capillary dysplasia with misalignment of pulmonary veins,52,74,56,13,29,70,131,159,4,33,19,0.97,17,0,0,0,1,0,56
820,kb/disorders/DEGCAGS_Syndrome.yaml,DEGCAGS Syndrome,143,218,106,13,52,141,302,393,5,65,36,0.96,51,0,0,0,61,0,106
821,kb/disorders/Developmental_Delay_Hypotonia_Musculoskeletal_Defects_And_Behavioral_Abnormalities.yaml,"Developmental Delay, Hypotonia, Musculoskeletal Defects, and Behavioral Abnormalities",56,64,49,13,39,49,152,189,3,28,18,0.96,15,0,0,0,0,0,49
822,kb/disorders/2q37_Microdeletion_Syndrome.yaml,2q37 Microdeletion Syndrome,60,73,51,13,34,35,94,127,7,26,18,0.96,22,0,0,0,0,0,51
823,kb/disorders/Immunodeficiency_61.yaml,Immunodeficiency 61,35,59,55,13,31,95,164,155,3,43,9,0.96,3,0,0,1,0,0,0
824,kb/disorders/Mandibulofacial_Dysostosis_With_Alopecia.yaml,Mandibulofacial Dysostosis with Alopecia,32,48,38,13,21,40,87,145,5,20,13,0.96,10,0,0,0,0,0,0
825,kb/disorders/Familial_Adenomatous_Polyposis.yaml,Familial Adenomatous Polyposis,39,56,39,13,20,67,95,119,4,29,6,0.96,17,0,0,0,0,0,39
826,kb/disorders/Becker_Muscular_Dystrophy.yaml,Becker Muscular Dystrophy,33,48,40,13,26,46,100,109,1,33,6,0.95,6,0,0,0,2,0,40
827,kb/disorders/COA6-Related_Fatal_Infantile_Cardioencephalomyopathy.yaml,COA6-Related Fatal Infantile Cardioencephalomyopathy,41,63,50,13,27,87,145,262,2,35,13,0.94,13,0,0,0,0,0,50
828,kb/disorders/Pancreatic_Mucinous_Cystadenoma.yaml,Pancreatic Mucinous Cystadenoma,34,43,37,13,20,61,59,102,9,23,5,0.94,6,0,0,0,0,0,0
829,kb/disorders/Cardiomyopathy_Dilated_100.yaml,Cardiomyopathy Dilated 100,31,42,31,13,17,77,100,124,6,21,4,0.94,11,0,0,0,0,0,31
830,kb/disorders/Immunodeficiency_19.yaml,Immunodeficiency 19,74,91,88,13,62,29,183,325,5,41,42,0.93,2,0,0,1,0,0,0
831,kb/disorders/Combined_Oxidative_Phosphorylation_Deficiency_34.yaml,Combined Oxidative Phosphorylation Deficiency 34,55,68,42,13,27,37,125,150,3,34,5,0.93,26,0,0,0,0,0,42
832,kb/disorders/Cardiospondylocarpofacial_Syndrome.yaml,Cardiospondylocarpofacial syndrome,93,112,101,13,74,59,208,420,2,49,50,0.92,11,0,0,0,0,0,101
833,kb/disorders/X-linked_Dystonia-Parkinsonism.yaml,X-linked Dystonia-Parkinsonism,64,86,78,13,41,35,119,309,1,43,34,0.92,8,0,0,0,0,0,0
834,kb/disorders/Charcot-Marie-Tooth_Disease_Type_1E.yaml,Charcot-Marie-Tooth Disease Type 1E,55,62,39,13,28,65,100,141,5,25,9,0.92,23,0,0,0,0,0,39
835,kb/disorders/Bone_Marrow_Failure_Syndrome_6.yaml,Bone Marrow Failure Syndrome 6,56,65,49,13,37,76,117,190,3,33,13,0.91,16,0,0,0,0,0,49
836,kb/disorders/Coronary_Artery_Congenital_Malformation.yaml,Coronary Artery Congenital Malformation,57,61,35,13,24,36,80,124,2,23,10,0.91,26,0,0,0,0,0,0
837,kb/disorders/FGF12-Related_Developmental_and_Epileptic_Encephalopathy.yaml,FGF12-Related Developmental and Epileptic Encephalopathy,40,51,35,13,18,47,75,130,6,19,10,0.91,16,0,0,0,0,0,35
838,kb/disorders/PACS2-Related_Developmental_and_Epileptic_Encephalopathy.yaml,PACS2-Related Developmental and Epileptic Encephalopathy,58,71,58,13,45,98,110,194,6,24,28,0.9,12,0,0,1,0,0,0
839,kb/disorders/Abdominal_Aortic_Aneurysm.yaml,Abdominal Aortic Aneurysm,60,71,52,13,35,45,104,210,1,32,19,0.9,19,0,0,0,0,0,52
840,kb/disorders/Charcot-Marie-Tooth_Disease_Recessive_Intermediate_D.yaml,Charcot-Marie-Tooth Disease Recessive Intermediate D,38,47,36,13,26,58,125,116,5,26,5,0.9,11,0,0,0,0,0,36
841,kb/disorders/Autoimmune_Enteropathy.yaml,Autoimmune Enteropathy,45,55,43,13,28,34,112,148,1,26,16,0.89,8,0,0,0,4,0,43
842,kb/disorders/Sclerosing_Cholangitis.yaml,Sclerosing Cholangitis,71,81,45,13,25,67,101,241,2,25,18,0.89,35,0,0,1,0,0,0
843,kb/disorders/Hyperprolinemia_Type_2.yaml,Hyperprolinemia Type 2,42,77,75,13,40,51,255,282,2,55,18,0.88,2,0,0,0,0,0,1
844,kb/disorders/Calvarial_Doughnut_Lesions-bone_Fragility_Syndrome.yaml,Calvarial Doughnut Lesions-Bone Fragility Syndrome,55,79,60,13,34,39,153,256,2,37,21,0.88,19,0,0,0,0,0,60
845,kb/disorders/Ainhum.yaml,Ainhum,45,55,55,13,34,46,111,189,0,29,26,0.88,0,0,0,0,0,0,54
846,kb/disorders/Transitional_Cell_Carcinoma.yaml,Transitional Cell Carcinoma,40,47,36,13,28,50,121,95,4,28,4,0.88,11,0,0,0,0,0,0
847,kb/disorders/Charcot-Marie-Tooth_Disease_Type_4C.yaml,Charcot-Marie-Tooth Disease Type 4C,88,109,74,13,48,45,179,289,2,47,25,0.87,35,0,0,0,0,0,74
848,kb/disorders/Minimal_Change_Disease.yaml,Minimal Change Disease,57,80,61,13,36,34,157,209,2,43,16,0.87,17,0,0,2,0,0,0
849,kb/disorders/COL11A2_Skeletal_Spectrum.yaml,COL11A2-Related Skeletal Spectrum,40,48,48,13,32,34,108,142,7,23,18,0.87,0,0,0,0,0,0,47
850,kb/disorders/Optic_Atrophy_3.yaml,Optic Atrophy 3,45,66,50,13,28,63,134,175,6,34,10,0.87,16,0,0,0,0,0,0
851,kb/disorders/COL11A2_Hearing_Loss.yaml,COL11A2-Related Hearing Loss,18,24,24,13,16,50,41,63,10,11,3,0.87,0,0,0,0,0,0,24
852,kb/disorders/Burn-McKeown_Syndrome.yaml,Burn-McKeown Syndrome,70,100,67,13,37,51,196,296,1,44,22,0.86,33,0,0,0,0,0,67
853,kb/disorders/Congenital_Laryngomalacia.yaml,Congenital Laryngomalacia,53,63,47,13,34,38,109,136,2,36,9,0.86,16,0,0,0,0,0,47
854,kb/disorders/Dilated_Cardiomyopathy_1X.yaml,Dilated Cardiomyopathy 1X,36,41,29,13,22,29,73,80,6,17,6,0.86,12,0,0,0,0,0,29
855,kb/disorders/Paralytic_Poliomyelitis.yaml,Paralytic Poliomyelitis,30,50,44,13,22,58,130,129,3,35,6,0.86,6,0,0,0,0,0,0
856,kb/disorders/Cerebral_Palsy.yaml,Cerebral Palsy,74,82,51,13,40,23,104,193,4,31,16,0.85,31,0,0,0,0,0,51
857,kb/disorders/Cerebellar_Ataxia-Hypogonadism_Syndrome.yaml,Cerebellar Ataxia-Hypogonadism Syndrome,55,68,56,13,38,37,134,254,3,28,25,0.84,11,0,0,1,0,0,36
858,kb/disorders/Juvenile_Polyposis_Syndrome.yaml,Juvenile Polyposis Syndrome,72,86,81,13,53,42,128,329,2,33,46,0.83,5,0,0,0,0,0,0
859,kb/disorders/Immunodeficiency_28.yaml,Immunodeficiency 28,49,59,39,13,24,36,82,133,6,25,8,0.83,19,0,0,1,0,0,0
860,kb/disorders/Beta_Thalassemia.yaml,Beta Thalassemia,79,80,29,13,22,31,82,133,1,14,14,0.83,51,0,0,0,0,0,29
861,kb/disorders/AIP-related_pituitary_adenoma_predisposition.yaml,AIP-related pituitary adenoma predisposition,61,79,73,13,43,42,164,366,2,35,36,0.82,4,0,0,0,2,0,73
862,kb/disorders/Endophthalmitis.yaml,Endophthalmitis,62,74,69,12,43,32,105,235,1,39,29,0.98,5,0,0,0,0,0,0
863,kb/disorders/Campylobacteriosis.yaml,Campylobacteriosis,66,75,71,12,28,38,53,239,3,17,51,0.98,3,0,0,0,1,0,71
864,kb/disorders/Zlotogora-Ogur_Syndrome.yaml,Zlotogora-Ogur Syndrome,41,49,39,12,25,41,70,152,7,13,19,0.97,8,0,0,2,0,0,0
865,kb/disorders/CLOVES_Syndrome.yaml,CLOVES Syndrome,93,121,81,12,48,62,181,238,7,41,33,0.96,40,0,0,0,0,0,81
866,kb/disorders/Chromosome_17q12_Duplication_Syndrome.yaml,Chromosome 17q12 Duplication Syndrome,75,91,59,12,33,37,102,236,4,33,22,0.96,32,0,0,0,0,0,59
867,kb/disorders/Meacham_syndrome.yaml,Meacham syndrome,33,37,35,12,28,25,83,128,3,21,11,0.96,2,0,0,0,0,0,0
868,kb/disorders/SNF8-Related_Neurodevelopmental_Disorder.yaml,SNF8-Related Neurodevelopmental Disorder,50,65,36,12,19,104,131,95,2,34,0,0.96,29,0,0,0,0,0,0
869,kb/disorders/Dermoid_Cyst.yaml,Dermoid Cyst,40,50,31,12,15,90,52,61,12,16,3,0.96,19,0,0,0,0,0,0
870,kb/disorders/Charcot-Marie-Tooth_Disease_Type_4K.yaml,Charcot-Marie-Tooth Disease Type 4K,32,36,25,12,14,31,34,92,10,10,5,0.96,11,0,0,0,0,0,25
871,kb/disorders/CCDC115-CDG.yaml,CCDC115-CDG,54,70,46,12,29,83,117,148,6,25,15,0.95,24,0,0,0,0,0,46
872,kb/disorders/ER_Positive_Breast_Cancer.yaml,ER-Positive Breast Cancer,37,40,26,12,22,26,76,74,3,21,2,0.95,14,0,0,0,0,0,0
873,kb/disorders/Hunter_syndrome.yaml,Hunter syndrome,75,86,84,12,61,31,156,372,1,34,49,0.94,1,0,0,1,0,0,0
874,kb/disorders/Acoustic_Neuroma.yaml,Acoustic Neuroma,53,66,64,12,44,52,147,249,1,42,21,0.94,2,0,0,0,0,0,64
875,kb/disorders/AR_Cerebellar_Ataxia-Saccadic_Intrusion_Syndrome.yaml,Autosomal Recessive Cerebellar Ataxia-Saccadic Intrusion Syndrome,50,65,58,12,40,50,144,198,6,36,16,0.94,7,0,0,0,0,0,58
876,kb/disorders/Arthrogryposis_Multiplex_Congenita.yaml,Arthrogryposis Multiplex Congenita,43,53,51,12,39,37,126,118,2,36,13,0.94,1,0,0,0,1,0,51
877,kb/disorders/Charcot-Marie-Tooth_Disease_Demyelinating_Type_1G.yaml,"Charcot-Marie-Tooth Disease, Demyelinating, Type 1G",61,72,46,12,34,52,140,168,2,33,11,0.94,26,0,0,0,0,0,46
878,kb/disorders/Ankylosing_Spondylitis.yaml,Ankylosing Spondylitis,83,91,46,12,31,112,136,194,0,24,22,0.94,44,0,0,0,1,0,46
879,kb/disorders/IL6ST-Related_Stuve-Wiedemann_Syndrome.yaml,IL6ST-Related Stuve-Wiedemann Syndrome,50,65,43,12,26,34,154,187,2,24,17,0.94,20,0,0,2,0,0,0
880,kb/disorders/Chronic_Myelomonocytic_Leukemia.yaml,Chronic Myelomonocytic Leukemia,35,39,36,12,25,26,70,155,0,17,19,0.93,3,0,0,0,0,0,36
881,kb/disorders/HER2_Positive_Breast_Cancer.yaml,HER2-Positive Breast Cancer,40,47,26,12,18,65,60,81,3,21,2,0.93,21,0,0,0,0,0,0
882,kb/disorders/TUBG1-related_Tubulinopathy.yaml,TUBG1-related Tubulinopathy,52,91,76,12,37,87,225,258,1,51,24,0.92,14,0,0,1,0,0,0
883,kb/disorders/Pyrimidine_5_Nucleotidase_Deficiency.yaml,Pyrimidine 5-Nucleotidase Deficiency,42,58,48,12,28,46,76,160,5,29,14,0.92,10,0,0,0,0,0,0
884,kb/disorders/Malonic_Aciduria.yaml,Malonic Aciduria,56,76,68,12,38,58,181,240,2,44,22,0.91,8,0,0,0,0,0,0
885,kb/disorders/Hypereosinophilic_Syndrome.yaml,Hypereosinophilic syndrome,57,64,41,12,30,89,133,212,0,25,16,0.91,23,0,0,0,0,0,0
886,kb/disorders/Peroxisome_Biogenesis_Disorder_3A_Zellweger.yaml,Peroxisome Biogenesis Disorder 3A (Zellweger),60,65,33,12,23,33,71,123,4,23,6,0.91,29,0,0,3,0,0,0
887,kb/disorders/DPAGT1-Congenital_Disorder_of_Glycosylation.yaml,DPAGT1-congenital disorder of glycosylation,65,85,69,12,42,49,159,254,0,34,35,0.89,16,0,0,0,0,0,69
888,kb/disorders/Combined_Oxidative_Phosphorylation_Deficiency_28.yaml,Combined Oxidative Phosphorylation Deficiency 28,54,68,51,12,36,62,131,191,5,32,14,0.89,17,0,0,0,0,0,51
889,kb/disorders/Glioblastoma_IDH_Wildtype.yaml,"Glioblastoma, IDH-Wildtype",52,54,26,12,22,75,98,70,1,19,6,0.89,28,0,0,0,0,0,6
890,kb/disorders/Cardiac_Valvular_Ehlers-Danlos_Syndrome.yaml,Cardiac Valvular Ehlers-Danlos Syndrome,28,41,38,12,22,42,97,113,3,23,12,0.89,2,0,0,0,1,0,38
891,kb/disorders/Carnitine_Palmitoyltransferase_1A_Deficiency.yaml,Carnitine Palmitoyltransferase 1A Deficiency,53,63,60,12,44,36,188,159,4,40,16,0.88,3,0,0,0,0,0,57
892,kb/disorders/Chagas_Disease.yaml,Chagas disease,65,77,53,12,29,60,99,186,0,39,14,0.88,24,0,0,0,0,0,53
893,kb/disorders/Charcot-Marie-Tooth_Disease_Axonal_Type_2C.yaml,Charcot-Marie-Tooth Disease Axonal Type 2C,39,52,42,12,27,46,106,142,4,29,9,0.88,10,0,0,0,0,0,42
894,kb/disorders/CAGSSS_Syndrome.yaml,CAGSSS Syndrome,40,61,45,12,24,41,119,162,3,29,13,0.88,16,0,0,0,0,0,45
895,kb/disorders/Capillary_Malformation-Arteriovenous_Malformation_Syndrome.yaml,Capillary Malformation-Arteriovenous Malformation Syndrome,32,33,27,12,22,22,83,110,0,20,7,0.88,6,0,0,0,0,0,27
896,kb/disorders/Mast_Cell_Activation_Syndrome.yaml,Mast Cell Activation Syndrome,54,59,36,12,26,23,80,140,1,26,9,0.87,23,0,0,0,0,0,0
897,kb/disorders/Denys-Drash_Syndrome.yaml,Denys-Drash Syndrome,49,61,43,12,26,24,109,142,2,27,14,0.86,18,0,0,0,0,0,43
898,kb/disorders/Bronchiectasis.yaml,Bronchiectasis,76,86,71,12,52,27,154,248,1,38,32,0.85,15,0,0,0,0,0,14
899,kb/disorders/Marshall-Smith_Syndrome.yaml,Marshall-Smith Syndrome,54,60,45,12,36,43,101,185,0,22,23,0.85,15,0,0,0,0,0,0
900,kb/disorders/Cranioectodermal_Dysplasia.yaml,Cranioectodermal Dysplasia,78,91,59,12,34,76,170,279,2,27,30,0.85,31,0,0,1,0,0,0
901,kb/disorders/Spondyloepimetaphyseal_Dysplasia_Strudwick_Type.yaml,Spondyloepimetaphyseal Dysplasia Strudwick Type,57,82,57,12,24,41,163,234,2,26,29,0.85,24,0,0,1,0,0,0
902,kb/disorders/Hypophosphatasia.yaml,Hypophosphatasia,88,114,88,12,43,30,178,441,0,31,57,0.84,24,0,0,2,0,0,0
903,kb/disorders/COG8-Congenital_Disorder_of_Glycosylation.yaml,COG8-congenital disorder of glycosylation,56,74,71,12,47,49,222,254,2,37,32,0.83,3,0,0,0,0,0,69
904,kb/disorders/Mitochondrial_Complex_I_Deficiency_Nuclear_Type_39.yaml,"Mitochondrial Complex I Deficiency, Nuclear Type 39",36,45,33,12,23,32,96,94,2,24,7,0.83,12,0,0,0,0,0,0
905,kb/disorders/Dacryocystitis-Osteopoikilosis_Syndrome.yaml,Dacryocystitis-Osteopoikilosis Syndrome,37,44,29,12,20,46,94,88,1,23,5,0.83,15,0,0,0,0,0,29
906,kb/disorders/Autosomal_Dominant_Striatal_Neurodegeneration.yaml,Autosomal dominant striatal neurodegeneration,34,57,57,12,29,33,108,232,3,25,29,0.82,0,0,0,0,0,0,56
907,kb/disorders/Lysinuric_Protein_Intolerance.yaml,Lysinuric protein intolerance,50,54,54,12,46,26,113,179,2,30,22,0.81,0,0,0,0,0,0,0
908,kb/disorders/Blue_Rubber_Bleb_Nevus_Syndrome.yaml,Blue Rubber Bleb Nevus Syndrome,39,41,41,12,37,30,122,94,5,28,8,0.76,0,0,0,0,0,0,41
909,kb/disorders/Congenital_Sucrase-Isomaltase_Deficiency.yaml,Congenital Sucrase-Isomaltase Deficiency,47,61,59,12,37,32,133,296,2,14,43,0.74,1,0,0,0,1,0,59
910,kb/disorders/Charcot-Marie-Tooth_Disease_X-linked_Recessive_4.yaml,Charcot-Marie-Tooth Disease X-linked Recessive 4,55,72,49,11,29,46,136,171,8,33,8,1.0,23,0,0,0,0,0,49
911,kb/disorders/Allopurinol_Induced_SJS_TEN.yaml,Allopurinol-Induced Stevens-Johnson Syndrome/Toxic Epidermal Necrolysis,40,50,44,11,25,46,86,192,2,23,19,0.99,6,0,0,0,0,0,44
912,kb/disorders/Cogan_Syndrome.yaml,Cogan Syndrome,68,102,70,11,33,32,161,246,2,33,35,0.98,28,0,0,0,4,0,70
913,kb/disorders/Konzo.yaml,Konzo,29,43,39,11,24,49,104,111,2,28,9,0.98,4,0,0,0,0,0,0
914,kb/disorders/Autosomal_Recessive_Nonsyndromic_Hearing_Loss_102.yaml,Autosomal Recessive Nonsyndromic Hearing Loss 102,35,43,29,11,19,51,93,109,2,22,5,0.98,14,0,0,0,0,0,29
915,kb/disorders/Carotid_Artery_Occlusion.yaml,Carotid Artery Occlusion,33,45,43,11,30,49,141,112,4,30,9,0.97,1,0,0,0,1,0,43
916,kb/disorders/Bachmann-Bupp_Syndrome.yaml,Bachmann-Bupp Syndrome,138,242,57,11,27,36,84,221,4,20,33,0.97,3,0,0,0,182,0,57
917,kb/disorders/Autism_Susceptibility_to_X-Linked_3.yaml,"Autism, Susceptibility to, X-Linked 3",29,44,36,11,19,85,103,83,10,25,1,0.97,8,0,0,0,0,0,36
918,kb/disorders/Diamond-Blackfan_Anemia_15_With_Mandibulofacial_Dysostosis.yaml,Diamond-Blackfan Anemia 15 with Mandibulofacial Dysostosis,54,71,54,11,34,26,135,169,4,40,10,0.96,16,0,0,0,1,0,54
919,kb/disorders/Charcot-Marie-Tooth_Disease_Axonal_Type_2JJ.yaml,"Charcot-Marie-Tooth disease, axonal, type 2JJ",31,46,36,11,20,61,137,68,7,24,5,0.96,9,0,0,0,1,0,36
920,kb/disorders/Cyclic_Hematopoiesis.yaml,Cyclic Hematopoiesis,46,60,60,11,36,63,102,199,5,37,18,0.95,0,0,0,0,0,0,60
921,kb/disorders/Bazex_Dupre_Christol_Syndrome.yaml,Bazex-Dupre-Christol Syndrome,52,65,45,11,31,38,78,155,1,23,21,0.95,20,0,0,0,0,0,45
922,kb/disorders/Central_Congenital_Hypothyroidism.yaml,Central Congenital Hypothyroidism,43,60,57,11,35,91,140,246,2,33,22,0.9400000000000001,2,0,0,1,0,0,33
923,kb/disorders/Autosomal_Recessive_Nonsyndromic_Hearing_Loss_123.yaml,Autosomal Recessive Nonsyndromic Hearing Loss 123,33,39,22,11,14,51,70,76,7,10,5,0.94,17,0,0,0,0,0,22
924,kb/disorders/ALG2-Congenital_Disorder_of_Glycosylation.yaml,ALG2-congenital disorder of glycosylation,67,84,57,11,36,49,141,225,2,38,17,0.93,27,0,0,0,0,0,57
925,kb/disorders/Cervical_Dystonia.yaml,Cervical Dystonia,32,39,22,11,14,35,49,44,2,17,3,0.93,17,0,0,0,0,0,22
926,kb/disorders/Gamma-Glutamylcysteine_Synthetase_Deficiency.yaml,Gamma-Glutamylcysteine Synthetase Deficiency,44,60,56,11,38,66,127,255,4,29,23,0.92,4,0,0,0,0,0,0
927,kb/disorders/FOXG1_Disorder.yaml,FOXG1 Disorder,104,116,72,11,54,43,171,320,1,27,44,0.91,43,0,0,1,0,0,0
928,kb/disorders/Diabetes_Deafness_Developmental_Delay_and_Short_Stature_Syndrome.yaml,Diabetes Deafness Developmental Delay and Short Stature Syndrome,37,51,40,11,23,80,104,121,3,23,14,0.91,11,0,0,0,0,0,40
929,kb/disorders/Charcot-Marie-Tooth_Disease_Type_1.yaml,Charcot-Marie-Tooth Disease Type 1,42,50,40,11,30,36,120,147,5,29,6,0.9,10,0,0,0,0,0,0
930,kb/disorders/L1_Syndrome.yaml,L1 Syndrome,33,43,39,11,23,46,87,178,3,20,16,0.9,4,0,0,0,0,0,0
931,kb/disorders/Polycystic_Kidney_Disease_3.yaml,Polycystic Kidney Disease 3,25,32,31,11,22,49,71,131,4,16,11,0.9,1,0,0,0,0,0,0
932,kb/disorders/Periodic_Fever_Immunodeficiency_and_Thrombocytopenia_Syndrome.yaml,"Periodic Fever, Immunodeficiency, and Thrombocytopenia Syndrome",58,79,53,11,31,35,118,214,1,36,16,0.89,26,0,0,0,0,0,0
933,kb/disorders/Gerstmann-Straussler-Scheinker_Syndrome.yaml,Gerstmann-Straussler-Scheinker Syndrome,55,59,31,11,26,38,77,57,1,23,7,0.89,28,0,0,0,0,0,0
934,kb/disorders/Congenital_Hypomyelinating_Neuropathy.yaml,Congenital Hypomyelinating Neuropathy,42,55,39,11,24,44,135,165,2,25,12,0.89,15,0,0,0,1,0,39
935,kb/disorders/Immunodeficiency_91_And_Hyperinflammation.yaml,Immunodeficiency 91 and Hyperinflammation,64,80,63,11,45,44,153,201,2,36,25,0.88,16,0,0,1,0,0,0
936,kb/disorders/Neurofibromatosis_Type_1.yaml,Neurofibromatosis Type 1,69,89,58,11,36,52,145,248,2,36,20,0.88,30,0,0,1,0,0,0
937,kb/disorders/Alopecia-Intellectual_Disability_Syndrome_4.yaml,Alopecia-Intellectual Disability Syndrome 4,40,66,64,11,35,25,166,243,1,38,25,0.88,2,0,0,0,0,0,63
938,kb/disorders/Arterial_Calcification_of_Infancy.yaml,Arterial Calcification of Infancy,47,62,60,11,33,29,124,339,1,26,33,0.88,2,0,0,0,0,0,60
939,kb/disorders/Genitopatellar_Syndrome.yaml,Genitopatellar Syndrome,34,46,43,11,30,51,136,137,1,33,9,0.88,3,0,0,0,0,0,0
940,kb/disorders/Essential_Tremor.yaml,Essential Tremor,39,43,29,11,24,32,79,85,3,22,4,0.88,13,0,0,0,1,0,29
941,kb/disorders/RHOBTB2-Related_Developmental_and_Epileptic_Encephalopathy.yaml,RHOBTB2-Related Developmental and Epileptic Encephalopathy,53,71,58,11,37,31,138,223,1,36,21,0.87,13,0,0,0,0,0,0
942,kb/disorders/Carotid_Stenosis.yaml,Carotid Stenosis,37,44,39,11,27,45,145,151,1,25,13,0.87,5,0,0,0,0,0,37
943,kb/disorders/Camurati-Engelmann_Disease.yaml,Camurati-Engelmann Disease,44,62,51,11,31,53,156,217,0,33,18,0.86,10,0,0,0,1,0,51
944,kb/disorders/Sideroblastic_Anemia_3.yaml,Sideroblastic Anemia 3,40,50,35,11,25,46,107,95,2,26,7,0.86,14,0,0,1,0,0,0
945,kb/disorders/Drug-Induced_Methemoglobinemia.yaml,Drug-Induced Methemoglobinemia,49,62,40,11,24,44,66,133,2,21,17,0.85,21,0,0,1,0,0,0
946,kb/disorders/GALNT2-Congenital_Disorder_of_Glycosylation.yaml,GALNT2-Congenital Disorder of Glycosylation,57,63,34,11,23,35,84,122,2,24,8,0.85,29,0,0,0,0,0,34
947,kb/disorders/Deeah_Syndrome.yaml,Deeah Syndrome,48,57,44,11,33,34,144,154,3,31,10,0.84,13,0,0,0,0,0,44
948,kb/disorders/Hereditary_Spastic_Paraplegia_46.yaml,Hereditary Spastic Paraplegia 46,44,51,34,11,27,18,74,122,1,22,11,0.84,17,0,0,0,0,0,0
949,kb/disorders/ECHS1_Deficiency.yaml,ECHS1 Deficiency,29,35,32,11,24,25,107,105,1,21,10,0.84,3,0,0,0,0,0,32
950,kb/disorders/CYB561-Related_Orthostatic_Hypotension.yaml,CYB561-Related Orthostatic Hypotension,41,47,32,11,18,30,56,102,3,17,12,0.84,15,0,0,0,0,0,32
951,kb/disorders/Adenosine_Kinase_Deficiency.yaml,Adenosine Kinase Deficiency,62,80,79,11,56,47,193,340,0,36,43,0.83,1,0,0,0,0,0,79
952,kb/disorders/Chediak-Higashi_Syndrome.yaml,Chediak-Higashi Syndrome,49,59,51,11,34,39,132,163,3,35,13,0.83,8,0,0,0,0,0,51
953,kb/disorders/Brown-Vialetto-Van_Laere_Syndrome.yaml,Brown-Vialetto-Van Laere Syndrome,36,47,47,11,31,64,99,193,2,26,19,0.83,0,0,0,0,0,0,47
954,kb/disorders/Keratosis_Follicularis_Spinulosa_Decalvans.yaml,Keratosis follicularis spinulosa decalvans,62,75,51,11,32,26,103,250,3,15,33,0.82,23,0,0,1,0,0,0
955,kb/disorders/Erythropoietic_Protoporphyria.yaml,Erythropoietic Protoporphyria,42,58,46,11,25,36,89,207,6,25,15,0.82,12,0,0,0,0,0,46
956,kb/disorders/COG7-Congenital_Disorder_of_Glycosylation.yaml,COG7-congenital disorder of glycosylation,82,88,84,11,73,15,190,342,0,23,61,0.81,4,0,0,0,0,0,84
957,kb/disorders/DEF6_Deficiency.yaml,DEF6 Deficiency,45,51,36,11,27,22,87,137,2,22,12,0.79,15,0,0,0,0,0,35
958,kb/disorders/Brachydactyly_Type_C.yaml,Brachydactyly Type C,28,44,35,11,20,69,105,125,4,22,9,0.79,8,0,0,0,1,0,35
959,kb/disorders/GUCY2D-Related_Retinopathy.yaml,GUCY2D-Related Retinopathy,30,34,20,11,16,30,68,49,7,13,0,0.79,11,0,0,0,3,0,20
960,kb/disorders/Barth_Syndrome.yaml,Barth syndrome,65,77,57,11,38,22,107,254,0,26,31,0.78,14,0,0,0,6,0,57
961,kb/disorders/COQ6-Related_Steroid-Resistant_Nephrotic_Syndrome.yaml,COQ6-Related Steroid-Resistant Nephrotic Syndrome with Sensorineural Deafness,54,60,44,11,34,22,97,162,2,24,18,0.77,16,0,0,0,0,0,44
962,kb/disorders/Dominant_Beta-Thalassemia.yaml,Dominant Beta-Thalassemia,41,53,40,11,27,40,118,132,4,32,4,0.76,13,0,0,0,0,0,40
963,kb/disorders/Cleidocranial_Dysplasia.yaml,Cleidocranial Dysplasia,38,46,44,11,29,20,53,189,1,10,33,0.75,1,0,0,0,1,0,44
964,kb/disorders/Aland_Island_Eye_Disease.yaml,Aland Islands Eye Disease,41,56,55,11,37,17,138,221,0,31,24,0.72,0,0,0,0,1,0,55
965,kb/disorders/Biliary_Atresia.yaml,Biliary Atresia,61,68,35,10,26,48,101,109,3,23,9,0.99,33,0,0,0,0,0,35
966,kb/disorders/Hypertrophic_Cardiomyopathy_17.yaml,Hypertrophic Cardiomyopathy 17,29,45,44,10,25,29,115,133,3,35,6,0.99,1,0,0,0,0,0,0
967,kb/disorders/Hypersensitivity_Pneumonitis.yaml,Hypersensitivity pneumonitis,43,45,37,10,20,17,52,134,2,16,19,0.98,7,0,0,1,0,0,0
968,kb/disorders/Diffuse_Astrocytoma.yaml,Diffuse Astrocytoma,40,41,19,10,14,33,46,38,7,10,2,0.98,22,0,0,0,0,0,19
969,kb/disorders/Anal_Canal_Adenocarcinoma.yaml,Anal Canal Adenocarcinoma,40,46,46,10,35,33,100,142,1,29,16,0.97,0,0,0,0,0,0,46
970,kb/disorders/CFAP418-related_Retinal_Ciliopathy.yaml,CFAP418-related retinal ciliopathy,31,36,36,10,26,28,88,107,8,21,7,0.96,0,0,0,0,0,0,36
971,kb/disorders/CDKL5_Deficiency_Disorder.yaml,CDKL5 Deficiency Disorder,61,69,35,10,25,81,87,121,1,20,14,0.96,32,0,0,0,2,0,35
972,kb/disorders/Cornelia_de_Lange_Syndrome_1.yaml,Cornelia de Lange Syndrome 1,61,74,46,10,32,71,135,163,0,40,6,0.95,28,0,0,0,0,0,46
973,kb/disorders/Autosomal_Dominant_Robinow_Syndrome_1.yaml,Autosomal Dominant Robinow Syndrome 1,56,72,48,10,32,38,122,153,6,22,20,0.95,24,0,0,0,0,0,47
974,kb/disorders/Mitochondrial_Complex_I_Deficiency_Nuclear_Type_13.yaml,"Mitochondrial Complex I Deficiency, Nuclear Type 13",45,64,45,10,27,59,151,151,1,39,5,0.95,17,0,0,2,0,0,0
975,kb/disorders/Chikungunya.yaml,Chikungunya,39,48,35,10,22,55,72,145,3,20,12,0.95,13,0,0,0,0,0,35
976,kb/disorders/Bjornstad_Syndrome.yaml,Bjornstad Syndrome,37,48,34,10,22,38,119,115,2,27,5,0.9400000000000001,14,0,0,0,0,0,34
977,kb/disorders/Cystic_Fibrosis.yaml,Cystic Fibrosis,245,285,18,10,11,42,21,56,1,9,8,0.9400000000000001,56,0,0,0,211,0,18
978,kb/disorders/Spondyloepimetaphyseal_Dysplasia_Aggrecan_Type.yaml,Spondyloepimetaphyseal Dysplasia Aggrecan Type,61,70,42,10,33,29,126,142,3,28,11,0.94,28,0,0,0,0,0,0
979,kb/disorders/Choroideremia-Deafness-Obesity_Syndrome.yaml,Choroideremia-Deafness-Obesity Syndrome,38,46,33,10,21,32,74,94,5,21,7,0.94,12,0,0,0,1,0,33
980,kb/disorders/Bleeding_Disorder_Platelet-type_21.yaml,"Bleeding disorder, platelet-type, 21",39,47,31,10,21,37,101,116,4,20,7,0.93,16,0,0,0,0,0,31
981,kb/disorders/TUBA4A-related_Disorder.yaml,TUBA4A-related Disorder,31,44,32,10,18,33,80,97,2,20,10,0.93,10,0,0,2,0,0,0
982,kb/disorders/Charcot-Marie-Tooth_Disease_Type_2.yaml,Charcot-Marie-Tooth Disease Type 2,140,203,27,10,20,45,108,96,0,22,5,0.9299999999999999,29,0,0,0,147,0,27
983,kb/disorders/MSI_High_Colorectal_Cancer.yaml,MSI-High Colorectal Cancer,41,45,24,10,19,26,68,92,3,17,4,0.92,21,0,0,0,0,0,0
984,kb/disorders/STX1B-Related_Epilepsy.yaml,STX1B-Related Epilepsy,37,43,26,10,19,75,103,90,3,16,7,0.92,17,0,0,0,0,0,0
985,kb/disorders/CHEK2-related_Cancer_Predisposition.yaml,CHEK2-related Cancer Predisposition,30,53,45,10,19,42,88,168,1,30,14,0.92,8,0,0,0,0,0,45
986,kb/disorders/Complement_Component_2_Deficiency.yaml,Complement Component 2 Deficiency,37,48,36,10,16,37,63,140,2,22,12,0.92,12,0,0,0,0,0,0
987,kb/disorders/Anterior_Spinal_Artery_Syndrome.yaml,Anterior Spinal Artery Syndrome,47,56,54,10,40,29,135,173,0,38,16,0.91,2,0,0,0,0,0,54
988,kb/disorders/Mitochondrial_Complex_I_Deficiency_Nuclear_Type_14.yaml,"Mitochondrial Complex I Deficiency, Nuclear Type 14",59,69,44,10,28,29,115,191,0,30,14,0.91,25,0,0,0,0,0,0
989,kb/disorders/Central_Serous_Chorioretinopathy.yaml,Central Serous Chorioretinopathy,40,49,36,10,24,47,83,116,6,19,11,0.91,13,0,0,0,0,0,36
990,kb/disorders/Stiff_Skin_Syndrome.yaml,Stiff Skin Syndrome,41,47,29,10,20,33,56,96,2,16,11,0.91,18,0,0,0,0,0,0
991,kb/disorders/Chronic_Granulomatous_Disease.yaml,Chronic Granulomatous Disease,73,89,60,10,37,41,124,282,4,30,26,0.9,28,0,0,0,1,0,60
992,kb/disorders/Bone_Fragility_With_Contractures_Arterial_Rupture_And_Deafness.yaml,Bone Fragility With Contractures Arterial Rupture And Deafness,43,49,39,10,30,36,100,128,3,17,19,0.9,10,0,0,0,0,0,39
993,kb/disorders/Kennedy_Disease.yaml,Kennedy Disease,40,43,33,10,25,27,72,114,1,22,10,0.9,10,0,0,0,0,0,0
994,kb/disorders/Birt-Hogg-Dube_Syndrome.yaml,Birt-Hogg-Dube Syndrome,22,39,35,10,17,53,84,123,0,25,10,0.9,4,0,0,0,0,0,35
995,kb/disorders/CEDNIK_Syndrome.yaml,CEDNIK Syndrome,53,56,33,10,21,17,48,160,0,14,19,0.89,22,0,0,0,1,0,33
996,kb/disorders/DICER1_Tumor_Predisposition_Syndrome.yaml,DICER1 Tumor Predisposition Syndrome,24,36,29,10,16,39,64,107,2,23,4,0.89,7,0,0,0,0,0,29
997,kb/disorders/MCM3AP-Related_Peripheral_Neuropathy.yaml,MCM3AP-Related Peripheral Neuropathy,38,48,47,10,35,31,108,144,2,28,17,0.88,1,0,0,0,0,0,0
998,kb/disorders/Bronchiectasis_And_Nasal_Polyposis.yaml,Bronchiectasis and Nasal Polyposis,50,68,45,10,29,29,104,128,3,34,8,0.88,16,0,0,0,7,0,45
999,kb/disorders/Congenital_Pulmonary_Airway_Malformation.yaml,Congenital Pulmonary Airway Malformation,43,55,43,10,29,26,93,129,2,34,7,0.88,12,0,0,0,0,0,0
1000,kb/disorders/Autosomal_Recessive_Multiple_Pterygium_Syndrome.yaml,Autosomal Recessive Multiple Pterygium Syndrome,40,46,41,10,27,24,58,165,2,16,23,0.88,1,0,0,0,4,0,41
1001,kb/disorders/Combined_Immunodeficiency_Due_To_CTPS1_Deficiency.yaml,Combined Immunodeficiency Due to CTPS1 Deficiency,48,62,40,10,24,50,106,171,2,26,12,0.88,22,0,0,0,0,0,40
1002,kb/disorders/CHIME_syndrome.yaml,CHIME_syndrome,30,34,26,10,20,14,40,105,1,13,12,0.88,8,0,0,0,0,0,26
1003,kb/disorders/Combined_Oxidative_Phosphorylation_Defect_Type_4.yaml,Combined Oxidative Phosphorylation Defect Type 4,54,58,39,10,33,45,94,142,2,25,12,0.87,19,0,0,0,0,0,39
1004,kb/disorders/Oculodentodigital_Dysplasia.yaml,Oculodentodigital Dysplasia,67,83,54,10,29,76,166,210,2,31,21,0.87,29,0,0,0,0,0,0
1005,kb/disorders/Cerebellar_Ataxia_Intellectual_Disability_and_Dysequilibrium.yaml,"Cerebellar Ataxia, Intellectual Disability, and Dysequilibrium Syndrome",34,40,37,10,27,50,86,186,5,18,14,0.87,3,0,0,0,0,0,0
1006,kb/disorders/Optic_Atrophy_14.yaml,Optic Atrophy 14,36,51,37,10,22,37,102,126,4,25,8,0.87,14,0,0,0,0,0,0
1007,kb/disorders/Peripartum_Cardiomyopathy.yaml,Peripartum Cardiomyopathy,43,53,30,10,17,35,91,74,4,22,4,0.87,23,0,0,0,0,0,0
1008,kb/disorders/CALFAN_Syndrome.yaml,CALFAN Syndrome,39,47,47,10,35,60,135,137,5,24,18,0.86,0,0,0,0,0,0,47
1009,kb/disorders/Schnitzler_Syndrome.yaml,Schnitzler Syndrome,30,39,36,10,27,34,104,111,1,26,9,0.85,2,0,0,1,0,0,0
1010,kb/disorders/Cerebral_Cavernous_Malformation.yaml,Cerebral Cavernous Malformation,29,32,25,10,17,18,44,136,0,16,9,0.85,7,0,0,0,0,0,25
1011,kb/disorders/Cleft_Lip_Palate.yaml,Cleft Lip/Palate,38,42,39,10,31,30,83,133,1,26,12,0.84,3,0,0,0,0,0,39
1012,kb/disorders/Charcot-Marie-Tooth_Disease_Axonal_Type_2P.yaml,Charcot-Marie-Tooth Disease Axonal Type 2P,55,78,54,10,29,58,171,173,2,44,8,0.83,24,0,0,0,0,0,54
1013,kb/disorders/Aflatoxicosis.yaml,Aflatoxicosis,43,60,42,10,25,30,94,159,0,27,15,0.83,18,0,0,0,0,0,42
1014,kb/disorders/AIPL1-Related_Retinopathy.yaml,AIPL1-Related Retinopathy,38,49,46,10,29,28,99,166,0,34,12,0.82,3,0,0,0,0,0,46
1015,kb/disorders/Autosomal_Recessive_Limb-Girdle_Muscular_Dystrophy.yaml,Autosomal Recessive Limb-Girdle Muscular Dystrophy,73,96,29,10,26,34,68,85,0,19,10,0.81,20,0,0,0,47,0,29
1016,kb/disorders/Clear_Cell_Renal_Cell_Carcinoma.yaml,Clear Cell Renal Cell Carcinoma,48,54,26,10,19,23,108,80,0,23,3,0.81,28,0,0,0,0,0,26
1017,kb/disorders/IRF1_Deficiency.yaml,IRF1 Deficiency,29,35,33,10,25,27,75,97,2,18,13,0.8099999999999999,2,0,0,0,0,0,0
1018,kb/disorders/DHRSX-Congenital_Disorder_of_Glycosylation.yaml,DHRSX-Congenital Disorder of Glycosylation,70,75,41,10,32,27,121,151,1,24,16,0.8,34,0,0,0,0,0,40
1019,kb/disorders/Aicardi_Syndrome.yaml,Aicardi Syndrome,62,70,38,10,29,29,95,108,2,31,5,0.8,32,0,0,0,0,0,38
1020,kb/disorders/Dentatorubral-Pallidoluysian_Atrophy.yaml,Dentatorubral-Pallidoluysian Atrophy,38,56,49,10,25,20,100,159,2,27,20,0.8,6,0,0,1,0,0,0
1021,kb/disorders/COG4-Congenital_Disorder_of_Glycosylation.yaml,COG4-Congenital Disorder of Glycosylation,49,60,55,10,36,20,103,175,2,29,24,0.79,5,0,0,0,0,0,55
1022,kb/disorders/Hydrops-Lactic_Acidosis-Sideroblastic_Anemia-Multisystemic_Failure_Syndrome.yaml,Hydrops-Lactic Acidosis-Sideroblastic Anemia-Multisystemic Failure Syndrome,61,64,39,10,36,30,129,148,2,21,16,0.75,25,0,0,0,0,0,0
1023,kb/disorders/Morquio_syndrome.yaml,Morquio syndrome,66,99,97,10,50,20,164,401,0,50,47,0.69,1,0,0,1,0,0,0
1024,kb/disorders/B4GALT1-Congenital_Disorder_of_Glycosylation.yaml,B4GALT1-Congenital Disorder of Glycosylation,64,80,59,10,41,21,125,256,0,35,24,0.65,20,0,0,0,1,0,59
1025,kb/disorders/Dimethylglycine_Dehydrogenase_Deficiency.yaml,Dimethylglycine Dehydrogenase Deficiency,35,46,45,10,32,22,172,228,1,30,14,0.64,0,0,0,0,1,0,45
1026,kb/disorders/Thanatophoric_Dysplasia_Type_1.yaml,Thanatophoric Dysplasia Type 1,66,84,67,9,34,53,139,277,3,28,36,0.99,17,0,0,0,0,0,0
1027,kb/disorders/Ebola_Virus_Disease_EVD.yaml,Ebola Virus Disease (EVD),57,103,29,9,9,40,19,75,4,19,6,0.99,26,0,0,0,48,0,29
1028,kb/disorders/CD16_Deficiency.yaml,CD16 Deficiency,38,52,36,9,20,36,89,128,3,21,12,0.96,15,0,0,0,1,0,36
1029,kb/disorders/Peeling_Skin_Syndrome.yaml,Peeling Skin Syndrome,62,76,50,9,28,42,125,249,2,22,26,0.95,26,0,0,0,0,0,0
1030,kb/disorders/CPLX1-Related_DEE.yaml,CPLX1-Related Developmental and Epileptic Encephalopathy,40,45,31,9,26,109,121,78,4,19,8,0.95,13,0,0,0,1,0,31
1031,kb/disorders/Cauda_Equina_Syndrome.yaml,Cauda Equina Syndrome,36,48,39,9,26,29,83,148,2,24,13,0.95,9,0,0,0,0,0,39
1032,kb/disorders/Adult_Onset_Foveomacular_Vitelliform_Dystrophy.yaml,Adult-Onset Foveomacular Vitelliform Dystrophy,30,37,31,9,19,43,88,100,2,20,9,0.95,6,0,0,0,0,0,31
1033,kb/disorders/Global_Developmental_Delay_Progressive_Ataxia_and_Elevated_Glutamine.yaml,"Global Developmental Delay, Progressive Ataxia, and Elevated Glutamine",33,36,22,9,18,20,40,69,0,13,9,0.95,13,0,0,1,0,0,0
1034,kb/disorders/CD27-related_lymphoproliferative_and_immune_disorder.yaml,CD27-related lymphoproliferative and immune disorder,55,78,76,9,44,18,186,294,2,40,34,0.9400000000000001,0,0,0,0,2,0,76
1035,kb/disorders/Immunodeficiency_67.yaml,Immunodeficiency 67,51,65,49,9,32,42,106,193,2,23,24,0.94,15,0,0,1,0,0,0
1036,kb/disorders/Clouston_Syndrome.yaml,Clouston Syndrome,41,51,37,9,25,46,94,120,2,24,11,0.94,14,0,0,0,0,0,37
1037,kb/disorders/Chronic_Pancreatitis.yaml,Chronic Pancreatitis,41,50,39,9,24,14,75,107,3,23,13,0.94,11,0,0,0,0,0,38
1038,kb/disorders/Hemophilia_A.yaml,Hemophilia A,59,75,52,9,28,37,109,198,1,31,20,0.93,22,0,0,1,0,0,0
1039,kb/disorders/Chronic_Primary_Adrenal_Insufficiency.yaml,Chronic Primary Adrenal Insufficiency,49,57,42,9,26,27,126,155,2,26,14,0.93,15,0,0,0,0,0,42
1040,kb/disorders/Frank-Ter_Haar_Syndrome.yaml,Frank-Ter Haar Syndrome,40,59,41,9,22,30,102,171,3,26,12,0.93,17,0,0,1,0,0,0
1041,kb/disorders/Lambert-Eaton_Myasthenic_Syndrome.yaml,Lambert-Eaton Myasthenic Syndrome,33,53,42,9,20,44,120,147,0,28,14,0.93,10,0,0,1,0,0,0
1042,kb/disorders/CDH1-Related_Hereditary_Diffuse_Gastric_Cancer.yaml,CDH1-Related Hereditary Diffuse Gastric Cancer,20,32,27,9,15,28,60,114,1,17,9,0.93,5,0,0,0,0,0,27
1043,kb/disorders/Diastrophic_Dysplasia.yaml,Diastrophic Dysplasia,76,105,78,9,40,23,157,331,2,34,42,0.9299999999999999,24,0,0,0,3,0,78
1044,kb/disorders/ATF6-Related_Retinopathy.yaml,ATF6-Related Retinopathy,34,48,48,9,30,38,139,151,6,28,14,0.92,0,0,0,0,0,0,48
1045,kb/disorders/ALG3-Congenital_Disorder_of_Glycosylation.yaml,ALG3-congenital disorder of glycosylation,67,87,61,9,39,27,147,237,1,41,19,0.91,26,0,0,0,0,0,61
1046,kb/disorders/Proteasome_Associated_Autoinflammatory_Syndrome.yaml,Proteasome-Associated Autoinflammatory Syndrome,53,78,63,9,31,56,146,283,2,31,30,0.91,14,0,0,1,0,0,0
1047,kb/disorders/BLOC1S1-related_Complex_Neurodevelopmental_Disorder_with_Leukodystrophy.yaml,BLOC1S1-related Complex Neurodevelopmental Disorder with Leukodystrophy,48,58,58,9,31,59,105,279,4,20,34,0.91,0,0,0,0,0,0,58
1048,kb/disorders/Autoimmune_Gastritis.yaml,Autoimmune Gastritis,58,82,52,9,25,41,129,185,1,40,11,0.91,30,0,0,0,0,0,51
1049,kb/disorders/Balkan_Endemic_Nephropathy.yaml,Balkan Endemic Nephropathy,36,39,23,9,18,21,53,76,1,16,6,0.91,16,0,0,0,0,0,23
1050,kb/disorders/Spermatogenic_Failure_18.yaml,Spermatogenic Failure 18,34,38,36,9,29,30,54,133,4,18,14,0.9,2,0,0,0,0,0,0
1051,kb/disorders/IgA_Pemphigus.yaml,IgA Pemphigus,49,62,40,9,24,26,106,189,1,26,13,0.9,22,0,0,0,0,0,0
1052,kb/disorders/Pyridoxine-Dependent_Epilepsy.yaml,Pyridoxine-Dependent Epilepsy,46,49,28,9,18,34,68,95,0,13,15,0.9,21,0,0,0,0,0,0
1053,kb/disorders/Thymic_Carcinoma.yaml,Thymic Carcinoma,39,46,27,9,18,39,108,115,1,20,6,0.9,18,0,0,1,0,0,0
1054,kb/disorders/Relapsing_Fever.yaml,Relapsing Fever,56,61,40,9,25,14,66,164,1,19,20,0.89,21,0,0,0,0,0,0
1055,kb/disorders/Cornelia_de_Lange_Syndrome_4.yaml,Cornelia de Lange Syndrome 4,52,83,60,9,24,35,137,196,4,43,13,0.88,22,0,0,0,1,0,60
1056,kb/disorders/Thyroid_Follicular_Carcinoma.yaml,Thyroid Follicular Carcinoma,37,49,38,9,21,45,133,118,5,25,8,0.88,10,0,0,1,0,0,0
1057,kb/disorders/ROS1_Rearranged_NSCLC.yaml,ROS1-Rearranged Non-Small Cell Lung Cancer,31,50,39,9,20,50,119,100,4,33,2,0.88,11,0,0,0,0,0,0
1058,kb/disorders/Bells_Palsy.yaml,Bell's palsy,41,47,41,9,26,21,66,145,1,19,21,0.87,0,0,1,0,5,0,41
1059,kb/disorders/Plague.yaml,Plague,39,45,25,9,17,59,49,73,1,21,3,0.86,20,0,0,0,0,0,0
1060,kb/disorders/Hypokalemic_Tubulopathy_and_Deafness.yaml,Hypokalemic Tubulopathy and Deafness,30,47,32,9,16,40,119,108,3,23,6,0.86,14,0,0,1,0,0,0
1061,kb/disorders/Embryonal_Carcinoma.yaml,Embryonal Carcinoma,58,70,46,9,32,56,159,188,2,40,4,0.85,24,0,0,0,0,0,0
1062,kb/disorders/Carney-Stratakis_Syndrome.yaml,Carney-Stratakis syndrome,35,44,37,9,27,16,79,130,3,23,11,0.85,7,0,0,0,0,0,37
1063,kb/disorders/MITF_Waardenburg_Tietz_Spectrum.yaml,MITF Waardenburg-Tietz Spectrum,28,35,28,9,18,32,77,130,1,19,8,0.85,7,0,0,0,0,0,0
1064,kb/disorders/Charlevoix-Saguenay_spastic_ataxia.yaml,Charlevoix-Saguenay spastic ataxia,57,61,50,9,34,11,96,208,0,21,29,0.84,11,0,0,0,0,0,50
1065,kb/disorders/Autosomal_Dominant_Robinow_Syndrome_2.yaml,Autosomal Dominant Robinow Syndrome 2,46,52,29,9,23,22,72,114,1,17,11,0.83,23,0,0,0,0,0,29
1066,kb/disorders/Hantavirus_Pulmonary_Syndrome.yaml,Hantavirus Pulmonary Syndrome,42,50,38,9,21,24,72,144,0,18,20,0.82,12,0,0,0,0,0,0
1067,kb/disorders/Familial_Hyperaldosteronism.yaml,familial hyperaldosteronism,41,48,40,9,29,26,88,191,1,25,14,0.8099999999999999,8,0,0,0,0,0,39
1068,kb/disorders/Familial_Sick_Sinus_Syndrome.yaml,Familial Sick Sinus Syndrome,38,50,37,9,23,25,143,129,1,25,11,0.8,13,0,0,0,0,0,0
1069,kb/disorders/Legionnaires_Disease.yaml,Legionnaires Disease,34,43,34,9,25,19,86,127,1,19,14,0.79,8,0,0,1,0,0,0
1070,kb/disorders/Lipoic_Acid_Synthetase_Deficiency.yaml,Lipoic Acid Synthetase Deficiency,38,56,50,9,32,33,204,184,2,35,13,0.78,6,0,0,0,0,0,0
1071,kb/disorders/Multiple_System_Atrophy.yaml,Multiple System Atrophy,57,68,43,9,31,15,101,199,0,30,13,0.77,23,0,0,2,0,0,0
1072,kb/disorders/Medullary_Sponge_Kidney.yaml,Medullary Sponge Kidney,45,60,51,9,29,18,89,180,2,25,24,0.77,8,0,0,1,0,0,0
1073,kb/disorders/Darier_Disease.yaml,Darier Disease,33,42,32,9,19,27,91,173,1,17,14,0.76,10,0,0,0,0,0,32
1074,kb/disorders/Cutaneous_Larva_Migrans.yaml,Cutaneous larva migrans,38,55,50,9,26,28,93,168,1,23,26,0.72,5,0,0,0,0,0,0
1075,kb/disorders/MGAT2-congenital_disorder_of_glycosylation.yaml,MGAT2-congenital disorder of glycosylation,52,54,53,9,39,11,71,253,0,7,46,0.71,1,0,0,0,0,0,0
1076,kb/disorders/Fountain_Syndrome.yaml,Fountain Syndrome,44,54,45,8,34,68,69,106,14,15,16,0.98,9,0,0,0,0,0,45
1077,kb/disorders/Mitochondrial_Complex_I_Deficiency_Nuclear_Type_24.yaml,"Mitochondrial Complex I Deficiency, Nuclear Type 24",28,39,28,8,15,44,73,67,7,17,4,0.98,11,0,0,0,0,0,0
1078,kb/disorders/Hereditary_Hemorrhagic_Telangiectasia_4.yaml,Hereditary Hemorrhagic Telangiectasia Type 4,22,34,26,8,14,73,67,47,4,20,2,0.97,8,0,0,0,0,0,0
1079,kb/disorders/Silicosis.yaml,Silicosis,56,67,38,8,26,39,127,116,2,34,2,0.95,29,0,0,0,0,0,0
1080,kb/disorders/Brachydactyly_Type_B1.yaml,Brachydactyly Type B1,31,47,36,8,21,66,119,146,4,22,10,0.95,10,0,0,0,1,0,36
1081,kb/disorders/BPTF-Related_Neurodevelopmental_Disorder.yaml,BPTF-Related Neurodevelopmental Disorder,136,191,23,8,16,25,45,102,0,13,10,0.95,43,0,0,0,125,0,23
1082,kb/disorders/Acute_Post-Surgical_Pain.yaml,Acute Post-Surgical Pain,40,49,33,8,22,25,109,131,1,23,9,0.94,16,0,0,0,0,0,33
1083,kb/disorders/Hodgkin_Lymphoma.yaml,Hodgkin Lymphoma,41,48,38,8,21,34,74,162,1,18,19,0.94,10,0,0,0,0,0,0
1084,kb/disorders/Charcot-Marie-Tooth_Disease.yaml,Charcot-Marie-Tooth Disease,27,52,37,8,14,66,52,116,2,32,3,0.94,12,0,0,0,3,0,37
1085,kb/disorders/Cataract_13_With_Adult_I_Phenotype.yaml,Cataract 13 With Adult I Phenotype,18,30,23,8,8,41,60,54,6,15,2,0.94,7,0,0,0,0,0,23
1086,kb/disorders/Dermatosparaxis_Ehlers-Danlos_Syndrome.yaml,Dermatosparaxis Ehlers-Danlos Syndrome,59,87,56,8,30,44,147,251,3,36,17,0.93,14,0,0,0,17,0,56
1087,kb/disorders/Immunodeficiency_32B.yaml,Immunodeficiency 32B,42,53,45,8,29,35,116,192,1,27,17,0.93,8,0,0,0,0,0,0
1088,kb/disorders/Paroxysmal_Nocturnal_Hemoglobinuria.yaml,Paroxysmal Nocturnal Hemoglobinuria,41,51,35,8,23,25,75,163,2,21,12,0.93,16,0,0,0,0,0,0
1089,kb/disorders/Acute_Hypotension.yaml,Acute Hypotension,32,36,33,8,22,36,72,87,5,17,11,0.93,3,0,0,0,0,0,33
1090,kb/disorders/Typhoid_Fever.yaml,Typhoid Fever,52,56,33,8,20,17,41,145,0,16,17,0.93,23,0,0,0,0,0,0
1091,kb/disorders/Corpus_Callosum_Agenesis-Intellectual_Disability-Coloboma-Micrognathia_Syndrome.yaml,Corpus Callosum Agenesis-Intellectual Disability-Coloboma-Micrognathia Syndrome,47,48,37,8,31,14,73,138,2,17,18,0.92,10,0,0,0,1,0,37
1092,kb/disorders/DOORS_Syndrome.yaml,DOORS Syndrome,41,52,34,8,21,28,110,135,3,18,13,0.92,18,0,0,0,0,0,34
1093,kb/disorders/Free_Sialic_Acid_Storage_Disease.yaml,Free Sialic Acid Storage Disease,79,99,77,8,39,20,124,357,0,32,45,0.91,20,0,0,0,2,0,77
1094,kb/disorders/D-Bifunctional_Protein_Deficiency.yaml,D-Bifunctional Protein Deficiency,35,39,29,8,19,37,72,95,2,17,10,0.9,10,0,0,0,0,0,29
1095,kb/disorders/22q11.2_Duplication_Syndrome.yaml,22q11.2 Duplication Syndrome,59,67,64,8,41,17,90,251,1,25,38,0.89,3,0,0,0,0,0,64
1096,kb/disorders/Eosinophilic_Fasciitis.yaml,Eosinophilic Fasciitis,37,44,35,8,28,16,123,131,0,21,14,0.89,9,0,0,0,0,0,0
1097,kb/disorders/Bullous_Pemphigoid.yaml,Bullous Pemphigoid,34,44,38,8,26,44,101,136,1,27,10,0.87,5,0,0,0,1,0,38
1098,kb/disorders/Immunodeficiency_105.yaml,Immunodeficiency 105,29,35,26,8,18,34,69,97,5,13,8,0.87,9,0,0,0,0,0,0
1099,kb/disorders/Spinal_Muscular_Atrophy_with_Respiratory_Distress_Type_1.yaml,Spinal Muscular Atrophy with Respiratory Distress Type 1,32,44,33,8,17,50,60,112,8,8,17,0.87,11,0,0,0,0,0,0
1100,kb/disorders/Camptodactyly.yaml,Camptodactyly,37,37,14,8,11,16,32,49,5,5,4,0.87,23,0,0,0,0,0,14
1101,kb/disorders/CN_Related_DEE.yaml,CN-Related Developmental and Epileptic Encephalopathy,38,46,33,8,26,19,87,129,0,18,15,0.86,6,0,0,0,7,0,33
1102,kb/disorders/Beck-Fahrner_Syndrome.yaml,Beck-Fahrner Syndrome,30,33,29,8,24,27,68,95,2,12,15,0.86,4,0,0,0,0,0,29
1103,kb/disorders/Brittle_Cornea_Syndrome.yaml,Brittle Cornea Syndrome,33,43,37,8,22,20,72,155,1,18,18,0.86,6,0,0,0,0,0,37
1104,kb/disorders/X-Linked_Spondyloepiphyseal_Dysplasia_Tarda.yaml,X-Linked Spondyloepiphyseal Dysplasia Tarda,38,53,35,8,21,28,86,99,2,24,9,0.86,16,0,0,2,0,0,0
1105,kb/disorders/Chronic_Insomnia_Disorder.yaml,Chronic Insomnia Disorder,30,43,31,8,17,35,54,89,5,19,7,0.86,11,0,0,0,1,0,31
1106,kb/disorders/Appendiceal_Neuroendocrine_Tumor.yaml,Appendiceal Neuroendocrine Tumor,27,33,33,8,24,20,73,108,0,23,10,0.85,0,0,0,0,0,0,33
1107,kb/disorders/Ficolin_3_Deficiency.yaml,Ficolin 3 Deficiency,31,41,29,8,18,35,60,87,3,20,6,0.84,12,0,0,0,0,0,29
1108,kb/disorders/Congenital_Leptin_Deficiency.yaml,Congenital Leptin Deficiency,38,61,50,8,27,34,133,177,0,41,9,0.82,11,0,0,0,0,0,0
1109,kb/disorders/Bietti_Crystalline_Dystrophy.yaml,Bietti Crystalline Dystrophy,24,33,25,8,14,44,85,100,2,18,5,0.81,8,0,0,0,0,0,25
1110,kb/disorders/IL21R_Deficiency.yaml,IL21R Deficiency,44,53,50,8,35,17,103,173,1,33,16,0.8,2,0,0,1,0,0,0
1111,kb/disorders/Acrocapitofemoral_Dysplasia.yaml,Acrocapitofemoral Dysplasia,102,152,24,8,17,24,49,91,0,14,10,0.79,20,0,0,4,104,0,24
1112,kb/disorders/Basal_Cell_Carcinoma.yaml,Basal Cell Carcinoma,41,47,23,8,16,36,98,50,0,21,2,0.79,24,0,0,0,0,0,23
1113,kb/disorders/Elsahy-Waters_Syndrome.yaml,Elsahy-Waters Syndrome,36,41,26,8,12,34,51,111,5,8,13,0.79,15,0,0,0,0,0,25
1114,kb/disorders/Dilated_Cardiomyopathy_1HH.yaml,Dilated Cardiomyopathy 1HH,19,25,17,8,11,26,84,68,0,16,1,0.79,8,0,0,0,0,0,17
1115,kb/disorders/Carbonic_Anhydrase_VA_Deficiency.yaml,Carbonic Anhydrase VA Deficiency,20,22,21,8,16,15,55,96,0,10,11,0.78,1,0,0,0,0,0,21
1116,kb/disorders/Dopa_Responsive_Dystonia.yaml,Dopa-Responsive Dystonia,28,40,35,8,23,18,127,151,0,24,11,0.77,4,0,0,0,1,0,35
1117,kb/disorders/IGF1_Deficiency.yaml,IGF1 Deficiency,30,36,26,8,20,36,79,89,1,20,5,0.77,10,0,0,0,0,0,0
1118,kb/disorders/LCA5-Related_Retinopathy.yaml,LCA5-Related Retinopathy,28,36,32,8,19,30,91,149,0,20,12,0.73,4,0,0,0,0,0,0
1119,kb/disorders/Genital_Lichen_Sclerosus.yaml,Genital Lichen Sclerosus,33,36,25,8,15,19,48,119,0,11,14,0.72,11,0,0,0,0,0,0
1120,"kb/disorders/Fructose-1,6-Bisphosphatase_Deficiency.yaml","Fructose-1,6-Bisphosphatase Deficiency",62,72,65,8,50,26,170,233,0,36,29,0.71,5,0,0,2,0,0,0
1121,kb/disorders/Central_Nervous_System_Teratoma.yaml,Central Nervous System Teratoma,49,56,51,8,42,18,130,153,0,40,11,0.71,5,0,0,0,0,0,51
1122,kb/disorders/Chronic_Lymphocytic_Leukemia.yaml,Chronic Lymphocytic Leukemia,48,50,17,8,14,14,30,57,1,11,5,0.7,33,0,0,0,0,0,17
1123,kb/disorders/Pyruvate_Carboxylase_Deficiency_Disease.yaml,Pyruvate Carboxylase Deficiency Disease,60,64,63,8,53,14,161,226,2,35,26,0.69,1,0,0,0,0,0,0
1124,kb/disorders/Arterial_Tortuosity_Syndrome.yaml,Arterial Tortuosity Syndrome,47,51,49,8,32,16,94,189,1,15,33,0.65,2,0,0,0,0,0,49
1125,kb/disorders/46_XY_DSD_Due_to_5_Alpha_Reductase_2_Deficiency.yaml,"46,XY disorder of sex development due to 5-alpha-reductase 2 deficiency",57,69,66,8,49,10,127,282,1,26,39,0.64,0,0,0,3,0,0,66
1126,kb/disorders/African_Tick-Bite_Fever.yaml,African Tick-Bite Fever,43,48,31,7,22,13,53,121,1,13,17,0.98,17,0,0,0,0,0,0
1127,kb/disorders/Immunodeficiency_79.yaml,Immunodeficiency 79,37,46,29,7,18,35,57,109,6,12,11,0.97,17,0,0,0,0,0,0
1128,kb/disorders/FG_Syndrome_4.yaml,FG Syndrome 4,31,44,32,7,20,14,93,117,2,21,9,0.96,8,0,0,0,4,0,32
1129,kb/disorders/NDE1-related_Microcephaly_Lissencephaly.yaml,NDE1-related Microcephaly-Lissencephaly,33,44,26,7,14,179,172,108,2,16,8,0.96,16,2,0,0,0,0,0
1130,kb/disorders/Mobitz_Type_I_Atrioventricular_Block.yaml,Mobitz Type I Atrioventricular Block,21,24,14,7,8,41,25,52,2,7,5,0.96,10,0,0,0,0,0,0
1131,kb/disorders/Brachydactyly_Type_E1.yaml,Brachydactyly Type E1,32,46,37,7,21,47,102,138,4,21,12,0.95,9,0,0,0,0,0,37
1132,kb/disorders/Antley-Bixler_Syndrome_FGFR2-Related.yaml,"Antley-Bixler Syndrome, FGFR2-Related",27,37,25,7,12,88,71,76,2,12,11,0.95,12,0,0,0,0,0,25
1133,kb/disorders/Chromosome_3q29_Microduplication_Syndrome.yaml,Chromosome 3q29 Microduplication Syndrome,39,54,39,7,23,51,68,138,2,22,15,0.94,15,0,0,0,0,0,39
1134,kb/disorders/Breast_Implant_Associated_Anaplastic_Large_Cell_Lymphoma.yaml,Breast Implant-Associated Anaplastic Large Cell Lymphoma,24,29,28,7,17,18,66,101,1,18,9,0.94,1,0,0,0,0,0,28
1135,kb/disorders/FGFR2-Related_Bent_Bone_Dysplasia.yaml,FGFR2-Related Bent Bone Dysplasia,45,59,41,7,20,46,82,187,2,22,17,0.92,18,0,0,0,0,0,0
1136,kb/disorders/Dilated_Cardiomyopathy_1B.yaml,Dilated Cardiomyopathy 1B,23,36,34,7,20,45,80,92,3,25,6,0.92,2,0,0,0,0,0,34
1137,kb/disorders/Hereditary_Breast_and_Ovarian_Cancer_Syndrome.yaml,Hereditary Breast and Ovarian Cancer Syndrome,31,33,19,7,15,22,55,54,1,13,5,0.92,14,0,0,0,0,0,0
1138,kb/disorders/BRAF_V600E_Mutant_Colorectal_Cancer.yaml,BRAF V600E-Mutant Colorectal Cancer,41,43,13,7,9,45,34,55,4,6,3,0.92,30,0,0,0,0,0,13
1139,kb/disorders/UGGT1-congenital_disorder_of_glycosylation.yaml,UGGT1-congenital disorder of glycosylation,52,54,44,7,35,41,101,150,0,21,23,0.91,10,0,0,0,0,0,0
1140,kb/disorders/Carvajal_Syndrome.yaml,Carvajal Syndrome,43,50,42,7,27,37,103,222,2,23,17,0.91,8,0,0,0,0,0,42
1141,kb/disorders/GATA2_Deficiency.yaml,GATA2 Deficiency,49,63,43,7,23,13,70,156,2,29,12,0.91,20,0,0,0,0,0,40
1142,kb/disorders/Developmental_Stuttering.yaml,Developmental Stuttering,32,45,32,7,15,26,56,116,2,15,15,0.91,13,0,0,0,0,0,0
1143,kb/disorders/Gambling_Disorder.yaml,Gambling Disorder,24,28,18,7,12,21,36,62,1,13,4,0.91,10,0,0,0,0,0,0
1144,kb/disorders/Livedoid_Vasculopathy.yaml,Livedoid vasculopathy,19,21,21,7,13,13,36,80,1,11,9,0.9,0,0,0,0,0,0,0
1145,kb/disorders/CTCF-related_Neurodevelopmental_Disorder.yaml,CTCF-related Neurodevelopmental Disorder,57,71,47,7,32,22,120,200,0,29,18,0.89,24,0,0,0,0,0,47
1146,kb/disorders/Blepharophimosis_Ptosis_and_Epicanthus_Inversus_Syndrome.yaml,"Blepharophimosis, Ptosis, and Epicanthus Inversus Syndrome",39,48,36,7,25,18,85,161,2,16,18,0.89,11,0,0,0,1,0,36
1147,kb/disorders/Cough_Variant_Asthma.yaml,Cough Variant Asthma,21,33,31,7,17,44,78,92,1,23,7,0.89,2,0,0,0,0,0,31
1148,kb/disorders/GNAO1-Related_Developmental_and_Epileptic_Encephalopathy.yaml,GNAO1-Related Developmental and Epileptic Encephalopathy,66,72,29,7,22,18,117,95,0,23,6,0.88,43,0,0,0,0,0,27
1149,kb/disorders/Brachydactyly_Type_D.yaml,Brachydactyly Type D,24,35,29,7,18,44,90,93,2,15,12,0.88,6,0,0,0,0,0,29
1150,kb/disorders/Multiple_Synostoses_Syndrome.yaml,Multiple Synostoses Syndrome,31,44,30,7,14,19,81,109,2,13,15,0.88,14,0,0,0,0,0,0
1151,kb/disorders/Langer_Mesomelic_Dysplasia.yaml,Langer Mesomelic Dysplasia,44,58,36,7,20,24,124,135,2,21,13,0.87,22,0,0,0,0,0,0
1152,kb/disorders/EFL1-related_Shwachman-Diamond_syndrome.yaml,EFL1-related Shwachman-Diamond syndrome,34,42,40,7,26,13,85,163,1,15,24,0.86,1,0,0,0,1,0,40
1153,kb/disorders/Mitochondrial_Neurogastrointestinal_Encephalomyopathy.yaml,Mitochondrial Neurogastrointestinal Encephalomyopathy,37,38,38,7,31,15,62,164,2,15,21,0.85,0,0,0,0,0,0,0
1154,kb/disorders/Congenital_Sodium_Diarrhea.yaml,Congenital Sodium Diarrhea,31,38,29,7,16,13,95,162,2,16,11,0.85,9,0,0,0,0,0,29
1155,kb/disorders/Cervical_Cancer.yaml,Cervical Cancer,51,54,22,7,19,16,76,62,1,17,4,0.82,32,0,0,0,0,0,22
1156,kb/disorders/Carney_Complex.yaml,Carney Complex,24,36,30,7,18,20,78,124,0,22,8,0.81,6,0,0,0,0,0,30
1157,kb/disorders/NDP_Related_Vitreoretinopathy.yaml,NDP-Related Vitreoretinopathy,22,27,22,7,11,14,50,107,1,10,11,0.81,5,0,0,0,0,0,0
1158,kb/disorders/Chronic_Recurrent_Multifocal_Osteomyelitis.yaml,Chronic Recurrent Multifocal Osteomyelitis,28,33,28,7,22,15,57,88,0,21,7,0.79,5,0,0,0,0,0,28
1159,kb/disorders/Metatropic_Dysplasia.yaml,Metatropic Dysplasia,47,63,44,7,17,17,93,162,0,24,20,0.79,18,0,0,1,0,0,0
1160,kb/disorders/Cyclosporiasis.yaml,Cyclosporiasis,52,64,52,7,34,13,90,175,0,28,24,0.78,11,0,0,0,1,0,52
1161,kb/disorders/PHARC_syndrome.yaml,PHARC syndrome,38,43,33,7,24,19,95,121,0,21,12,0.78,10,0,0,0,0,0,0
1162,kb/disorders/Ayme-Gripp_Syndrome.yaml,Ayme-Gripp syndrome,44,50,44,7,31,17,95,136,2,20,22,0.77,6,0,0,0,0,0,44
1163,kb/disorders/Colon_Adenocarcinoma.yaml,Colon Adenocarcinoma,47,54,33,7,25,18,82,94,1,29,3,0.77,20,0,0,0,1,0,33
1164,kb/disorders/Congenital_Renal_Artery_Stenosis.yaml,Congenital Renal Artery Stenosis,24,28,25,7,18,17,72,70,3,19,3,0.77,3,0,0,0,0,0,0
1165,kb/disorders/Breast_Carcinoma.yaml,Breast Carcinoma,35,37,17,7,14,17,32,68,1,13,3,0.77,20,0,0,0,0,0,17
1166,kb/disorders/Chronic_Inflammatory_Demyelinating_Polyneuropathy.yaml,Chronic Inflammatory Demyelinating Polyneuropathy,24,27,19,7,15,21,49,60,2,10,7,0.76,7,0,0,0,1,0,19
1167,kb/disorders/Autosomal_Recessive_Nonsyndromic_Hearing_Loss_15.yaml,Autosomal Recessive Nonsyndromic Hearing Loss 15,52,71,23,7,13,10,42,107,1,13,9,0.76,4,0,0,0,44,0,23
1168,kb/disorders/Streptococcal_Pharyngitis.yaml,Streptococcal Pharyngitis,44,51,32,7,12,19,66,207,0,11,21,0.76,19,0,0,0,0,0,0
1169,kb/disorders/Hereditary_Spastic_Paraplegia_11.yaml,Hereditary Spastic Paraplegia 11,30,36,32,7,25,13,62,161,1,10,21,0.75,4,0,0,0,0,0,0
1170,kb/disorders/Glycogen_Storage_Disease_Type_VII.yaml,Glycogen Storage Disease Type VII,56,69,68,7,40,18,106,323,0,17,51,0.74,0,0,0,1,0,0,0
1171,kb/disorders/Cerebral_Amyloid_Angiopathy.yaml,Cerebral Amyloid Angiopathy,52,61,35,7,26,17,78,104,0,21,14,0.72,13,0,0,0,13,0,35
1172,kb/disorders/Queensland_Tick_Typhus.yaml,Queensland Tick Typhus,47,52,33,7,23,11,57,130,1,15,17,0.72,19,0,0,0,0,0,0
1173,kb/disorders/Dilated_Cardiomyopathy_1E.yaml,Dilated Cardiomyopathy 1E,18,23,15,7,11,15,51,62,0,13,2,0.66,7,0,0,0,1,0,15
1174,kb/disorders/Adult_T_Cell_Leukemia_Lymphoma.yaml,Adult T-Cell Leukemia/Lymphoma,60,71,61,7,28,15,74,302,0,19,42,0.64,6,0,0,0,4,0,61
1175,kb/disorders/Hypertrophic_Cardiomyopathy_13.yaml,Hypertrophic Cardiomyopathy 13,20,22,13,7,11,12,51,55,1,10,2,0.64,9,0,0,0,0,0,0
1176,kb/disorders/Allergic_Cutaneous_Vasculitis.yaml,Allergic Cutaneous Vasculitis,41,46,46,6,32,13,95,160,1,17,28,0.98,0,0,0,0,0,0,46
1177,kb/disorders/Hereditary_Diffuse_Leukoencephalopathy_with_Spheroids.yaml,Hereditary Diffuse Leukoencephalopathy with Spheroids,23,33,32,6,17,47,62,135,11,9,12,0.98,0,0,0,1,0,0,0
1178,kb/disorders/Cronkhite-Canada_syndrome.yaml,Cronkhite-Canada syndrome,20,39,39,6,18,19,90,118,1,22,16,0.97,0,0,0,0,0,0,39
1179,kb/disorders/Branchiooculofacial_Syndrome.yaml,Branchiooculofacial Syndrome,64,77,46,6,23,46,89,217,0,20,26,0.95,28,0,0,0,3,0,46
1180,kb/disorders/Classical-like_Ehlers-Danlos_Syndrome.yaml,Classical-like Ehlers-Danlos Syndrome,71,78,52,6,36,26,90,209,3,19,30,0.94,26,0,0,0,0,0,52
1181,kb/disorders/Chromosome_18p_Deletion_Syndrome.yaml,Chromosome 18p Deletion Syndrome,51,53,27,6,22,15,60,92,2,17,8,0.94,26,0,0,0,0,0,0
1182,kb/disorders/CACNA1E-Related_Developmental_and_Epileptic_Encephalopathy.yaml,CACNA1E-Related Developmental and Epileptic Encephalopathy,41,54,38,6,21,27,120,180,0,25,13,0.94,16,0,0,0,0,0,37
1183,kb/disorders/Autoimmune_Retinopathy.yaml,Autoimmune Retinopathy,23,42,35,6,18,32,106,126,2,26,7,0.94,3,0,0,0,4,0,35
1184,kb/disorders/TEX11-related_spermatogenic_failure.yaml,TEX11-related spermatogenic failure,29,37,28,6,16,33,65,123,1,15,12,0.94,9,0,0,0,0,0,0
1185,kb/disorders/KCNA2-Related_Developmental_and_Epileptic_Encephalopathy.yaml,KCNA2-Related Developmental and Epileptic Encephalopathy,50,60,38,6,23,81,156,163,2,23,13,0.93,22,0,0,0,0,0,0
1186,kb/disorders/Muenke_Syndrome.yaml,Muenke Syndrome,31,39,26,6,16,28,74,60,3,15,8,0.93,13,0,0,0,0,0,0
1187,kb/disorders/EDARADD_Hypohidrotic_Ectodermal_Dysplasia.yaml,EDARADD-Related Hypohidrotic Ectodermal Dysplasia,41,52,32,6,21,34,89,125,0,20,12,0.9299999999999999,20,0,0,0,0,0,0
1188,kb/disorders/Osteoarthritis.yaml,Osteoarthritis,47,55,30,6,18,57,112,135,0,18,12,0.92,25,0,0,0,0,0,0
1189,kb/disorders/Congenital_Tufting_Enteropathy.yaml,Congenital Tufting Enteropathy,28,34,25,6,17,15,66,129,1,15,9,0.92,9,0,0,0,0,0,25
1190,kb/disorders/Akinetopsia.yaml,Akinetopsia,19,34,34,6,13,48,84,81,4,19,11,0.92,0,0,0,0,0,0,34
1191,kb/disorders/EDAR_Hypohidrotic_Ectodermal_Dysplasia.yaml,EDAR-Related Hypohidrotic Ectodermal Dysplasia,59,79,49,6,25,118,135,193,2,32,15,0.91,30,0,0,0,0,0,0
1192,kb/disorders/Malignant_Peritoneal_Mesothelioma.yaml,Malignant Peritoneal Mesothelioma,42,44,32,6,20,16,59,152,0,8,24,0.91,12,0,0,0,0,0,0
1193,kb/disorders/Autosomal_Recessive_Congenital_Ichthyosis.yaml,Autosomal Recessive Congenital Ichthyosis,110,139,30,6,14,25,56,116,0,16,14,0.91,42,0,0,0,67,0,30
1194,kb/disorders/Charcot-Marie-Tooth_Disease_Type_4.yaml,Charcot-Marie-Tooth Disease Type 4,40,42,24,6,18,32,49,105,1,14,9,0.9,16,0,0,0,2,0,24
1195,kb/disorders/Cholangiocarcinoma.yaml,Cholangiocarcinoma,38,50,22,6,11,27,69,51,1,19,2,0.9,22,0,0,0,6,0,22
1196,kb/disorders/Cervical_Adenocarcinoma.yaml,Cervical Adenocarcinoma,26,30,15,6,10,45,20,31,3,10,2,0.9,15,0,0,0,0,0,15
1197,kb/disorders/Cori_Forbes_Disease.yaml,Cori Forbes Disease,50,65,49,6,33,14,189,226,0,28,21,0.89,16,0,0,0,0,0,0
1198,kb/disorders/Chromosome_16p12.2-p11.2_Deletion_Syndrome.yaml,Chromosome 16p12.2-p11.2 Deletion Syndrome,23,27,16,6,10,18,28,57,2,7,7,0.89,11,0,0,0,0,0,16
1199,kb/disorders/Human_African_Trypanosomiasis.yaml,Human African trypanosomiasis,24,34,28,6,9,23,46,110,0,17,11,0.89,6,0,0,0,0,0,0
1200,kb/disorders/Synovial_Sarcoma.yaml,Synovial Sarcoma,35,47,32,6,18,19,70,113,1,26,5,0.88,14,0,0,1,0,0,0
1201,kb/disorders/Omphalocele.yaml,Omphalocele,34,38,26,6,15,26,68,86,1,15,10,0.88,12,0,0,0,0,0,0
1202,kb/disorders/Autosomal_Dominant_Osteopetrosis_Type_II.yaml,Autosomal Dominant Osteopetrosis Type II,51,63,39,6,22,11,68,155,0,21,18,0.87,24,0,0,0,0,0,38
1203,kb/disorders/Triple_Negative_Breast_Cancer.yaml,Triple-Negative Breast Cancer,42,46,27,6,20,27,86,85,2,21,4,0.87,19,0,0,0,0,0,0
1204,kb/disorders/Bronchiectasis_With_Or_Without_Elevated_Sweat_Chloride_1.yaml,Bronchiectasis With Or Without Elevated Sweat Chloride 1,41,43,33,6,29,14,77,135,1,17,15,0.86,10,0,0,0,0,0,33
1205,kb/disorders/Osteogenesis_Imperfecta_Type_XVII.yaml,Osteogenesis Imperfecta Type XVII,20,25,22,6,17,31,73,63,2,16,4,0.86,3,0,0,0,0,0,0
1206,kb/disorders/Corticobasal_Syndrome.yaml,Corticobasal Syndrome,23,33,31,6,16,57,82,102,0,22,9,0.86,2,0,0,0,0,0,31
1207,kb/disorders/Clear_Cell_Sarcoma.yaml,Clear Cell Sarcoma,24,29,23,6,13,15,43,61,2,15,6,0.86,6,0,0,0,0,0,23
1208,kb/disorders/Dyskeratosis_Congenita_Autosomal_Recessive_2.yaml,Dyskeratosis Congenita Autosomal Recessive 2,77,94,60,6,42,32,163,200,0,46,14,0.85,34,0,0,0,0,0,0
1209,kb/disorders/HCN1-Related_Developmental_and_Epileptic_Encephalopathy.yaml,HCN1-Related Developmental and Epileptic Encephalopathy,27,36,28,6,18,29,102,82,0,20,8,0.85,8,0,0,0,0,0,0
1210,kb/disorders/Cardiomyopathy_Dilated_2E.yaml,Dilated Cardiomyopathy 2E,29,37,23,6,15,21,51,78,4,14,5,0.85,13,0,0,0,1,0,23
1211,kb/disorders/Sensory_Ataxic_Neuropathy_Dysarthria_Ophthalmoparesis.yaml,"Sensory Ataxic Neuropathy, Dysarthria, and Ophthalmoparesis",21,23,22,6,15,14,49,87,1,11,10,0.85,1,0,0,0,0,0,0
1212,kb/disorders/Oculopharyngeal_Muscular_Dystrophy.yaml,Oculopharyngeal Muscular Dystrophy,46,66,62,6,33,27,113,251,1,36,25,0.84,4,0,0,0,0,0,0
1213,kb/disorders/Isolated_Pierre_Robin_Syndrome.yaml,Isolated Pierre Robin Syndrome,21,23,18,6,15,21,43,82,1,11,6,0.84,4,0,0,1,0,0,0
1214,kb/disorders/Mitochondrial_Complex_I_Deficiency_Nuclear_Type_19.yaml,Mitochondrial Complex I Deficiency Nuclear Type 19,41,53,48,6,35,15,114,180,1,33,14,0.83,5,0,0,0,0,0,0
1215,kb/disorders/Cannabis_Hyperemesis_Syndrome.yaml,Cannabis Hyperemesis Syndrome,26,45,32,6,14,33,101,140,0,22,10,0.82,8,0,0,0,5,0,32
1216,kb/disorders/Choroideremia.yaml,Choroideremia,18,22,17,6,13,20,45,72,1,13,3,0.81,5,0,0,0,0,0,17
1217,kb/disorders/Burkitt_Lymphoma.yaml,Burkitt Lymphoma,42,47,37,6,27,7,66,149,0,19,18,0.8,8,0,0,0,2,0,37
1218,kb/disorders/Hypoplasminogenemia.yaml,Hypoplasminogenemia,33,39,28,6,16,16,60,113,0,12,16,0.8,11,0,0,0,0,0,0
1219,kb/disorders/Auto-Brewery_Syndrome.yaml,Auto-Brewery Syndrome,47,55,55,6,35,22,127,213,0,31,24,0.79,0,0,0,0,0,0,55
1220,kb/disorders/Autosomal_Dominant_Optic_Atrophy_Plus.yaml,Autosomal Dominant Optic Atrophy Plus,33,44,28,6,14,31,75,118,1,17,10,0.79,16,0,0,0,0,0,24
1221,kb/disorders/Central_Retinal_Artery_Occlusion.yaml,Central Retinal Artery Occlusion,24,24,16,6,13,14,23,65,1,8,7,0.79,8,0,0,0,0,0,16
1222,kb/disorders/Dilated_Cardiomyopathy_1D.yaml,Dilated Cardiomyopathy 1D,16,21,14,6,9,23,58,52,2,9,3,0.79,7,0,0,0,0,0,0
1223,kb/disorders/Aromatase_Excess_Syndrome.yaml,Aromatase Excess Syndrome,35,47,38,6,23,19,75,192,1,20,17,0.78,9,0,0,0,0,0,38
1224,kb/disorders/Central_Areolar_Choroidal_Dystrophy.yaml,Central Areolar Choroidal Dystrophy,37,38,19,6,16,8,59,62,0,14,5,0.77,19,0,0,0,0,0,19
1225,kb/disorders/Dilated_Cardiomyopathy_1I.yaml,Dilated Cardiomyopathy 1I,18,23,15,6,10,28,66,46,2,13,0,0.77,8,0,0,0,0,0,15
1226,kb/disorders/Chromosome_18q_Deletion_Syndrome.yaml,Chromosome 18q Deletion Syndrome,43,50,32,6,20,16,57,125,0,16,16,0.76,18,0,0,0,0,0,32
1227,kb/disorders/BMP2-Related_Short_Stature-Facial_Dysmorphism-Skeletal_Anomalies_Syndrome.yaml,BMP2-Related Short Stature-Facial Dysmorphism-Skeletal Anomalies Syndrome,147,184,19,6,15,18,26,80,0,7,12,0.76,24,0,0,0,141,0,19
1228,kb/disorders/MCM9-related_gametogenic_failure.yaml,MCM9-related gametogenic failure,35,46,38,6,19,22,64,121,2,22,14,0.75,8,0,0,0,0,0,0
1229,kb/disorders/Hailey-Hailey_Disease.yaml,Hailey-Hailey Disease,26,34,26,6,17,19,94,104,0,16,10,0.74,7,0,0,1,0,0,0
1230,kb/disorders/Medulloblastoma_SHH_Activated.yaml,"Medulloblastoma, SHH-Activated",26,28,20,6,17,6,57,65,0,18,2,0.73,8,0,0,0,0,0,0
1231,kb/disorders/Colobomatous_Microphthalmia-Rhizomelic_Dysplasia_Syndrome.yaml,Colobomatous Microphthalmia-Rhizomelic Dysplasia Syndrome,30,33,18,6,15,27,48,71,2,10,6,0.73,14,0,0,0,1,0,18
1232,kb/disorders/Fuhrmann_Syndrome.yaml,Fuhrmann Syndrome,26,28,13,6,9,12,30,40,3,7,3,0.73,15,0,0,0,0,0,0
1233,kb/disorders/Brachydactyly_Type_B2.yaml,Brachydactyly Type B2,27,32,24,6,18,19,96,80,2,15,7,0.71,8,0,0,0,0,0,24
1234,kb/disorders/Penttinen_Premature_Aging_Syndrome.yaml,Penttinen_Premature_Aging_Syndrome,18,19,15,6,14,6,28,46,1,8,6,0.69,4,0,0,0,0,0,0
1235,kb/disorders/Beta_Mannosidosis.yaml,Beta Mannosidosis,47,62,50,6,31,17,132,178,0,34,16,0.68,12,0,0,0,0,0,50
1236,kb/disorders/DK1-congenital_disorder_of_glycosylation.yaml,DK1-congenital disorder of glycosylation,56,72,55,6,35,12,111,232,1,22,32,0.65,17,0,0,0,0,0,0
1237,kb/disorders/Chordoma.yaml,Chordoma,52,64,42,5,23,21,117,150,2,27,13,0.96,22,0,0,0,0,0,42
1238,kb/disorders/Combined_Immunodeficiency_Due_To_Moesin_Deficiency.yaml,Combined Immunodeficiency Due To Moesin Deficiency,34,39,24,5,14,43,26,135,3,7,14,0.96,15,0,0,0,0,0,0
1239,kb/disorders/GRIN1-Related_Neurodevelopmental_Disorder.yaml,GRIN1-Related Neurodevelopmental Disorder,55,68,51,5,37,42,152,203,1,33,17,0.95,17,0,0,0,0,0,51
1240,kb/disorders/Bladder_Urothelial_Carcinoma.yaml,Bladder Urothelial Carcinoma,38,51,33,5,19,75,87,121,2,24,7,0.95,18,0,0,0,0,0,33
1241,kb/disorders/Arteriosclerotic_Retinopathy.yaml,Arteriosclerotic Retinopathy,12,21,21,5,11,19,48,65,1,15,5,0.95,0,0,0,0,0,0,21
1242,kb/disorders/KRAS_G12C_Mutant_NSCLC.yaml,KRAS G12C-Mutant Non-Small Cell Lung Cancer,28,29,13,5,12,25,29,41,0,13,0,0.94,16,0,0,0,0,0,0
1243,kb/disorders/Multisystemic_Smooth_Muscle_Dysfunction_Syndrome.yaml,Multisystemic smooth muscle dysfunction syndrome,21,25,25,5,16,11,47,104,1,9,15,0.93,0,0,0,0,0,0,0
1244,kb/disorders/Triglyceride_Storage_Disease_Type_2.yaml,Triglyceride Storage Disease Type 2,16,18,15,5,9,37,23,65,4,8,3,0.93,3,0,0,0,0,0,0
1245,kb/disorders/Flinders_Island_Spotted_Fever.yaml,Flinders Island Spotted Fever,42,52,35,5,21,13,65,149,2,16,17,0.92,17,0,0,0,0,0,0
1246,kb/disorders/Pediatric_Acute-Onset_Neuropsychiatric_Syndrome.yaml,Pediatric Acute-onset Neuropsychiatric Syndrome,32,39,31,5,21,20,71,118,1,21,9,0.92,8,0,0,0,0,0,0
1247,kb/disorders/Myeloperoxidase_Deficiency.yaml,Myeloperoxidase Deficiency,39,58,49,5,24,12,107,236,1,27,21,0.89,9,0,0,0,0,0,0
1248,kb/disorders/Shprintzen-Goldberg_Syndrome.yaml,Shprintzen-Goldberg Syndrome,27,37,31,5,18,22,54,97,2,16,13,0.89,6,0,0,0,0,0,0
1249,kb/disorders/SUFU-related_Nevoid_Basal_Cell_Carcinoma_Syndrome.yaml,SUFU-related nevoid basal cell carcinoma syndrome,19,29,29,5,17,18,76,97,0,20,9,0.89,0,0,0,0,0,0,0
1250,kb/disorders/Hereditary_Sensory_and_Autonomic_Neuropathy_Type_1C.yaml,Hereditary Sensory and Autonomic Neuropathy Type 1C,24,36,26,5,14,24,66,87,2,18,6,0.89,10,0,0,0,0,0,0
1251,kb/disorders/Fibrochondrogenesis.yaml,Fibrochondrogenesis,41,61,57,5,35,19,124,210,1,29,27,0.88,4,0,0,0,0,0,57
1252,kb/disorders/CAPRIN1_Related_Neurodevelopmental_Disorder.yaml,CAPRIN1 Related Neurodevelopmental Disorder,43,52,32,5,22,31,48,129,3,19,10,0.88,20,0,0,0,0,0,32
1253,kb/disorders/Coronary_Artery_Disease.yaml,Coronary Artery Disease,84,112,26,5,13,40,92,95,2,20,4,0.88,46,0,0,0,40,0,26
1254,kb/disorders/Acute_Macular_Neuroretinopathy.yaml,Acute Macular Neuroretinopathy,17,20,17,5,11,11,47,61,1,10,6,0.88,3,0,0,0,0,0,17
1255,kb/disorders/Hemophilia.yaml,Hemophilia,38,47,34,5,22,33,74,127,0,24,10,0.87,13,0,0,0,0,0,0
1256,kb/disorders/Congenital_Isolated_Hyperinsulinism.yaml,Congenital Isolated Hyperinsulinism,70,87,29,5,20,10,89,126,1,18,10,0.87,18,0,0,0,40,0,29
1257,kb/disorders/Enhanced_S-Cone_Syndrome.yaml,Enhanced S-Cone Syndrome,24,32,25,5,16,15,122,112,0,17,8,0.87,7,0,0,0,0,0,22
1258,kb/disorders/Bejel.yaml,Bejel,47,62,19,5,13,24,82,39,1,16,2,0.87,6,0,0,0,37,0,19
1259,kb/disorders/Cat-Scratch_Disease.yaml,Cat-scratch Disease,45,52,38,5,16,10,47,158,0,12,26,0.86,10,0,0,0,4,0,38
1260,kb/disorders/Hypertensive_Retinopathy.yaml,Hypertensive Retinopathy,27,31,30,5,26,23,69,96,3,17,10,0.85,0,0,0,1,0,0,0
1261,kb/disorders/Idiopathic_Phalangeal_Acro-osteolysis.yaml,Idiopathic Phalangeal Acro-osteolysis,20,29,29,5,20,12,54,75,2,15,12,0.84,0,0,0,0,0,0,0
1262,kb/disorders/COX20-Related_COX_Deficiency.yaml,COX20-Related COX Deficiency,23,27,21,5,16,11,52,62,2,13,6,0.84,6,0,0,0,0,0,21
1263,kb/disorders/Charcot-Marie-Tooth_Disease-Hearing_Loss-Intellectual_Disability_Syndrome.yaml,Charcot-Marie-Tooth Disease-Hearing Loss-Intellectual Disability Syndrome,25,28,16,5,13,17,57,51,0,9,7,0.84,12,0,0,0,0,0,16
1264,kb/disorders/Boucher-Neuhauser_Syndrome.yaml,Boucher-Neuhauser Syndrome,70,82,56,5,39,24,126,220,0,24,32,0.83,26,0,0,0,0,0,56
1265,kb/disorders/CRX_Related_Retinopathy.yaml,CRX-Related Retinopathy,30,46,32,5,15,28,95,62,2,26,4,0.83,14,0,0,0,0,0,32
1266,kb/disorders/MALT_Lymphoma.yaml,MALT Lymphoma,23,26,19,5,13,9,52,67,0,12,7,0.83,7,0,0,0,0,0,0
1267,kb/disorders/Schimke_Immuno-osseous_Dysplasia.yaml,Schimke immuno-osseous dysplasia,59,100,99,5,51,13,238,386,0,64,35,0.82,1,0,0,0,0,0,0
1268,kb/disorders/GOLGA2-Related_Golgin_A2_Deficiency.yaml,GOLGA2-Related Golgin A2 Deficiency,22,27,23,5,18,15,63,90,1,10,12,0.82,4,0,0,0,0,0,0
1269,kb/disorders/Griscelli_Syndrome_Type_2.yaml,Griscelli Syndrome Type 2,27,32,25,5,19,24,59,104,1,16,8,0.81,7,0,0,0,0,0,0
1270,kb/disorders/Crigler-Najjar_Syndrome.yaml,Crigler-Najjar Syndrome,26,32,25,5,17,14,75,109,0,18,7,0.81,7,0,0,0,0,0,24
1271,kb/disorders/Chronic_Neurovisceral_Acid_Sphingomyelinase_Deficiency.yaml,Chronic Neurovisceral Acid Sphingomyelinase Deficiency,21,21,20,5,16,9,44,62,1,14,5,0.81,1,0,0,0,0,0,19
1272,kb/disorders/NARP_syndrome.yaml,NARP syndrome,43,53,41,5,25,20,119,167,1,15,25,0.8,12,0,0,0,0,0,0
1273,kb/disorders/DeSanto-Shinawi_Syndrome.yaml,DeSanto-Shinawi syndrome,35,42,27,5,15,12,44,113,2,12,13,0.8,15,0,0,0,0,0,27
1274,kb/disorders/Osteogenesis_Imperfecta_Type_X.yaml,Osteogenesis Imperfecta Type X,18,27,24,5,15,33,64,70,1,20,3,0.8,3,0,0,0,0,0,0
1275,kb/disorders/Congenital_Lactase_Deficiency.yaml,Congenital Lactase Deficiency,21,29,28,5,19,19,71,107,0,17,11,0.78,0,0,0,1,0,0,0
1276,kb/disorders/Cervical_Squamous_Cell_Carcinoma.yaml,Cervical Squamous Cell Carcinoma,30,32,15,5,13,6,29,46,1,12,2,0.77,17,0,0,0,0,0,15
1277,kb/disorders/Campomelic_Dysplasia.yaml,Campomelic Dysplasia,61,71,39,5,18,26,73,152,2,13,24,0.76,30,0,0,0,2,0,39
1278,kb/disorders/Primary_Hyperoxaluria_Type_3.yaml,Primary Hyperoxaluria Type 3,22,29,24,5,16,25,121,56,1,15,8,0.76,5,0,0,0,0,0,0
1279,kb/disorders/Donnai-Barrow_syndrome.yaml,Donnai-Barrow syndrome,43,45,32,5,19,28,67,172,0,8,24,0.75,13,0,0,0,0,0,0
1280,kb/disorders/Autoimmune_Lymphoproliferative_Syndrome.yaml,Autoimmune Lymphoproliferative Syndrome,21,30,22,5,11,19,49,110,1,14,7,0.75,8,0,0,0,0,0,22
1281,kb/disorders/ALPK3-Related_Hypertrophic_Cardiomyopathy.yaml,ALPK3-Related Hypertrophic Cardiomyopathy,162,233,11,5,8,13,15,63,1,5,5,0.75,18,0,0,2,202,0,11
1282,kb/disorders/Malignant_Peripheral_Nerve_Sheath_Tumor.yaml,Malignant Peripheral Nerve Sheath Tumor,46,53,42,5,23,7,56,194,0,18,24,0.74,11,0,0,0,0,0,0
1283,kb/disorders/KINSSHIP_Syndrome.yaml,KINSSHIP Syndrome,34,35,18,5,17,11,36,74,0,12,6,0.73,16,0,0,1,0,0,0
1284,kb/disorders/Chronic_Intestinal_Pseudoobstruction.yaml,Chronic Intestinal Pseudoobstruction,31,38,20,5,14,20,79,88,0,18,2,0.73,17,0,0,0,1,0,20
1285,kb/disorders/Osteogenesis_Imperfecta_Type_XX.yaml,Osteogenesis Imperfecta Type XX,19,25,22,5,16,16,92,53,1,18,3,0.72,3,0,0,0,0,0,0
1286,kb/disorders/Age_Related_Macular_Degeneration.yaml,Age-Related Macular Degeneration,73,104,37,5,17,13,57,185,0,15,22,0.71,5,0,0,1,61,0,37
1287,kb/disorders/Cervical_Artery_Dissection.yaml,Cervical Artery Dissection,22,27,17,5,7,19,28,71,1,6,10,0.71,9,0,0,0,1,0,17
1288,kb/disorders/Adenovirus_Respiratory_Infection.yaml,Adenovirus Respiratory Infection,43,49,48,5,33,8,95,193,2,26,20,0.7,1,0,0,0,0,0,48
1289,kb/disorders/Tall_Stature-Intellectual_Disability-Renal_Anomalies_Syndrome.yaml,Tall Stature-Intellectual Disability-Renal Anomalies Syndrome,31,34,23,5,19,15,51,75,1,14,8,0.7,11,0,0,0,0,0,0
1290,kb/disorders/Combined_Malonic_and_Methylmalonic_Aciduria.yaml,Combined Malonic and Methylmalonic Aciduria,21,25,23,5,17,13,77,86,0,15,8,0.6900000000000001,2,0,0,0,0,0,18
1291,kb/disorders/Coronary_Arterial_Fistulas.yaml,Coronary Arterial Fistulas,25,25,16,5,9,7,23,68,0,7,9,0.69,9,0,0,0,0,0,0
1292,kb/disorders/Anaerobic_Pneumonia.yaml,Anaerobic Pneumonia,46,52,38,5,27,6,75,143,1,22,15,0.68,14,0,0,0,0,0,0
1293,kb/disorders/Bubonic_Plague.yaml,Bubonic Plague,33,39,19,5,8,14,53,64,0,12,7,0.68,20,0,0,0,0,0,0
1294,kb/disorders/MED17-Related_Disorder.yaml,MED17-Related Disorder,22,26,18,5,14,7,52,56,0,10,8,0.66,8,0,0,0,0,0,0
1295,kb/disorders/FGFR1_Hypogonadotropic_Hypogonadism.yaml,FGFR1-Related Hypogonadotropic Hypogonadism,43,63,61,5,35,16,147,234,0,31,30,0.65,1,0,0,1,0,0,0
1296,kb/disorders/Infantile_Myofibromatosis.yaml,Infantile_Myofibromatosis,15,18,15,5,12,6,33,49,0,11,4,0.63,2,0,0,1,0,0,0
1297,kb/disorders/HPV_Positive_Head_and_Neck_Cancer.yaml,HPV-Positive Head and Neck Cancer,30,30,10,5,10,3,21,42,3,5,2,0.63,20,0,0,0,0,0,0
1298,kb/disorders/Cole-Carpenter_Syndrome.yaml,Cole-Carpenter syndrome,39,45,33,5,20,8,61,161,0,13,20,0.59,10,0,0,0,2,0,33
1299,kb/disorders/Bulimia_Nervosa.yaml,Bulimia Nervosa,37,41,28,4,19,11,44,85,1,17,10,0.99,13,0,0,0,0,0,28
1300,kb/disorders/Lymphogranuloma_Venereum.yaml,Lymphogranuloma Venereum,34,39,24,4,11,12,41,97,1,12,11,0.98,15,0,0,0,0,0,0
1301,kb/disorders/Autosomal_Dominant_Nonsyndromic_Hearing_Loss_47.yaml,Autosomal Dominant Nonsyndromic Hearing Loss 47,12,19,17,4,9,22,30,47,4,10,3,0.97,2,0,0,0,0,0,16
1302,kb/disorders/CCN2-Related_Kyphomelic_Dysplasia.yaml,CCN2-Related Kyphomelic Dysplasia,30,34,22,4,17,7,73,91,0,11,11,0.96,12,0,0,0,0,0,22
1303,kb/disorders/CDK8-Related_Disorder.yaml,CDK8-Related Disorder,25,25,15,4,12,16,23,50,1,6,8,0.96,9,0,0,0,1,0,15
1304,kb/disorders/Meningeal_Melanocytoma.yaml,Meningeal Melanocytoma,34,45,39,4,27,29,105,149,0,24,15,0.95,6,0,0,0,0,0,0
1305,kb/disorders/Cherubism.yaml,Cherubism,43,49,32,4,22,22,92,113,0,21,11,0.94,17,0,0,0,0,0,32
1306,kb/disorders/COX4I2-Related_Pancreatic_Insufficiency-Anemia-Hyperostosis_Syndrome.yaml,COX4I2-Related Pancreatic Insufficiency-Anemia-Hyperostosis Syndrome,22,24,13,4,7,17,43,38,0,7,6,0.93,11,0,0,0,0,0,13
1307,kb/disorders/Progressive_Familial_Heart_Block.yaml,Progressive Familial Heart Block,22,29,23,4,14,25,118,85,0,19,4,0.91,6,0,0,0,0,0,0
1308,kb/disorders/Chondrodysplasia_Punctata_Tibial-metacarpal_Type.yaml,"Chondrodysplasia Punctata, Tibial-metacarpal Type",39,41,38,4,28,7,74,136,1,14,23,0.9,3,0,0,0,0,0,38
1309,kb/disorders/Nizon-Isidor_Syndrome.yaml,Nizon-Isidor Syndrome,21,21,14,4,14,16,26,42,2,4,8,0.9,7,0,0,0,0,0,0
1310,kb/disorders/HROB-related_gametogenic_failure.yaml,HROB-related gametogenic failure,36,42,27,4,20,12,64,100,0,14,13,0.89,14,0,0,1,0,0,0
1311,kb/disorders/Pantothenate_Kinase-Associated_Neurodegeneration.yaml,pantothenate kinase-associated neurodegeneration,42,47,30,4,17,9,41,112,1,11,18,0.89,16,0,0,1,0,0,0
1312,kb/disorders/FLNC-Related_Dilated_Cardiomyopathy.yaml,FLNC-Related Dilated Cardiomyopathy,23,33,24,4,14,18,78,108,0,19,5,0.88,8,0,0,1,0,0,0
1313,kb/disorders/Cerebral_Proliferative_Angiopathy.yaml,Cerebral Proliferative Angiopathy,18,22,19,4,13,12,45,57,1,12,6,0.88,3,0,0,0,0,0,19
1314,kb/disorders/Osteogenesis_Imperfecta_Type_VII.yaml,Osteogenesis Imperfecta Type VII,42,54,38,4,24,8,76,134,0,18,20,0.87,16,0,0,0,0,0,0
1315,kb/disorders/Dementia_with_Lewy_Bodies.yaml,Dementia with Lewy Bodies,22,32,22,4,12,34,55,88,0,17,5,0.87,9,0,0,1,0,0,0
1316,kb/disorders/Cernunnos-XLF_deficiency.yaml,Cernunnos-XLF deficiency,39,50,44,4,26,12,78,187,3,26,15,0.86,6,0,0,0,0,0,44
1317,kb/disorders/Core_Binding_Factor_AML.yaml,"Acute Myeloid Leukemia, Core Binding Factor",32,35,25,4,21,9,80,69,3,17,5,0.86,10,0,0,0,0,0,25
1318,kb/disorders/MYO6_Hearing_Loss.yaml,MYO6_Hearing_Loss,25,34,27,4,17,29,47,106,0,20,7,0.86,7,0,0,0,0,0,0
1319,kb/disorders/Chromosome_1p36_Deletion_Syndrome.yaml,Chromosome 1p36 Deletion Syndrome,27,27,20,4,16,12,19,80,3,1,16,0.84,7,0,0,0,0,0,20
1320,kb/disorders/HPV_Negative_Head_and_Neck_Cancer.yaml,HPV-Negative Head and Neck Cancer,35,35,4,4,4,4,13,14,0,4,0,0.84,31,0,0,0,0,0,0
1321,kb/disorders/RDH5-Related_Retinopathy.yaml,RDH5-Related Retinopathy,33,46,26,4,15,12,96,96,1,20,5,0.81,3,0,0,3,14,0,0
1322,kb/disorders/Giardiasis.yaml,Giardiasis,92,121,54,4,22,6,65,151,0,22,32,0.79,0,0,0,0,67,0,54
1323,kb/disorders/Choroid_Plexus_Carcinoma.yaml,Choroid Plexus Carcinoma,38,44,33,4,18,8,42,156,0,15,18,0.79,11,0,0,0,0,0,33
1324,kb/disorders/Diffuse_Large_B_Cell_Lymphoma.yaml,Diffuse Large B-Cell Lymphoma,48,52,12,4,7,8,28,60,1,7,4,0.79,40,0,0,0,0,0,12
1325,kb/disorders/Corneal_Dystrophy.yaml,Corneal Dystrophy,17,18,8,4,7,15,18,22,0,5,3,0.79,10,0,0,0,0,0,8
1326,kb/disorders/Duane_Retraction_Syndrome.yaml,Duane Retraction Syndrome,28,40,34,4,14,26,99,137,2,18,14,0.77,6,0,0,0,0,0,34
1327,kb/disorders/VPS51-Related_Pontocerebellar_Hypoplasia-CDG.yaml,VPS51-Related Pontocerebellar Hypoplasia-CDG,23,29,26,4,20,15,83,99,0,12,14,0.75,3,0,0,0,0,0,0
1328,kb/disorders/Hutchinson-Gilford_Progeria_Syndrome.yaml,Hutchinson-Gilford Progeria Syndrome,36,45,28,4,19,11,92,103,0,19,9,0.73,17,0,0,0,0,0,0
1329,kb/disorders/Chondrodysplasia_With_Joint_Dislocations_gPAPP_Type.yaml,Chondrodysplasia With Joint Dislocations gPAPP Type,32,34,17,4,14,13,42,79,0,9,8,0.73,17,0,0,0,0,0,17
1330,kb/disorders/SCO1-Related_COX_Deficiency.yaml,SCO1-Related COX Deficiency,20,20,14,4,12,9,35,44,1,6,7,0.73,6,0,0,0,0,0,0
1331,kb/disorders/Noonan_Syndrome-like_Disorder_with_Loose_Anagen_Hair.yaml,Noonan Syndrome-like Disorder with Loose Anagen Hair,27,27,25,4,21,7,32,94,0,6,19,0.71,2,0,0,0,0,0,0
1332,kb/disorders/Hepatitis_E.yaml,Hepatitis E,27,31,20,4,16,8,50,68,0,17,3,0.71,10,0,0,1,0,0,0
1333,kb/disorders/Twin_to_Twin_Transfusion_Syndrome.yaml,Twin to Twin Transfusion Syndrome,43,58,56,4,31,21,93,202,0,22,34,0.7,1,0,0,1,0,0,0
1334,kb/disorders/Dengue.yaml,Dengue,36,42,29,4,19,17,52,112,0,17,12,0.7,12,0,0,0,1,0,29
1335,kb/disorders/Autosomal_Recessive_Nonsyndromic_Hearing_Loss_35.yaml,Autosomal Recessive Nonsyndromic Hearing Loss 35,65,95,16,4,9,10,32,47,0,10,6,0.7,21,0,0,0,58,0,16
1336,kb/disorders/Gastrointestinal_Stromal_Tumor.yaml,Gastrointestinal Stromal Tumor,29,29,7,4,5,6,5,34,0,5,2,0.69,21,0,0,1,0,0,0
1337,kb/disorders/Hereditary_Sensory_and_Autonomic_Neuropathy.yaml,Hereditary Sensory and Autonomic Neuropathy,38,40,28,4,22,11,65,121,0,14,14,0.65,12,0,0,0,0,0,0
1338,kb/disorders/Brachyphalangy_Polydactyly_Tibial_Aplasia_Syndrome.yaml,Brachyphalangy-Polydactyly-Tibial Aplasia Syndrome,39,47,40,4,22,5,71,146,0,22,18,0.62,5,0,0,0,2,0,40
1339,kb/disorders/Combined_Saposin_Deficiency.yaml,Combined Saposin Deficiency,19,20,10,4,8,9,19,32,0,4,6,0.59,8,0,0,0,2,0,10
1340,kb/disorders/HFM1-related_gametogenic_failure.yaml,HFM1-related gametogenic failure,22,26,16,4,11,6,66,53,1,11,4,0.54,10,0,0,0,0,0,0
1341,kb/disorders/Emery_Dreifuss_Muscular_Dystrophy.yaml,Emery-Dreifuss Muscular Dystrophy,69,75,24,4,18,4,65,100,0,14,10,0.5,21,0,0,0,30,0,24
1342,kb/disorders/CRADD-Related_Thin_Lissencephaly.yaml,CRADD-Related Thin Lissencephaly,23,28,12,3,5,15,28,55,1,4,7,0.94,15,0,0,0,1,0,12
1343,kb/disorders/COX4I1-Related_COX_Deficiency.yaml,COX4I1-Related COX Deficiency,26,30,22,3,16,8,65,67,0,17,5,0.92,8,0,0,0,0,0,22
1344,kb/disorders/Hajdu-Cheney_Syndrome.yaml,Hajdu-Cheney Syndrome,28,36,32,3,21,9,60,137,2,13,17,0.89,4,0,0,0,0,0,0
1345,kb/disorders/Distal_Hereditary_Motor_Neuronopathy_Autosomal_Dominant.yaml,"Distal Hereditary Motor Neuronopathy, Autosomal Dominant",59,77,18,3,9,20,34,58,2,10,6,0.88,23,0,0,0,36,0,18
1346,kb/disorders/Bannayan-Riley-Ruvalcaba_Syndrome.yaml,Bannayan-Riley-Ruvalcaba Syndrome,117,226,19,3,9,24,53,45,2,13,4,0.88,16,0,0,0,191,0,19
1347,kb/disorders/Ehlers-Danlos_Syndrome.yaml,Ehlers-Danlos Syndrome,88,162,16,3,5,43,15,46,2,6,8,0.88,39,0,0,0,107,0,16
1348,kb/disorders/Combined_Oxidative_Phosphorylation_Defect_Type_15.yaml,Combined Oxidative Phosphorylation Defect Type 15,25,30,23,3,18,6,41,86,0,10,13,0.85,7,0,0,0,0,0,23
1349,kb/disorders/Mesomelia-Synostoses_Syndrome.yaml,Mesomelia-Synostoses Syndrome,19,22,13,3,8,15,25,54,1,5,7,0.85,9,0,0,0,0,0,0
1350,kb/disorders/Hereditary_Spastic_Paraplegia_48.yaml,Hereditary Spastic Paraplegia 48,19,20,11,3,10,7,34,25,1,8,2,0.83,9,0,0,0,0,0,0
1351,kb/disorders/Autosomal_Recessive_Osteopetrosis_3.yaml,Autosomal Recessive Osteopetrosis 3,108,165,12,3,9,7,32,42,0,9,3,0.82,9,0,0,0,144,0,12
1352,kb/disorders/Congenital_Epulis.yaml,Congenital Epulis,15,24,24,3,10,9,55,84,0,10,14,0.8,0,0,0,0,0,0,24
1353,kb/disorders/COX10-Related_COX_Deficiency.yaml,COX10-Related COX Deficiency,12,13,8,3,4,4,24,32,0,5,3,0.8,5,0,0,0,0,0,8
1354,kb/disorders/PKP2_Cardiomyopathy.yaml,PKP2_Cardiomyopathy,50,53,23,3,16,7,39,106,0,14,9,0.79,30,0,0,0,0,0,0
1355,kb/disorders/Benign_Prostatic_Hyperplasia.yaml,Benign Prostatic Hyperplasia,39,41,21,3,17,7,37,61,1,16,4,0.78,20,0,0,0,0,0,20
1356,kb/disorders/Distal_Hereditary_Motor_Neuronopathy_Autosomal_Recessive.yaml,"Distal Hereditary Motor Neuronopathy, Autosomal Recessive",44,45,26,3,19,7,47,103,1,12,13,0.75,19,0,0,0,0,0,0
1357,kb/disorders/Juvenile_Temporal_Arteritis.yaml,Juvenile Temporal Arteritis,17,23,22,3,14,10,44,83,0,12,10,0.73,1,0,0,0,0,0,0
1358,kb/disorders/Cardiomyopathy_Dilated_2G.yaml,Dilated Cardiomyopathy 2G,18,22,14,3,10,6,60,70,0,14,0,0.73,8,0,0,0,0,0,14
1359,kb/disorders/Seasonal_Coronavirus_Infection.yaml,Seasonal Coronavirus Infection,15,21,14,3,8,12,34,48,0,6,8,0.72,7,0,0,0,0,0,0
1360,kb/disorders/Autosomal_Recessive_Spinocerebellar_Ataxia_15.yaml,Autosomal Recessive Spinocerebellar Ataxia 15,66,79,8,3,7,3,7,28,1,2,5,0.7,17,0,0,0,54,0,8
1361,kb/disorders/COA3-Related_COX_Deficiency.yaml,COA3-Related COX Deficiency,18,23,22,3,16,5,62,73,0,14,8,0.68,1,0,0,0,0,0,22
1362,kb/disorders/Kanzaki_Disease.yaml,Kanzaki Disease,24,25,17,3,15,5,39,52,1,10,6,0.68,8,0,0,0,0,0,0
1363,kb/disorders/Bailey-Bloch_Congenital_Myopathy.yaml,Bailey-Bloch Congenital Myopathy,156,197,11,3,7,3,21,36,1,5,5,0.68,14,0,0,0,172,0,11
1364,kb/disorders/Granuloma_Inguinale.yaml,Granuloma Inguinale,27,31,20,3,11,4,27,89,0,11,9,0.67,11,0,0,0,0,0,0
1365,kb/disorders/Renpenning_syndrome.yaml,Renpenning syndrome,21,28,24,3,11,12,45,110,1,9,14,0.66,4,0,0,0,0,0,0
1366,kb/disorders/Combined_Oxidative_Phosphorylation_Deficiency_42.yaml,Combined oxidative phosphorylation deficiency 42,46,64,11,3,6,13,47,19,1,8,2,0.66,13,0,0,0,40,0,11
1367,kb/disorders/CERKL-Related_Retinopathy.yaml,CERKL-Related Retinopathy,24,27,19,3,13,5,39,72,0,10,9,0.65,8,0,0,0,0,0,19
1368,kb/disorders/Cryoglobulinemic_Vasculitis.yaml,Cryoglobulinemic Vasculitis,32,37,34,3,12,4,43,171,1,10,23,0.65,3,0,0,0,0,0,34
1369,kb/disorders/Erysipelothrix_Rhusiopathiae_Infectious_Disease.yaml,Erysipelothrix Rhusiopathiae Infectious Disease,29,35,24,3,12,9,26,80,0,11,13,0.62,11,0,0,0,0,0,0
1370,kb/disorders/Gastric_Cancer_H_pylori_Associated.yaml,Gastric Cancer H. pylori Associated,43,43,14,3,9,9,19,62,0,6,8,0.61,29,0,0,0,0,0,0
1371,kb/disorders/Buruli_Ulcer.yaml,Buruli ulcer,13,15,12,3,7,3,16,38,0,4,8,0.61,3,0,0,0,0,0,8
1372,kb/disorders/Psoriatic_Arthritis.yaml,Psoriatic Arthritis,27,37,30,2,15,4,62,117,1,14,15,0.94,7,0,0,0,0,0,0
1373,kb/disorders/COX11-Related_COX_Deficiency.yaml,COX11-Related COX Deficiency,10,15,11,2,5,10,48,39,0,8,3,0.92,4,0,0,0,0,0,11
1374,kb/disorders/Cardiofaciocutaneous_Syndrome.yaml,Cardiofaciocutaneous Syndrome,43,62,7,2,4,6,18,20,0,7,0,0.91,16,0,0,0,39,0,7
1375,kb/disorders/Bilateral_Striopallidodentate_Calcinosis.yaml,Bilateral Striopallidodentate Calcinosis,44,60,23,2,8,35,46,124,0,7,16,0.87,10,0,0,0,27,0,23
1376,kb/disorders/Desmoplastic_Small_Round_Cell_Tumor.yaml,Desmoplastic Small Round Cell Tumor,22,23,6,2,5,3,14,19,0,6,0,0.87,17,0,0,0,0,0,6
1377,kb/disorders/Coffin-Lowry_Syndrome.yaml,Coffin-Lowry syndrome,29,30,16,2,14,5,32,58,0,6,10,0.84,14,0,0,0,0,0,15
1378,kb/disorders/CDK19-Related_Disorder.yaml,CDK19-Related Disorder,21,24,15,2,11,14,26,56,1,7,7,0.84,7,0,0,0,2,0,15
1379,kb/disorders/Cutaneous_Melanoma.yaml,Cutaneous Melanoma,38,40,10,2,8,5,32,39,1,5,4,0.84,30,0,0,0,0,0,10
1380,kb/disorders/Middle_East_Respiratory_Syndrome.yaml,Middle East Respiratory Syndrome,30,39,24,2,14,31,53,98,1,13,10,0.81,15,0,0,0,0,0,0
1381,kb/disorders/COX5A-Related_COX_Deficiency.yaml,COX5A-Related COX Deficiency,17,20,13,2,9,2,34,53,0,9,4,0.81,7,0,0,0,0,0,13
1382,kb/disorders/Skin_Fragility_Woolly_Hair_Syndrome.yaml,Skin Fragility-Woolly Hair Syndrome,21,22,12,2,11,4,26,56,0,6,6,0.79,10,0,0,0,0,0,0
1383,kb/disorders/CYCS-Related_Thrombocytopenia.yaml,CYCS-Related Thrombocytopenia,16,19,12,2,7,6,26,63,0,5,7,0.79,7,0,0,0,0,0,12
1384,kb/disorders/CTLA4_Haploinsufficiency.yaml,CTLA4 Haploinsufficiency,27,36,26,2,17,2,71,109,0,16,10,0.78,10,0,0,0,0,0,26
1385,kb/disorders/COX14-Related_COX_Deficiency.yaml,COX14-Related COX Deficiency,12,15,10,2,6,3,34,33,0,7,3,0.78,5,0,0,0,0,0,10
1386,kb/disorders/Dowling-Degos_Disease.yaml,Dowling-Degos Disease,22,28,20,2,13,17,59,94,0,9,11,0.74,7,0,0,1,0,0,0
1387,kb/disorders/Chronic_Traumatic_Encephalopathy.yaml,Chronic Traumatic Encephalopathy,15,17,11,2,8,6,34,38,0,5,6,0.74,6,0,0,0,0,0,11
1388,kb/disorders/COX8A-Related_COX_Deficiency.yaml,COX8A-Related COX Deficiency,10,12,9,2,6,3,25,36,0,7,2,0.73,3,0,0,0,0,0,9
1389,kb/disorders/IDH_Mutant_Astrocytoma.yaml,IDH-Mutant Astrocytoma,27,27,5,2,5,4,16,15,0,3,2,0.72,22,0,0,0,0,0,0
1390,kb/disorders/CACNA1F-Related_Retinopathy.yaml,CACNA1F-Related Retinopathy,32,37,30,2,24,2,92,88,0,17,13,0.71,7,0,0,0,0,0,29
1391,kb/disorders/DGAT1_Deficiency.yaml,DGAT1 Deficiency,22,26,19,2,15,3,82,58,0,17,2,0.71,7,0,0,0,0,0,19
1392,kb/disorders/Koolen_de_Vries_syndrome.yaml,Koolen-de Vries syndrome,16,18,16,2,13,8,35,90,0,3,13,0.7,2,0,0,0,0,0,0
1393,kb/disorders/Noma.yaml,Noma,16,28,27,2,12,26,58,124,0,5,22,0.7,0,0,0,1,0,0,0
1394,kb/disorders/CBL-related_Disorder.yaml,CBL-related Disorder,23,27,21,2,10,5,19,89,0,6,15,0.67,2,0,0,0,4,0,21
1395,kb/disorders/Deficiency_of_Adenosine_Deaminase_2.yaml,Deficiency of Adenosine Deaminase 2,51,58,32,2,20,7,55,146,0,13,19,0.65,25,0,0,0,1,0,32
1396,kb/disorders/DONSON-Related_Microcephalic_Primordial_Dwarfism.yaml,DONSON-Related Microcephalic Primordial Dwarfism,37,42,25,2,19,4,54,118,1,11,13,0.64,17,0,0,0,0,0,25
1397,kb/disorders/Cushings_Syndrome.yaml,Cushing's Syndrome,19,20,14,2,12,3,27,45,0,8,6,0.64,5,0,0,0,1,0,14
1398,kb/disorders/COX6B1-Related_COX_Deficiency.yaml,COX6B1-Related COX Deficiency,13,15,10,2,5,5,27,35,0,5,5,0.62,5,0,0,0,0,0,10
1399,kb/disorders/10q22.3q23.3_Microduplication_Syndrome.yaml,10q22.3q23.3 Microduplication Syndrome,46,50,33,2,28,2,48,118,0,19,14,0.61,17,0,0,0,0,0,33
1400,kb/disorders/Guillouet-Gordon_Syndrome.yaml,Guillouet-Gordon Syndrome,22,22,16,2,16,7,35,59,0,5,11,0.6,6,0,0,0,0,0,0
1401,kb/disorders/STING_Associated_Vasculopathy_with_Onset_in_Infancy.yaml,STING-Associated Vasculopathy with Onset in Infancy,26,32,20,2,11,2,32,98,0,6,14,0.6,12,0,0,0,0,0,0
1402,kb/disorders/Cor_Pulmonale.yaml,Cor Pulmonale,32,38,23,2,17,3,86,108,0,14,9,0.59,15,0,0,0,0,0,23
1403,kb/disorders/Carotid_Web.yaml,Carotid web,14,15,14,2,9,4,31,54,0,7,7,0.59,1,0,0,0,0,0,14
1404,kb/disorders/Cohen_Syndrome.yaml,Cohen Syndrome,44,47,29,2,17,2,35,127,0,11,18,0.58,18,0,0,0,0,0,29
1405,kb/disorders/Chancroid.yaml,Chancroid,33,41,27,2,16,7,71,114,0,19,8,0.55,14,0,0,0,0,0,0
1406,kb/disorders/CPT1C-Related_Hereditary_Spastic_Paraplegia.yaml,CPT1C-Related Hereditary Spastic Paraplegia,17,19,11,2,9,2,27,45,0,8,3,0.53,8,0,0,0,0,0,11
1407,kb/disorders/CHRNA1-associated_Fetal_Hypo-akinesia_Disorder_of_Prenatal_Onset.yaml,CHRNA1-Associated Fetal Hypo-akinesia Disorder of Prenatal Onset,25,27,25,2,21,4,49,89,0,15,10,0.5,0,0,0,0,2,0,25
1408,kb/disorders/COA8-Related_COX_Deficiency.yaml,COA8-Related COX Deficiency,30,37,24,1,15,50,54,76,5,7,12,0.99,13,0,0,0,0,0,24
1409,kb/disorders/BRAF_Mutant_Thyroid_Cancer.yaml,BRAF-Mutant Papillary Thyroid Cancer,23,24,5,1,4,2,10,20,0,5,0,0.89,19,0,0,0,0,0,5
1410,kb/disorders/FLVCR1-Related_Retinopathy.yaml,FLVCR1-Related Retinopathy with or without Ataxia,28,32,23,1,17,4,44,91,1,13,9,0.87,9,0,0,0,0,0,0
1411,kb/disorders/Autosomal_Recessive_Nonsyndromic_Hearing_Loss_48.yaml,Autosomal Recessive Nonsyndromic Hearing Loss 48,67,119,2,1,2,4,3,3,1,0,1,0.86,24,0,0,0,93,0,2
1412,kb/disorders/Clear_Cell_Ovarian_Carcinoma.yaml,Clear Cell Ovarian Carcinoma,20,28,21,1,13,10,57,76,1,16,4,0.85,7,0,0,0,0,0,19
1413,kb/disorders/CDH23-associated_pituitary_adenoma_5.yaml,CDH23-associated pituitary adenoma 5,10,13,13,1,8,6,30,63,0,9,4,0.83,0,0,0,0,0,0,13
1414,kb/disorders/Dyskeratosis_Congenita.yaml,Dyskeratosis Congenita,151,209,2,1,1,2,4,2,1,0,1,0.83,58,0,0,0,149,0,2
1415,kb/disorders/GJB2-GJB6_Digenic_Nonsyndromic_Hearing_Loss.yaml,GJB2-GJB6 Digenic Nonsyndromic Hearing Loss,11,12,10,1,8,6,22,31,1,7,2,0.78,2,0,0,0,0,0,0
1416,kb/disorders/Northern_Epilepsy.yaml,Northern Epilepsy,13,20,19,1,11,8,54,77,0,11,8,0.77,1,0,0,0,0,0,0
1417,kb/disorders/EEFSEC_Deficiency.yaml,EEFSEC Deficiency,14,14,14,1,10,3,28,58,0,4,10,0.76,0,0,0,0,0,0,0
1418,kb/disorders/Autoimmune_Hemolytic_Anemia.yaml,Autoimmune Hemolytic Anemia,187,219,5,1,3,2,4,14,1,0,4,0.72,75,0,0,0,139,0,5
1419,kb/disorders/COX15-Related_COX_Deficiency.yaml,COX15-Related COX Deficiency,10,10,7,1,6,1,22,26,0,4,3,0.7,3,0,0,0,0,0,7
1420,kb/disorders/Schistosomiasis.yaml,Schistosomiasis,27,29,19,1,9,3,14,82,0,5,14,0.68,10,0,0,0,0,0,0
1421,kb/disorders/Beare-Stevenson_Cutis_Gyrata_Syndrome.yaml,Beare-Stevenson Cutis Gyrata Syndrome,132,194,8,1,5,1,6,41,0,0,8,0.68,15,0,0,0,171,0,8
1422,kb/disorders/SEPSECS_Deficiency.yaml,SEPSECS Deficiency,16,16,14,1,5,2,11,73,0,3,11,0.66,2,0,0,0,0,0,0
1423,kb/disorders/Neuronal_Ceroid_Lipofuscinosis_2.yaml,Neuronal Ceroid Lipofuscinosis 2,22,24,24,1,13,3,35,88,0,9,15,0.62,0,0,0,0,0,0,0
1424,kb/disorders/COX18-Related_COX_Deficiency.yaml,COX18-Related COX Deficiency,18,18,13,1,12,2,33,40,0,10,3,0.61,5,0,0,0,0,0,13
1425,kb/disorders/COX16-Related_COX_Deficiency.yaml,COX16-Related COX Deficiency,17,24,18,1,9,7,77,75,0,13,5,0.6,6,0,0,0,0,0,18
1426,kb/disorders/Primary_Polyarteritis_Nodosa.yaml,Primary Polyarteritis Nodosa,24,27,24,1,11,11,28,132,0,6,18,0.57,3,0,0,0,0,0,0
1427,kb/disorders/Axial_Spondylometaphyseal_Dysplasia.yaml,Axial Spondylometaphyseal Dysplasia,112,138,2,1,1,2,2,6,0,2,0,0.57,40,0,0,0,96,0,2
1428,kb/disorders/MED27-Related_Disorder.yaml,MED27-Related Disorder,21,21,14,1,9,4,23,59,0,5,9,0.56,7,0,0,0,0,0,0
1429,kb/disorders/COX6A2-Related_COX_Deficiency.yaml,COX6A2-Related COX Deficiency,14,17,12,1,8,1,40,33,0,8,4,0.52,5,0,0,0,0,0,11
1430,kb/disorders/Autosomal_Recessive_Spinocerebellar_Ataxia_20.yaml,Autosomal Recessive Spinocerebellar Ataxia 20,180,237,10,1,5,1,6,44,0,0,10,0.52,12,0,0,0,215,0,10
1431,kb/disorders/Chemotherapy_Induced_Nausea_and_Vomiting.yaml,Chemotherapy-Induced Nausea and Vomiting,18,25,12,1,9,1,17,43,0,10,2,0.5,4,0,0,0,9,0,12
1432,kb/disorders/Breast_Fibroadenoma.yaml,Breast Fibroadenoma,12,15,14,1,8,1,18,56,0,7,7,0.5,1,0,0,0,0,0,14
1433,kb/disorders/COXFA4-Related_COX_Deficiency.yaml,COXFA4-Related COX Deficiency,16,20,13,1,8,1,39,43,0,9,4,0.43,7,0,0,0,0,0,13
1434,kb/disorders/Sezary_Syndrome.yaml,Sezary Syndrome,50,53,38,0,22,0,57,161,0,11,27,0.48,15,0,0,0,0,0,1
1435,kb/disorders/Dorfman_Chanarin_Disease.yaml,Dorfman-Chanarin Disease,27,27,16,0,14,0,42,52,0,8,8,0.44,11,0,0,0,0,0,0
1436,kb/disorders/Cholesteryl_Ester_Storage_Disease.yaml,Cholesteryl Ester Storage Disease,22,22,14,0,12,0,38,46,0,9,5,0.46,7,0,0,0,1,0,14
1437,kb/disorders/Central_Precocious_Puberty.yaml,Central Precocious Puberty,34,48,9,0,7,0,16,39,0,4,5,0.25,4,0,0,0,35,0,9
1438,kb/disorders/SLC26A1-Related_Oxalate_Transporter_Deficiency.yaml,SLC26A1-Related Oxalate Transporter Deficiency,11,12,8,0,5,0,31,43,0,4,4,0.42,4,0,0,0,0,0,0
1439,kb/disorders/Lymphoma.yaml,Lymphoma,11,11,10,0,5,0,5,44,0,2,8,0.2,1,0,0,0,0,0,0
1440,kb/disorders/Primary_Progressive_Aphasia.yaml,Primary Progressive Aphasia,9,9,9,0,4,0,4,33,0,1,8,0.15,0,0,0,0,0,0,0
1441,kb/disorders/Cystic_Echinococcosis.yaml,Cystic echinococcosis,26,26,11,0,2,0,2,49,0,1,10,0.15,9,0,0,0,6,0,11
1442,kb/disorders/Chromoblastomycosis.yaml,Chromoblastomycosis,5,5,5,0,2,0,2,23,0,0,5,0.34,0,0,0,0,0,0,5
1443,kb/disorders/Dorsalgia.yaml,Dorsalgia,2,2,2,0,2,0,4,4,0,1,1,0.34,0,0,0,0,0,0,0
1444,kb/disorders/Autosomal_Recessive_Nonsyndromic_Hearing_Loss_77.yaml,Autosomal Recessive Nonsyndromic Hearing Loss 77,74,113,1,0,1,0,1,4,0,0,1,0.22,27,0,0,0,85,0,1
1445,kb/disorders/Autosomal_Recessive_Optic_Atrophy_OPA7_Type.yaml,Autosomal Recessive Optic Atrophy OPA7 Type,75,97,1,0,1,0,3,0,0,1,0,0.31,20,0,0,0,76,0,1
1446,kb/disorders/Autosomal_Recessive_Nonsyndromic_Hearing_Loss_124.yaml,Autosomal Recessive Nonsyndromic Hearing Loss 124,61,103,1,0,1,0,1,6,0,0,1,0.26,18,0,0,0,84,0,1
1447,kb/disorders/Fanconi_Anemia.yaml,Fanconi_Anemia,613,715,0,0,0,0,0,0,0,0,0,0,270,0,0,0,445,0,0
1448,kb/disorders/Huntington_Disease.yaml,Huntington Disease,282,449,0,0,0,0,0,0,0,0,0,0,140,0,0,0,309,0,0
1449,kb/disorders/Ewing_Sarcoma.yaml,Ewing Sarcoma,213,314,0,0,0,0,0,0,0,0,0,0,99,0,0,0,215,0,0
1450,kb/disorders/Tuberous_Sclerosis_Complex.yaml,Tuberous Sclerosis Complex,176,272,0,0,0,0,0,0,0,0,0,0,88,0,0,0,184,0,0
1451,kb/disorders/Neurodevelopmental_Disorder_With_Dysmorphic_Facies_Sleep_Disturbance_And_Brain_Abnormalities.yaml,"Neurodevelopmental Disorder With Dysmorphic Facies, Sleep Disturbance, and Brain Abnormalities",167,190,0,0,0,0,0,0,0,0,0,0,86,0,0,0,104,0,0
1452,kb/disorders/Major_Depressive_Disorder.yaml,Major Depressive Disorder,117,192,0,0,0,0,0,0,0,0,0,0,85,0,0,0,107,0,0
1453,kb/disorders/Pheochromocytoma_Paraganglioma.yaml,Pheochromocytoma and Paraganglioma,166,203,0,0,0,0,0,0,0,0,0,0,82,0,0,0,121,0,0
1454,kb/disorders/Rheumatoid_Arthritis.yaml,Rheumatoid Arthritis,150,249,0,0,0,0,0,0,0,0,0,0,77,0,0,0,172,0,0
1455,kb/disorders/SNIP1-Related_Neurodevelopmental_Disorder.yaml,SNIP1-Related Neurodevelopmental Disorder,182,251,0,0,0,0,0,0,0,0,0,0,75,0,0,0,176,0,0
1456,kb/disorders/Sarcopenia.yaml,Sarcopenia,163,227,0,0,0,0,0,0,0,0,0,0,71,0,0,0,156,0,0
1457,kb/disorders/Parkinsons_Disease.yaml,Parkinson's Disease,229,373,0,0,0,0,0,0,0,0,0,0,70,0,0,0,303,0,0
1458,kb/disorders/Hepatocellular_Carcinoma.yaml,Hepatocellular Carcinoma,113,144,0,0,0,0,0,0,0,0,0,0,66,0,0,0,78,0,0
1459,kb/disorders/PRR12-Related_Neuroocular_Syndrome.yaml,PRR12-Related Neuroocular Syndrome,125,164,0,0,0,0,0,0,0,0,0,0,63,0,0,0,101,0,0
1460,kb/disorders/Mediator_Complex_Neurodevelopmental_Disorder.yaml,Mediator Complex Neurodevelopmental Disorder,159,203,0,0,0,0,0,0,0,0,0,0,59,0,0,0,144,0,0
1461,kb/disorders/Syphilis.yaml,Syphilis,121,138,0,0,0,0,0,0,0,0,0,0,59,0,0,0,79,0,0
1462,kb/disorders/Fontaine_Progeroid_Syndrome.yaml,Fontaine Progeroid Syndrome,134,154,0,0,0,0,0,0,0,0,0,0,58,0,0,0,96,0,0
1463,kb/disorders/Pulmonary_hypertension.yaml,Pulmonary_hypertension,79,88,0,0,0,0,0,0,0,0,0,0,58,0,0,0,30,0,0
1464,kb/disorders/Sickle_Cell_Disease.yaml,Sickle Cell Disease,121,152,0,0,0,0,0,0,0,0,0,0,58,0,0,0,94,0,0
1465,kb/disorders/Severe_Neonatal-Onset_Encephalopathy_With_Microcephaly.yaml,Severe Neonatal-Onset Encephalopathy With Microcephaly,141,268,0,0,0,0,0,0,0,0,0,0,57,0,0,0,211,0,0
1466,kb/disorders/Type_2_Diabetes_Mellitus.yaml,Type 2 Diabetes Mellitus,115,151,0,0,0,0,0,0,0,0,0,0,57,0,0,0,94,0,0
1467,kb/disorders/Type_I_Diabetes.yaml,Type I Diabetes,111,218,0,0,0,0,0,0,0,0,0,0,54,3,0,0,161,0,0
1468,kb/disorders/Sweeney-Cox_Syndrome.yaml,Sweeney-Cox Syndrome,84,97,0,0,0,0,0,0,0,0,0,0,54,0,0,0,43,0,0
1469,kb/disorders/Focal_Segmental_Glomerulosclerosis.yaml,Focal Segmental Glomerulosclerosis,92,113,0,0,0,0,0,0,0,0,0,0,53,0,0,0,60,0,0
1470,kb/disorders/FG_Syndrome_1.yaml,FG Syndrome 1,146,200,0,0,0,0,0,0,0,0,0,0,52,0,0,0,148,0,0
1471,kb/disorders/Gastric_Adenocarcinoma.yaml,Gastric Adenocarcinoma,139,186,0,0,0,0,0,0,0,0,0,0,52,0,0,0,134,0,0
1472,kb/disorders/Hereditary_Spastic_Paraplegia.yaml,Hereditary Spastic Paraplegia,123,183,0,0,0,0,0,0,0,0,0,0,52,0,0,0,131,0,0
1473,kb/disorders/Spinal_Muscular_Atrophy.yaml,Spinal Muscular Atrophy,112,131,0,0,0,0,0,0,0,0,0,0,52,0,0,0,79,0,0
1474,kb/disorders/Heart_Failure.yaml,Heart Failure,88,108,0,0,0,0,0,0,0,0,0,0,51,0,0,0,57,0,0
1475,kb/disorders/Li-Fraumeni_Syndrome.yaml,Li-Fraumeni Syndrome,89,106,0,0,0,0,0,0,0,0,0,0,51,0,0,0,55,0,0
1476,kb/disorders/Pulmonary_Embolism.yaml,Pulmonary Embolism,87,105,0,0,0,0,0,0,0,0,0,0,50,0,0,0,55,0,0
1477,kb/disorders/MED13_Syndrome.yaml,MED13 Syndrome,117,176,0,0,0,0,0,0,0,0,0,0,49,0,0,0,127,0,0
1478,kb/disorders/Peroxisome_Biogenesis_Disorder.yaml,Peroxisome Biogenesis Disorder,91,163,0,0,0,0,0,0,0,0,0,0,49,0,0,0,114,0,0
1479,kb/disorders/Sturge-Weber_Syndrome.yaml,Sturge-Weber Syndrome,62,63,0,0,0,0,0,0,0,0,0,0,49,0,0,0,14,0,0
1480,kb/disorders/KLHL24-Related_Hypertrophic_Cardiomyopathy.yaml,KLHL24-Related Hypertrophic Cardiomyopathy,79,114,0,0,0,0,0,0,0,0,0,0,47,0,0,0,67,0,0
1481,kb/disorders/Loeys-Dietz_Syndrome.yaml,Loeys-Dietz Syndrome,120,167,0,0,0,0,0,0,0,0,0,0,47,0,0,0,120,0,0
1482,kb/disorders/Tetralogy_of_Fallot.yaml,Tetralogy of Fallot,81,89,0,0,0,0,0,0,0,0,0,0,47,0,0,0,42,0,0
1483,kb/disorders/Rheumatic_Heart_Disease.yaml,Rheumatic Heart Disease,91,109,0,0,0,0,0,0,0,0,0,0,46,0,0,0,63,0,0
1484,kb/disorders/Roberts_Syndrome.yaml,Roberts Syndrome,170,261,0,0,0,0,0,0,0,0,0,0,46,0,0,0,215,0,0
1485,kb/disorders/Dystrophic_Epidermolysis_Bullosa.yaml,Dystrophic Epidermolysis Bullosa,96,118,0,0,0,0,0,0,0,0,0,0,45,0,0,0,73,0,0
1486,kb/disorders/Hypoplastic_Left_Heart_Syndrome.yaml,Hypoplastic Left Heart Syndrome,87,106,0,0,0,0,0,0,0,0,0,0,45,0,0,0,61,0,0
1487,kb/disorders/MED13L_Syndrome.yaml,MED13L Syndrome,121,198,0,0,0,0,0,0,0,0,0,0,45,0,0,0,153,0,0
1488,kb/disorders/Perrault_Syndrome.yaml,Perrault Syndrome,120,136,0,0,0,0,0,0,0,0,0,0,45,0,0,0,91,0,0
1489,kb/disorders/Psoriasis.yaml,Psoriasis,92,99,0,0,0,0,0,0,0,0,0,0,45,0,0,0,54,0,0
1490,kb/disorders/Isolated_Anophthalmia-Microphthalmia_Syndrome.yaml,Isolated Anophthalmia-Microphthalmia Syndrome,133,193,0,0,0,0,0,0,0,0,0,0,44,0,0,0,149,0,0
1491,kb/disorders/Pancreatic_Ductal_Adenocarcinoma.yaml,Pancreatic Ductal Adenocarcinoma,193,254,0,0,0,0,0,0,0,0,0,0,44,0,0,0,210,0,0
1492,kb/disorders/Polycystic_Ovary_Syndrome.yaml,Polycystic Ovary Syndrome,100,148,0,0,0,0,0,0,0,0,0,0,44,0,0,0,104,0,0
1493,kb/disorders/Skeletal_Fluorosis.yaml,Skeletal Fluorosis,151,213,0,0,0,0,0,0,0,0,0,0,44,0,0,0,169,0,0
1494,kb/disorders/Werner_Syndrome.yaml,Werner Syndrome,125,180,0,0,0,0,0,0,0,0,0,0,44,0,0,0,136,0,0
1495,kb/disorders/Endometriosis.yaml,Endometriosis,80,116,0,0,0,0,0,0,0,0,0,0,43,0,0,0,73,0,0
1496,kb/disorders/IRF2BPL-Related_Neurodevelopmental_Disorder_with_Regression.yaml,IRF2BPL-Related Neurodevelopmental Disorder with Regression,105,135,0,0,0,0,0,0,0,0,0,0,43,0,0,0,92,0,0
1497,kb/disorders/Idiopathic_Multicentric_Castleman_Disease.yaml,Idiopathic Multicentric Castleman Disease,139,190,0,0,0,0,0,0,0,0,0,0,43,0,0,0,147,0,0
1498,kb/disorders/KMT2B-Related_Dystonia.yaml,KMT2B-Related Dystonia,94,128,0,0,0,0,0,0,0,0,0,0,43,0,0,0,85,0,0
1499,kb/disorders/Methotrexate_Toxicity.yaml,Methotrexate Toxicity,118,134,0,0,0,0,0,0,0,0,0,0,43,0,0,0,91,0,0
1500,kb/disorders/Ovarian_High-Grade_Serous_Carcinoma.yaml,Ovarian High-Grade Serous Carcinoma,88,127,0,0,0,0,0,0,0,0,0,0,43,0,0,0,84,0,0
1501,kb/disorders/Sulfur_Mustard_Poisoning.yaml,Sulfur Mustard Poisoning,121,162,0,0,0,0,0,0,0,0,0,0,43,0,0,0,119,0,0
1502,kb/disorders/Systemic_Lupus_Erythematosus.yaml,Systemic Lupus Erythematosus,148,264,0,0,0,0,0,0,0,0,0,0,43,0,0,0,221,0,0
1503,kb/disorders/Wilsons_Disease.yaml,Wilson Disease,272,378,0,0,0,0,0,0,0,0,0,0,43,0,0,0,335,0,0
1504,kb/disorders/Formaldehyde_Poisoning.yaml,Formaldehyde Poisoning,130,156,0,0,0,0,0,0,0,0,0,0,42,0,0,0,114,0,0
1505,kb/disorders/Hereditary_Spherocytosis.yaml,Hereditary Spherocytosis,92,105,0,0,0,0,0,0,0,0,0,0,42,0,0,0,63,0,0
1506,kb/disorders/Hypertrophic_Cardiomyopathy_1.yaml,Hypertrophic Cardiomyopathy 1,104,134,0,0,0,0,0,0,0,0,0,0,42,0,0,0,92,0,0
1507,kb/disorders/Infective_Endocarditis.yaml,Infective Endocarditis,73,85,0,0,0,0,0,0,0,0,0,0,42,0,0,0,43,0,0
1508,kb/disorders/MOGS-Congenital_Disorder_of_Glycosylation.yaml,MOGS-Congenital Disorder of Glycosylation,96,126,0,0,0,0,0,0,0,0,0,0,42,0,0,0,84,0,0
1509,kb/disorders/Neurodevelopmental_Disorder_with_Epilepsy_Spasticity_and_Brain_Atrophy.yaml,"Neurodevelopmental Disorder with Epilepsy, Spasticity, and Brain Atrophy",117,169,0,0,0,0,0,0,0,0,0,0,42,0,0,0,127,0,0
1510,kb/disorders/Postural_Orthostatic_Tachycardia_Syndrome.yaml,Postural Orthostatic Tachycardia Syndrome,82,113,0,0,0,0,0,0,0,0,0,0,42,0,0,0,71,0,0
1511,kb/disorders/Thymic_Neuroendocrine_Carcinoma.yaml,Thymic Neuroendocrine Carcinoma,115,162,0,0,0,0,0,0,0,0,0,0,42,0,0,0,120,0,0
1512,kb/disorders/Vulvar_Carcinoma.yaml,Vulvar Carcinoma,101,131,0,0,0,0,0,0,0,0,0,0,42,0,0,0,89,0,0
1513,kb/disorders/Wiedemann-Rautenstrauch_Syndrome.yaml,Wiedemann-Rautenstrauch Syndrome,164,259,0,0,0,0,0,0,0,0,0,0,42,0,0,0,217,0,0
1514,kb/disorders/Developmental_And_Epileptic_Encephalopathy_16.yaml,Developmental And Epileptic Encephalopathy 16,116,146,0,0,0,0,0,0,0,0,0,0,41,0,0,0,105,0,0
1515,kb/disorders/Familial_Nonmedullary_Thyroid_Carcinoma.yaml,Familial Nonmedullary Thyroid Carcinoma,116,214,0,0,0,0,0,0,0,0,0,0,41,0,0,0,173,0,0
1516,kb/disorders/Fibromyalgia.yaml,Fibromyalgia,60,73,0,0,0,0,0,0,0,0,0,0,41,0,0,0,32,0,0
1517,kb/disorders/Long_QT_Syndrome.yaml,Familial Long QT Syndrome,110,140,0,0,0,0,0,0,0,0,0,0,41,0,0,0,99,0,0
1518,kb/disorders/Multiple_Sulfatase_Deficiency.yaml,Multiple Sulfatase Deficiency,98,130,0,0,0,0,0,0,0,0,0,0,41,0,0,0,89,0,0
1519,kb/disorders/Paroxysmal_Dyskinesia.yaml,Paroxysmal Dyskinesia,119,154,0,0,0,0,0,0,0,0,0,0,41,0,0,0,113,0,0
1520,kb/disorders/Ulcerative_Colitis.yaml,Ulcerative Colitis,107,134,0,0,0,0,0,0,0,0,0,0,41,0,0,0,93,0,0
1521,kb/disorders/IREB2-Related_Neurodegeneration.yaml,IREB2-Related Neurodegeneration,87,162,0,0,0,0,0,0,0,0,0,0,40,0,0,0,122,0,0
1522,kb/disorders/Jeune_Asphyxiating_Thoracic_Dystrophy.yaml,Jeune Asphyxiating Thoracic Dystrophy,74,91,0,0,0,0,0,0,0,0,0,0,40,0,0,0,51,0,0
1523,kb/disorders/Neurodevelopmental_Disorder_With_Absent_Speech_And_Movement_And_Behavioral_Abnormalities.yaml,Neurodevelopmental Disorder With Absent Speech and Movement and Behavioral Abnormalities,77,92,0,0,0,0,0,0,0,0,0,0,40,0,0,0,52,0,0
1524,kb/disorders/SQSTM1-Related_Childhood-Onset_Neurodegeneration.yaml,SQSTM1-Related Childhood-Onset Neurodegeneration,87,117,0,0,0,0,0,0,0,0,0,0,40,0,0,0,77,0,0
1525,kb/disorders/BEST1_Bestrophinopathies.yaml,BEST1 Bestrophinopathies,122,160,0,0,0,0,0,0,0,0,0,0,39,0,0,0,121,0,0
1526,kb/disorders/Myotonic_Dystrophy_Type_1.yaml,Myotonic Dystrophy Type 1,82,116,0,0,0,0,0,0,0,0,0,0,39,0,0,0,77,0,0
1527,kb/disorders/Nephronophthisis.yaml,Nephronophthisis,107,228,0,0,0,0,0,0,0,0,0,0,39,0,5,0,184,0,0
1528,kb/disorders/Niemann_Pick_Disease_Type_C.yaml,Niemann-Pick Disease Type C,99,120,0,0,0,0,0,0,0,0,0,0,39,0,0,0,81,0,0
1529,kb/disorders/Rosacea.yaml,Rosacea,193,226,0,0,0,0,0,0,0,0,0,0,39,0,0,0,187,0,0
1530,kb/disorders/Wiskott_Aldrich_Syndrome.yaml,Wiskott-Aldrich syndrome,86,111,0,0,0,0,0,0,0,0,0,0,39,0,0,0,72,0,0
1531,kb/disorders/Combined_Immunodeficiency_Due_To_DOCK8_Deficiency.yaml,Combined Immunodeficiency Due To DOCK8 Deficiency,109,159,0,0,0,0,0,0,0,0,0,0,38,0,0,0,121,0,0
1532,kb/disorders/Multiple_Sclerosis.yaml,Multiple Sclerosis,121,246,0,0,0,0,0,0,0,0,0,0,38,0,0,0,208,0,0
1533,kb/disorders/Osteopetrosis.yaml,Osteopetrosis,86,130,0,0,0,0,0,0,0,0,0,0,38,0,0,0,92,0,0
1534,kb/disorders/Paraneoplastic_Cerebellar_Degeneration.yaml,Paraneoplastic Cerebellar Degeneration,86,104,0,0,0,0,0,0,0,0,0,0,38,0,0,0,66,0,0
1535,kb/disorders/Pelizaeus_Merzbacher_Disease.yaml,Pelizaeus-Merzbacher Disease,93,100,0,0,0,0,0,0,0,0,0,0,38,0,0,0,62,0,0
1536,kb/disorders/Peroxisome_Biogenesis_Disorder_12A_Zellweger.yaml,Peroxisome Biogenesis Disorder 12A (Zellweger),97,140,0,0,0,0,0,0,0,0,0,0,38,0,0,0,102,0,0
1537,kb/disorders/Ullrich_Congenital_Muscular_Dystrophy.yaml,Ullrich congenital muscular dystrophy,101,128,0,0,0,0,0,0,0,0,0,0,38,0,0,0,90,0,0
1538,kb/disorders/Diamond-Blackfan_Anemia.yaml,Diamond-Blackfan Anemia,89,119,0,0,0,0,0,0,0,0,0,0,37,0,0,0,82,0,0
1539,kb/disorders/GLUT1_Deficiency_Syndrome.yaml,GLUT1 Deficiency Syndrome,148,243,0,0,0,0,0,0,0,0,0,0,37,0,0,0,206,0,0
1540,kb/disorders/Geleophysic_Dysplasia.yaml,Geleophysic Dysplasia,88,107,0,0,0,0,0,0,0,0,0,0,37,0,0,0,70,0,0
1541,kb/disorders/Marfan_Syndrome.yaml,Marfan Syndrome,86,168,0,0,0,0,0,0,0,0,0,0,37,0,0,0,131,0,0
1542,kb/disorders/Nicolaides-Baraitser_Syndrome.yaml,Nicolaides-Baraitser Syndrome,91,130,0,0,0,0,0,0,0,0,0,0,37,0,0,0,93,0,0
1543,kb/disorders/POLR-Related_Leukodystrophy.yaml,POLR-Related Leukodystrophy,118,148,0,0,0,0,0,0,0,0,0,0,37,0,0,0,111,0,0
1544,kb/disorders/Placenta_Previa.yaml,Placenta Previa,85,112,0,0,0,0,0,0,0,0,0,0,37,0,0,0,75,0,0
1545,kb/disorders/Prostate_Adenocarcinoma.yaml,Prostate Adenocarcinoma,83,117,0,0,0,0,0,0,0,0,0,0,37,0,0,0,80,0,0
1546,kb/disorders/Congenital_Diaphragmatic_Hernia.yaml,Congenital Diaphragmatic Hernia,121,183,0,0,0,0,0,0,0,0,0,0,36,0,0,0,147,0,0
1547,kb/disorders/Developmental_And_Epileptic_Encephalopathy_46.yaml,Developmental And Epileptic Encephalopathy 46,95,132,0,0,0,0,0,0,0,0,0,0,36,0,0,0,96,0,0
1548,kb/disorders/Developmental_And_Epileptic_Encephalopathy_77.yaml,Developmental And Epileptic Encephalopathy 77,90,137,0,0,0,0,0,0,0,0,0,0,36,0,0,0,101,0,0
1549,kb/disorders/Fibrolamellar_Hepatocellular_Carcinoma.yaml,Fibrolamellar Hepatocellular Carcinoma,89,119,0,0,0,0,0,0,0,0,0,0,36,0,0,0,83,0,0
1550,kb/disorders/Gallbladder_Cancer.yaml,Gallbladder Cancer,56,63,0,0,0,0,0,0,0,0,0,0,36,0,0,0,27,0,0
1551,kb/disorders/Gonorrhea.yaml,Gonorrhea,82,105,0,0,0,0,0,0,0,0,0,0,36,0,0,0,69,0,0
1552,kb/disorders/Immunodeficiency_81.yaml,Immunodeficiency 81,72,81,0,0,0,0,0,0,0,0,0,0,36,0,0,0,45,0,0
1553,kb/disorders/Intellectual_Disability_Autosomal_Dominant_34.yaml,Intellectual Disability Autosomal Dominant 34,97,144,0,0,0,0,0,0,0,0,0,0,36,0,0,0,108,0,0
1554,kb/disorders/Methylmalonic_Acidemia_With_Homocystinuria_Type_cblJ.yaml,"Methylmalonic Acidemia With Homocystinuria, Type cblJ",64,89,0,0,0,0,0,0,0,0,0,0,36,0,0,0,53,0,0
1555,kb/disorders/Mitochondrial_Complex_I_Deficiency_Nuclear_Type_33.yaml,"Mitochondrial Complex I Deficiency, Nuclear Type 33",87,134,0,0,0,0,0,0,0,0,0,0,36,0,0,0,98,0,0
1556,kb/disorders/Obstructive_Sleep_Apnea.yaml,Obstructive Sleep Apnea,64,84,0,0,0,0,0,0,0,0,0,0,36,0,0,0,48,0,0
1557,kb/disorders/Wolfram_Syndrome.yaml,Wolfram Syndrome,135,183,0,0,0,0,0,0,0,0,0,0,36,0,0,0,147,0,0
1558,kb/disorders/FAM111A-Related_Skeletal_Dysplasia.yaml,FAM111A-Related Skeletal Dysplasia,78,91,0,0,0,0,0,0,0,0,0,0,35,0,0,0,56,0,0
1559,kb/disorders/Febrile_Infection-Related_Epilepsy_Syndrome.yaml,Febrile Infection-Related Epilepsy Syndrome,64,72,0,0,0,0,0,0,0,0,0,0,35,0,0,0,37,0,0
1560,kb/disorders/Guanidinoacetate_Methyltransferase_Deficiency.yaml,Guanidinoacetate Methyltransferase Deficiency,79,110,0,0,0,0,0,0,0,0,0,0,35,0,0,0,75,0,0
1561,kb/disorders/MHC_Class_II_Deficiency.yaml,MHC class II deficiency,102,143,0,0,0,0,0,0,0,0,0,0,35,0,0,0,108,0,0
1562,kb/disorders/MTO1_Deficiency.yaml,MTO1 Deficiency,92,142,0,0,0,0,0,0,0,0,0,0,35,0,0,0,107,0,0
1563,kb/disorders/Mayer-Rokitansky-Kuster-Hauser_Syndrome.yaml,Mayer-Rokitansky-Kuster-Hauser_Syndrome,113,145,0,0,0,0,0,0,0,0,0,0,35,0,0,0,110,0,0
1564,kb/disorders/Mixed_Germ_Cell_Tumor.yaml,Mixed Germ Cell Tumor,57,58,0,0,0,0,0,0,0,0,0,0,35,0,0,0,23,0,0
1565,kb/disorders/Omodysplasia.yaml,Omodysplasia,75,111,0,0,0,0,0,0,0,0,0,0,35,0,0,0,76,0,0
1566,kb/disorders/Rhizomelic_Dysplasia_Ain-Naz_Type.yaml,"Rhizomelic Dysplasia, Ain-Naz Type",66,82,0,0,0,0,0,0,0,0,0,0,35,0,0,0,47,0,0
1567,kb/disorders/SDHA-Related_Neurodegeneration_With_Ataxia_And_Optic_Atrophy.yaml,SDHA-Related Neurodegeneration With Ataxia and Optic Atrophy,76,115,0,0,0,0,0,0,0,0,0,0,35,0,0,0,80,0,0
1568,kb/disorders/Stromal_Corneal_Dystrophy.yaml,Stromal Corneal Dystrophy,51,56,0,0,0,0,0,0,0,0,0,0,35,0,0,0,21,0,0
1569,kb/disorders/TRAPPC12-Related_Encephalopathy.yaml,TRAPPC12-Related Encephalopathy,124,142,0,0,0,0,0,0,0,0,0,0,35,0,0,0,107,0,0
1570,kb/disorders/Kearns-Sayre_Syndrome.yaml,Kearns-Sayre syndrome,73,98,0,0,0,0,0,0,0,0,0,0,34,0,0,0,64,0,0
1571,kb/disorders/Lyme_Disease.yaml,Lyme Disease,91,105,0,0,0,0,0,0,0,0,0,0,34,0,0,0,71,0,0
1572,kb/disorders/PCDH19_Clustering_Epilepsy.yaml,PCDH19 Clustering Epilepsy,54,66,0,0,0,0,0,0,0,0,0,0,34,0,0,0,32,0,0
1573,kb/disorders/Paraquat_Poisoning.yaml,Paraquat Poisoning,81,114,0,0,0,0,0,0,0,0,0,0,34,0,0,0,80,0,0
1574,kb/disorders/Ricin_Poisoning.yaml,Ricin Poisoning,142,234,0,0,0,0,0,0,0,0,0,0,34,0,0,0,200,0,0
1575,kb/disorders/Weill-Marchesani_Syndrome.yaml,Weill-Marchesani syndrome,105,154,0,0,0,0,0,0,0,0,0,0,34,0,0,0,120,0,0
1576,kb/disorders/X-Linked_Infantile_Spinal_Muscular_Atrophy.yaml,X-Linked Infantile Spinal Muscular Atrophy,85,110,0,0,0,0,0,0,0,0,0,0,34,0,0,0,76,0,0
1577,kb/disorders/DOCK2_Deficiency.yaml,DOCK2 Deficiency,64,79,0,0,0,0,0,0,0,0,0,0,33,0,0,0,46,0,0
1578,kb/disorders/LETM1-Related_Childhood-Onset_Neurodegeneration.yaml,LETM1-Related Childhood-Onset Neurodegeneration,108,122,0,0,0,0,0,0,0,0,0,0,33,0,0,0,89,0,0
1579,kb/disorders/Lethal_Polymalformative_Syndrome_Boissel_Type.yaml,"Lethal Polymalformative Syndrome, Boissel Type",99,133,0,0,0,0,0,0,0,0,0,0,33,0,0,0,100,0,0
1580,kb/disorders/MICPCH_Syndrome.yaml,MICPCH Syndrome,91,146,0,0,0,0,0,0,0,0,0,0,33,0,0,0,113,0,0
1581,kb/disorders/Microcephalic_Osteodysplastic_Primordial_Dwarfism_Type_II.yaml,Microcephalic Osteodysplastic Primordial Dwarfism Type II,76,92,0,0,0,0,0,0,0,0,0,0,33,0,0,0,59,0,0
1582,kb/disorders/Mitochondrial_Complex_V_ATP_Synthase_Deficiency_Nuclear_Type_3.yaml,"Mitochondrial Complex V (ATP Synthase) Deficiency, Nuclear Type 3",73,89,0,0,0,0,0,0,0,0,0,0,33,0,0,0,56,0,0
1583,kb/disorders/Neurodevelopmental_Disorder_with_Hypotonia_Feeding_Difficulties_Facial_Dysmorphism_and_Brain_Abnormalities.yaml,"Neurodevelopmental Disorder with Hypotonia, Feeding Difficulties, Facial Dysmorphism, and Brain Abnormalities",100,122,0,0,0,0,0,0,0,0,0,0,33,0,0,0,89,0,0
1584,kb/disorders/PPM-X_Syndrome.yaml,PPM-X Syndrome,78,135,0,0,0,0,0,0,0,0,0,0,33,0,0,0,102,0,0
1585,kb/disorders/Podoconiosis.yaml,Podoconiosis,78,134,0,0,0,0,0,0,0,0,0,0,33,0,0,0,101,0,0
1586,kb/disorders/SCN1B-Related_Developmental_and_Epileptic_Encephalopathy.yaml,SCN1B-Related Developmental and Epileptic Encephalopathy,98,124,0,0,0,0,0,0,0,0,0,0,33,0,0,0,91,0,0
1587,kb/disorders/SPTBN4-Related_Neurodevelopmental_Disorder.yaml,SPTBN4-Related Neurodevelopmental Disorder,94,162,0,0,0,0,0,0,0,0,0,0,33,0,0,0,129,0,0
1588,kb/disorders/Stickler_Syndrome_Type_1.yaml,Stickler Syndrome Type 1,74,91,0,0,0,0,0,0,0,0,0,0,33,0,0,0,58,0,0
1589,kb/disorders/Viral_Encephalitis.yaml,Viral Encephalitis,63,73,0,0,0,0,0,0,0,0,0,0,33,0,0,0,40,0,0
1590,kb/disorders/Congenital_Dyserythropoietic_Anemia.yaml,Congenital Dyserythropoietic Anemia,75,85,0,0,0,0,0,0,0,0,0,0,32,0,0,0,53,0,0
1591,kb/disorders/Congenital_Zika_Syndrome.yaml,Congenital Zika Syndrome,74,123,0,0,0,0,0,0,0,0,0,0,32,0,0,0,91,0,0
1592,kb/disorders/Giant_Axonal_Neuropathy_1.yaml,Giant Axonal Neuropathy 1,101,132,0,0,0,0,0,0,0,0,0,0,32,0,0,0,100,0,0
1593,kb/disorders/Inherited_Ichthyosis.yaml,Inherited Ichthyosis,67,73,0,0,0,0,0,0,0,0,0,0,32,0,0,0,41,0,0
1594,kb/disorders/MYPN-Related_Cardiomyopathy.yaml,MYPN-Related Cardiomyopathy,66,87,0,0,0,0,0,0,0,0,0,0,32,0,0,0,55,0,0
1595,kb/disorders/Papillon-Lefevre_Disease.yaml,Papillon-Lefevre Disease,78,101,0,0,0,0,0,0,0,0,0,0,32,0,0,0,69,0,0
1596,kb/disorders/Preterm_Premature_Rupture_of_the_Membranes.yaml,Preterm Premature Rupture of the Membranes,78,96,0,0,0,0,0,0,0,0,0,0,32,0,0,0,64,0,0
1597,kb/disorders/SLC44A1-Related_Childhood-Onset_Neurodegeneration.yaml,SLC44A1-Related Childhood-Onset Neurodegeneration,76,89,0,0,0,0,0,0,0,0,0,0,32,0,0,0,57,0,0
1598,kb/disorders/Small_Cell_Lung_Cancer.yaml,Small Cell Lung Cancer,54,56,0,0,0,0,0,0,0,0,0,0,32,0,0,0,24,0,0
1599,kb/disorders/Tooth_Agenesis.yaml,Tooth Agenesis,58,80,0,0,0,0,0,0,0,0,0,0,32,0,0,0,48,0,0
1600,kb/disorders/Chopra-Amiel-Gordon_Syndrome.yaml,Chopra-Amiel-Gordon Syndrome,114,159,0,0,0,0,0,0,0,0,0,0,31,0,0,0,128,0,0
1601,kb/disorders/Duane_Radial_Ray_Syndrome.yaml,Duane-Radial Ray Syndrome,73,86,0,0,0,0,0,0,0,0,0,0,31,0,0,0,55,0,0
1602,kb/disorders/Hypochondroplasia.yaml,Hypochondroplasia,82,112,0,0,0,0,0,0,0,0,0,0,31,0,0,0,81,0,0
1603,kb/disorders/Inherited_Aplastic_Anemia.yaml,Inherited Aplastic Anemia,61,70,0,0,0,0,0,0,0,0,0,0,31,0,0,0,39,0,0
1604,kb/disorders/Mitochondrial_Complex_I_Deficiency_Nuclear_Type_32.yaml,"Mitochondrial Complex I Deficiency, Nuclear Type 32",62,90,0,0,0,0,0,0,0,0,0,0,31,0,0,0,59,0,0
1605,kb/disorders/Myasthenia_Gravis.yaml,Myasthenia Gravis,93,110,0,0,0,0,0,0,0,0,0,0,31,0,0,0,79,0,0
1606,kb/disorders/Myhre_Syndrome.yaml,Myhre Syndrome,71,83,0,0,0,0,0,0,0,0,0,0,31,0,0,0,52,0,0
1607,kb/disorders/Noonan_Syndrome.yaml,Noonan Syndrome,234,330,0,0,0,0,0,0,0,0,0,0,31,0,0,0,299,0,0
1608,kb/disorders/Pentanucleotide_Repeat_Familial_Adult_Myoclonus_Epilepsy.yaml,Pentanucleotide Repeat Familial Adult Myoclonus Epilepsy,72,92,0,0,0,0,0,0,0,0,0,0,31,0,0,0,61,0,0
1609,kb/disorders/Prader-Willi_Syndrome.yaml,Prader-Willi Syndrome,84,125,0,0,0,0,0,0,0,0,0,0,31,0,0,0,94,0,0
1610,kb/disorders/Proteus_syndrome.yaml,Proteus syndrome,91,108,0,0,0,0,0,0,0,0,0,0,31,0,0,0,77,0,0
1611,kb/disorders/STXBP1_Encephalopathy.yaml,STXBP1 Encephalopathy,58,71,0,0,0,0,0,0,0,0,0,0,31,0,0,0,40,0,0
1612,kb/disorders/Spinocerebellar_Ataxia_Autosomal_Recessive_32.yaml,"Spinocerebellar Ataxia, Autosomal Recessive 32",140,176,0,0,0,0,0,0,0,0,0,0,31,0,0,0,145,0,0
1613,kb/disorders/THOC2-Related_Intellectual_Disability.yaml,THOC2-Related Intellectual Disability,88,154,0,0,0,0,0,0,0,0,0,0,31,0,0,0,123,0,0
1614,kb/disorders/Vitamin_D-Dependent_Rickets_Type_2A.yaml,Vitamin D-Dependent Rickets Type 2A,86,107,0,0,0,0,0,0,0,0,0,0,31,0,2,0,74,0,0
1615,kb/disorders/White-Sutton_Syndrome.yaml,White-Sutton Syndrome,90,145,0,0,0,0,0,0,0,0,0,0,31,0,0,0,114,0,0
1616,kb/disorders/Dilated_Cardiomyopathy_1AA.yaml,Dilated Cardiomyopathy 1AA,78,116,0,0,0,0,0,0,0,0,0,0,30,0,0,0,86,0,0
1617,kb/disorders/Hereditary_Hyperekplexia.yaml,Hereditary Hyperekplexia,80,107,0,0,0,0,0,0,0,0,0,0,30,0,0,0,77,0,0
1618,kb/disorders/Kabuki_Syndrome.yaml,Kabuki Syndrome,90,165,0,0,0,0,0,0,0,0,0,0,30,0,0,0,135,0,0
1619,kb/disorders/Neonatal_Diabetes_Mellitus_With_Congenital_Hypothyroidism.yaml,Neonatal Diabetes Mellitus With Congenital Hypothyroidism,87,118,0,0,0,0,0,0,0,0,0,0,30,0,0,0,88,0,0
1620,kb/disorders/Neurodevelopmental_Disorder_with_Microcephaly_Movement_Abnormalities_and_Seizures.yaml,"Neurodevelopmental Disorder with Microcephaly, Movement Abnormalities, and Seizures",79,105,0,0,0,0,0,0,0,0,0,0,30,0,0,0,75,0,0
1621,kb/disorders/ORAI1_Deficiency.yaml,ORAI1 Deficiency,55,64,0,0,0,0,0,0,0,0,0,0,30,0,0,0,34,0,0
1622,kb/disorders/Oral_Cavity_Squamous_Cell_Carcinoma.yaml,Oral Cavity Squamous Cell Carcinoma,54,61,0,0,0,0,0,0,0,0,0,0,30,0,0,0,31,0,0
1623,kb/disorders/PARK7-Related_Early-Onset_Parkinson_Disease.yaml,PARK7-Related Early-Onset Parkinson Disease,67,106,0,0,0,0,0,0,0,0,0,0,30,0,0,0,76,0,0
1624,kb/disorders/Pendred_Syndrome.yaml,Pendred Syndrome,69,92,0,0,0,0,0,0,0,0,0,0,30,0,0,0,62,0,0
1625,kb/disorders/Primary_Ciliary_Dyskinesia_47_and_Lissencephaly.yaml,Primary Ciliary Dyskinesia 47 and Lissencephaly,48,52,0,0,0,0,0,0,0,0,0,0,30,0,0,0,22,0,0
1626,kb/disorders/Renal_Tubular_Acidosis_Distal_3_With_Or_Without_Sensorineural_Hearing_Loss.yaml,"Renal Tubular Acidosis, Distal, 3, With or Without Sensorineural Hearing Loss",65,79,0,0,0,0,0,0,0,0,0,0,30,0,0,0,49,0,0
1627,kb/disorders/STAT5B_Deficiency.yaml,STAT5B Deficiency,74,108,0,0,0,0,0,0,0,0,0,0,30,0,0,0,78,0,0
1628,kb/disorders/Scrub_Typhus.yaml,Scrub typhus,94,113,0,0,0,0,0,0,0,0,0,0,30,0,0,0,83,0,0
1629,kb/disorders/Thoracic_Aortic_Aneurysm.yaml,Thoracic Aortic Aneurysm,61,112,0,0,0,0,0,0,0,0,0,0,30,0,0,0,82,0,0
1630,kb/disorders/Timothy_Syndrome.yaml,Timothy Syndrome,56,66,0,0,0,0,0,0,0,0,0,0,30,0,0,0,36,0,0
1631,kb/disorders/Warburg_Micro_Syndrome.yaml,Warburg micro syndrome,57,61,0,0,0,0,0,0,0,0,0,0,30,0,0,0,31,0,0
1632,kb/disorders/X-linked_Syndromic_Intellectual_Disability_Turner_Type.yaml,"X-linked Syndromic Intellectual Disability, Turner Type",69,85,0,0,0,0,0,0,0,0,0,0,30,0,0,0,55,0,0
1633,kb/disorders/Dyskeratosis_Congenita_Autosomal_Recessive_6.yaml,Dyskeratosis Congenita Autosomal Recessive 6,67,74,0,0,0,0,0,0,0,0,0,0,29,0,0,0,45,0,0
1634,kb/disorders/Epithelioid_Hemangioendothelioma.yaml,Epithelioid Hemangioendothelioma,85,115,0,0,0,0,0,0,0,0,0,0,29,0,0,0,86,0,0
1635,kb/disorders/Hereditary_Elliptocytosis.yaml,Hereditary Elliptocytosis,78,99,0,0,0,0,0,0,0,0,0,0,29,0,0,0,70,0,0
1636,kb/disorders/Histiocytoid_Cardiomyopathy.yaml,Histiocytoid Cardiomyopathy,94,144,0,0,0,0,0,0,0,0,0,0,29,0,0,0,115,0,0
1637,kb/disorders/Human_Monocytic_Ehrlichiosis.yaml,Human Monocytic Ehrlichiosis,65,71,0,0,0,0,0,0,0,0,0,0,29,0,0,0,42,0,0
1638,kb/disorders/IgA_Nephropathy.yaml,IgA Nephropathy,63,87,0,0,0,0,0,0,0,0,0,0,29,0,0,0,58,0,0
1639,kb/disorders/Imerslund-Grasbeck_Syndrome_Type_1.yaml,Imerslund-Grasbeck Syndrome Type 1,69,97,0,0,0,0,0,0,0,0,0,0,29,0,0,0,68,0,0
1640,kb/disorders/KCNB1-Related_Developmental_and_Epileptic_Encephalopathy.yaml,KCNB1-Related Developmental and Epileptic Encephalopathy,56,67,0,0,0,0,0,0,0,0,0,0,29,0,0,0,38,0,0
1641,kb/disorders/Monkeypox.yaml,Monkeypox,52,101,0,0,0,0,0,0,0,0,0,0,28,1,0,0,72,0,0
1642,kb/disorders/Noise_Induced_Hearing_Loss.yaml,Noise Induced Hearing Loss,60,69,0,0,0,0,0,0,0,0,0,0,29,0,0,0,40,0,0
1643,kb/disorders/Persistent_Truncus_Arteriosus.yaml,Persistent Truncus Arteriosus,82,101,0,0,0,0,0,0,0,0,0,0,29,0,0,0,72,0,0
1644,kb/disorders/Polycystic_Kidney_Disease.yaml,Polycystic Kidney Disease,103,168,0,0,0,0,0,0,0,0,0,0,29,0,0,0,139,0,0
1645,kb/disorders/Snijders_Blok-Campeau_Syndrome.yaml,Snijders Blok-Campeau Syndrome,56,74,0,0,0,0,0,0,0,0,0,0,29,0,0,0,45,0,0
1646,kb/disorders/TUBB8-related_Oocyte_Maturation_Defect.yaml,TUBB8-related Oocyte Maturation Defect,66,82,0,0,0,0,0,0,0,0,0,0,29,0,0,0,53,0,0
1647,kb/disorders/Congenital_Bile_Acid_Synthesis_Defect_5.yaml,Congenital Bile Acid Synthesis Defect 5,74,83,0,0,0,0,0,0,0,0,0,0,28,0,0,0,55,0,0
1648,kb/disorders/Developmental_And_Epileptic_Encephalopathy_81.yaml,Developmental and Epileptic Encephalopathy 81,79,96,0,0,0,0,0,0,0,0,0,0,28,0,0,0,68,0,0
1649,kb/disorders/Exfoliation_Syndrome.yaml,Exfoliation Syndrome,93,156,0,0,0,0,0,0,0,0,0,0,28,0,0,0,128,0,0
1650,kb/disorders/Gastroenteropancreatic_Neuroendocrine_Neoplasm.yaml,Gastroenteropancreatic Neuroendocrine Neoplasm,50,53,0,0,0,0,0,0,0,0,0,0,28,0,0,0,25,0,0
1651,kb/disorders/Gaucher_Disease.yaml,Gaucher Disease,183,221,0,0,0,0,0,0,0,0,0,0,28,0,0,0,193,0,0
1652,kb/disorders/Generalized_Anxiety_Disorder.yaml,Generalized Anxiety Disorder,50,58,0,0,0,0,0,0,0,0,0,0,28,0,0,0,30,0,0
1653,kb/disorders/Generalized_Epilepsy_with_Febrile_Seizures_Plus.yaml,Generalized Epilepsy with Febrile Seizures Plus,67,80,0,0,0,0,0,0,0,0,0,0,28,0,0,0,52,0,0
1654,kb/disorders/Hereditary_Sensory_and_Autonomic_Neuropathy_Type_1A.yaml,Hereditary Sensory and Autonomic Neuropathy Type 1A,84,121,0,0,0,0,0,0,0,0,0,0,28,0,0,0,93,0,0
1655,kb/disorders/Hypertrophic_Cardiomyopathy_10.yaml,Hypertrophic Cardiomyopathy 10,95,121,0,0,0,0,0,0,0,0,0,0,28,0,0,0,93,0,0
1656,kb/disorders/ISCU_Myopathy.yaml,ISCU Myopathy,74,94,0,0,0,0,0,0,0,0,0,0,28,0,0,0,66,0,0
1657,kb/disorders/Laryngeal_Squamous_Cell_Carcinoma.yaml,Laryngeal Squamous Cell Carcinoma,43,43,0,0,0,0,0,0,0,0,0,0,28,0,0,0,15,0,0
1658,kb/disorders/Liver_Cirrhosis.yaml,Liver Cirrhosis,92,108,0,0,0,0,0,0,0,0,0,0,28,0,0,0,80,0,0
1659,kb/disorders/MSTO1-Related_Mitochondrial_Myopathy.yaml,MSTO1-Related Mitochondrial Myopathy,92,164,0,0,0,0,0,0,0,0,0,0,28,0,0,0,136,0,0
1660,kb/disorders/Malignant_Germ_Cell_Tumor_of_Ovary.yaml,Malignant Germ Cell Tumor of Ovary,97,139,0,0,0,0,0,0,0,0,0,0,28,0,0,0,111,0,0
1661,kb/disorders/Mitochondrial_DNA_Depletion_Syndrome_3_Hepatocerebral_Type.yaml,Mitochondrial DNA Depletion Syndrome 3 (Hepatocerebral Type),115,169,0,0,0,0,0,0,0,0,0,0,28,0,0,0,141,0,0
1662,kb/disorders/Multiple_Mitochondrial_Dysfunctions_Syndrome_6.yaml,Multiple Mitochondrial Dysfunctions Syndrome 6,68,74,0,0,0,0,0,0,0,0,0,0,28,0,0,0,46,0,0
1663,kb/disorders/Neurodevelopmental_Disorder_with_Neuromuscular_and_Skeletal_Abnormalities.yaml,Neurodevelopmental Disorder with Neuromuscular and Skeletal Abnormalities,101,135,0,0,0,0,0,0,0,0,0,0,28,0,0,0,107,0,0
1664,kb/disorders/Osteoglophonic_Dysplasia.yaml,Osteoglophonic Dysplasia,62,65,0,0,0,0,0,0,0,0,0,0,28,0,0,0,37,0,0
1665,kb/disorders/Peroxisome_Biogenesis_Disorder_2B.yaml,Peroxisome Biogenesis Disorder 2B,64,87,0,0,0,0,0,0,0,0,0,0,28,0,0,0,59,0,0
1666,kb/disorders/Primary_Coenzyme_Q10_Deficiency.yaml,Primary Coenzyme Q10 Deficiency,78,108,0,0,0,0,0,0,0,0,0,0,28,0,0,0,80,0,0
1667,kb/disorders/Purine_Nucleoside_Phosphorylase_Deficiency.yaml,Purine nucleoside phosphorylase deficiency,82,112,0,0,0,0,0,0,0,0,0,0,28,0,0,0,84,0,0
1668,kb/disorders/Renal_Cell_Carcinoma.yaml,Renal Cell Carcinoma,59,71,0,0,0,0,0,0,0,0,0,0,28,0,0,0,43,0,0
1669,kb/disorders/SUCLA2-Related_Mitochondrial_DNA_Depletion_Syndrome.yaml,SUCLA2-Related Mitochondrial DNA Depletion Syndrome,101,141,0,0,0,0,0,0,0,0,0,0,28,0,0,0,113,0,0
1670,kb/disorders/TUBGCP2-related_Lissencephaly_Spectrum_Disorder.yaml,TUBGCP2-related Lissencephaly Spectrum Disorder,79,90,0,0,0,0,0,0,0,0,0,0,28,0,0,0,62,0,0
1671,kb/disorders/Thanatophoric_Dysplasia_Type_2.yaml,Thanatophoric Dysplasia Type 2,74,107,0,0,0,0,0,0,0,0,0,0,28,0,0,0,79,0,0
1672,kb/disorders/Urea_Cycle_Disorder.yaml,Urea Cycle Disorder,95,102,0,0,0,0,0,0,0,0,0,0,28,0,0,0,74,0,0
1673,kb/disorders/Uveal_Melanoma.yaml,Uveal Melanoma,30,30,0,0,0,0,0,0,0,0,0,0,28,0,0,0,2,0,0
1674,kb/disorders/Vulvodynia.yaml,Vulvodynia,64,84,0,0,0,0,0,0,0,0,0,0,28,0,0,0,56,0,0
1675,kb/disorders/X-linked_Lymphoproliferative_Disease_Due_To_SH2D1A_Deficiency.yaml,X-linked Lymphoproliferative Disease Due To SH2D1A Deficiency,69,105,0,0,0,0,0,0,0,0,0,0,28,0,0,0,77,0,0
1676,kb/disorders/ZNF407-Related_Neurodevelopmental_Disorder.yaml,ZNF407-Related Neurodevelopmental Disorder,86,101,0,0,0,0,0,0,0,0,0,0,28,0,0,0,73,0,0
1677,kb/disorders/Ablepharon_Macrostomia_Syndrome.yaml,Ablepharon-Macrostomia Syndrome,120,231,0,0,0,0,0,0,0,0,0,0,27,0,0,4,200,0,0
1678,kb/disorders/Congenital_Disorder_of_Glycosylation_Type_IIr.yaml,Congenital Disorder of Glycosylation Type IIr,66,77,0,0,0,0,0,0,0,0,0,0,27,0,0,0,50,0,0
1679,kb/disorders/Deafness-Dystonia-Optic_Neuronopathy_Syndrome.yaml,Deafness-Dystonia-Optic Neuronopathy Syndrome,71,105,0,0,0,0,0,0,0,0,0,0,27,0,0,0,78,0,0
1680,kb/disorders/Dilated_Cardiomyopathy_1BB.yaml,Dilated Cardiomyopathy 1BB,101,136,0,0,0,0,0,0,0,0,0,0,27,0,0,0,109,0,0
1681,kb/disorders/Focal_Dermal_Hypoplasia.yaml,Focal Dermal Hypoplasia,62,72,0,0,0,0,0,0,0,0,0,0,27,0,0,0,45,0,0
1682,kb/disorders/GM1_Gangliosidosis_Type_1.yaml,GM1 Gangliosidosis Type 1,74,90,0,0,0,0,0,0,0,0,0,0,27,0,0,0,63,0,0
1683,kb/disorders/Hypertrophic_Cardiomyopathy_7.yaml,Hypertrophic Cardiomyopathy 7,74,120,0,0,0,0,0,0,0,0,0,0,27,0,0,0,93,0,0
1684,kb/disorders/Immunodeficiency_120.yaml,Immunodeficiency 120,68,81,0,0,0,0,0,0,0,0,0,0,27,0,0,0,54,0,0
1685,kb/disorders/Infantile_Spasms.yaml,Infantile Spasms,58,82,0,0,0,0,0,0,0,0,0,0,27,0,0,0,55,0,0
1686,kb/disorders/Left_Ventricular_Noncompaction_10.yaml,Left Ventricular Noncompaction 10,91,111,0,0,0,0,0,0,0,0,0,0,27,0,0,0,84,0,0
1687,kb/disorders/Long-Chain_3-Hydroxyacyl-CoA_Dehydrogenase_Deficiency.yaml,Long-chain 3-hydroxyacyl-CoA Dehydrogenase Deficiency,74,93,0,0,0,0,0,0,0,0,0,0,27,0,0,0,66,0,0
1688,kb/disorders/Opsismodysplasia.yaml,Opsismodysplasia,74,96,0,0,0,0,0,0,0,0,0,0,27,0,0,0,69,0,0
1689,kb/disorders/PHF21A_Related_Neurodevelopmental_Disorder.yaml,PHF21A Related Neurodevelopmental Disorder,63,79,0,0,0,0,0,0,0,0,0,0,27,0,0,0,52,0,0
1690,kb/disorders/Primary_Central_Nervous_System_Lymphoma.yaml,Primary Central Nervous System Lymphoma,72,84,0,0,0,0,0,0,0,0,0,0,27,0,0,0,57,0,0
1691,kb/disorders/Saul-Wilson_Syndrome.yaml,Saul-Wilson Syndrome,60,70,0,0,0,0,0,0,0,0,0,0,27,0,0,0,43,0,0
1692,kb/disorders/Severe_Combined_Immunodeficiency.yaml,Severe Combined Immunodeficiency,113,162,0,0,0,0,0,0,0,0,0,0,27,0,0,0,135,0,0
1693,kb/disorders/Smith-Magenis_Syndrome.yaml,Smith-Magenis Syndrome,69,78,0,0,0,0,0,0,0,0,0,0,27,0,0,0,51,0,0
1694,kb/disorders/Staphylococcal_Scalded_Skin_Syndrome.yaml,Staphylococcal Scalded Skin Syndrome,78,104,0,0,0,0,0,0,0,0,0,0,27,0,0,0,77,0,0
1695,kb/disorders/Stromme_Syndrome.yaml,Stromme Syndrome,75,101,0,0,0,0,0,0,0,0,0,0,27,0,0,0,74,0,0
1696,kb/disorders/Toxic_Oil_Syndrome.yaml,Toxic Oil Syndrome,92,116,0,0,0,0,0,0,0,0,0,0,27,0,0,0,89,0,0
1697,kb/disorders/UCHL1-Related_Neurodegeneration_with_Optic_Atrophy_and_Spastic_Paraplegia.yaml,UCHL1-Related Neurodegeneration with Optic Atrophy and Spastic Paraplegia,82,125,0,0,0,0,0,0,0,0,0,0,27,0,0,0,98,0,0
1698,kb/disorders/VPS4A-Related_Neurodevelopmental_Syndrome.yaml,VPS4A-Related Neurodevelopmental Syndrome,77,95,0,0,0,0,0,0,0,0,0,0,27,0,0,0,68,0,0
1699,kb/disorders/Vici_Syndrome.yaml,Vici Syndrome,94,123,0,0,0,0,0,0,0,0,0,0,27,0,0,0,96,0,0
1700,kb/disorders/WWOX-Related_Developmental_and_Epileptic_Encephalopathy.yaml,WWOX-Related Developmental and Epileptic Encephalopathy,98,114,0,0,0,0,0,0,0,0,0,0,27,0,0,0,87,0,0
1701,kb/disorders/Congenital_Factor_X_Deficiency.yaml,Congenital Factor X Deficiency,67,97,0,0,0,0,0,0,0,0,0,0,26,0,0,0,71,0,0
1702,kb/disorders/Deployment-Related_Constrictive_Bronchiolitis.yaml,Deployment-Related Constrictive Bronchiolitis,78,95,0,0,0,0,0,0,0,0,0,0,26,0,0,0,69,0,0
1703,kb/disorders/EYA1-Related_Branchiootorenal_Spectrum.yaml,EYA1-Related Branchiootorenal Spectrum Disorder,80,98,0,0,0,0,0,0,0,0,0,0,26,0,0,0,72,0,0
1704,kb/disorders/Emanuel_Syndrome.yaml,Emanuel Syndrome,54,61,0,0,0,0,0,0,0,0,0,0,26,0,0,0,35,0,0
1705,kb/disorders/Epidermolysis_Bullosa_Simplex.yaml,Epidermolysis Bullosa Simplex,89,129,0,0,0,0,0,0,0,0,0,0,26,0,0,0,103,0,0
1706,kb/disorders/Glioma.yaml,Glioma,54,56,0,0,0,0,0,0,0,0,0,0,26,0,0,0,30,0,0
1707,kb/disorders/Gnathodiaphyseal_Dysplasia.yaml,Gnathodiaphyseal Dysplasia,99,136,0,0,0,0,0,0,0,0,0,0,26,0,0,0,110,0,0
1708,kb/disorders/Hereditary_Multiple_Osteochondromas.yaml,Hereditary Multiple Osteochondromas,100,190,0,0,0,0,0,0,0,0,0,0,26,0,0,0,164,0,0
1709,kb/disorders/Hereditary_Spastic_Paraplegia_3A.yaml,Hereditary Spastic Paraplegia 3A,132,222,0,0,0,0,0,0,0,0,0,0,26,0,0,0,196,0,0
1710,kb/disorders/Hypertrophic_Cardiomyopathy_30_Atrial.yaml,"Hypertrophic Cardiomyopathy 30, Atrial",73,96,0,0,0,0,0,0,0,0,0,0,26,0,0,0,70,0,0
1711,kb/disorders/IDH_Mutant_AML.yaml,"Acute Myeloid Leukemia, IDH-Mutated",30,30,0,0,0,0,0,0,0,0,0,0,26,0,0,0,4,0,0
1712,kb/disorders/Immunodeficiency_80_with_or_without_Congenital_Cardiomyopathy.yaml,Immunodeficiency 80 with or without Congenital Cardiomyopathy,60,69,0,0,0,0,0,0,0,0,0,0,26,0,0,0,43,0,0
1713,kb/disorders/KBG_Syndrome.yaml,KBG Syndrome,62,71,0,0,0,0,0,0,0,0,0,0,26,0,0,0,45,0,0
1714,kb/disorders/Kaposi_Sarcoma.yaml,Kaposi Sarcoma,39,40,0,0,0,0,0,0,0,0,0,0,26,0,0,0,14,0,0
1715,kb/disorders/Keratitis-Ichthyosis-Deafness_Syndrome.yaml,Keratitis-Ichthyosis-Deafness Syndrome,84,108,0,0,0,0,0,0,0,0,0,0,26,0,0,0,82,0,0
1716,kb/disorders/Melanoma_in_Congenital_Melanocytic_Nevus.yaml,Melanoma_in_Congenital_Melanocytic_Nevus,39,89,0,0,0,0,0,0,0,0,0,0,17,9,0,0,63,0,0
1717,kb/disorders/Mitochondrial_Complex_I_Deficiency_Nuclear_Type_1.yaml,"Mitochondrial Complex I Deficiency, Nuclear Type 1",85,119,0,0,0,0,0,0,0,0,0,0,26,0,0,0,93,0,0
1718,kb/disorders/Mucopolysaccharidosis-Plus_Syndrome.yaml,Mucopolysaccharidosis-Plus Syndrome,102,146,0,0,0,0,0,0,0,0,0,0,26,0,0,0,120,0,0
1719,kb/disorders/Nasopharyngeal_Carcinoma.yaml,Nasopharyngeal Carcinoma,36,39,0,0,0,0,0,0,0,0,0,0,26,0,0,0,13,0,0
1720,kb/disorders/Patent_Ductus_Arteriosus_3.yaml,Patent Ductus Arteriosus 3,85,103,0,0,0,0,0,0,0,0,0,0,26,0,0,0,77,0,0
1721,kb/disorders/Peroxisome_Biogenesis_Disorder_11A_Zellweger.yaml,Peroxisome Biogenesis Disorder 11A (Zellweger),91,125,0,0,0,0,0,0,0,0,0,0,26,0,0,0,99,0,0
1722,kb/disorders/Primrose_Syndrome.yaml,Primrose Syndrome,72,83,0,0,0,0,0,0,0,0,0,0,26,0,0,0,57,0,0
1723,kb/disorders/Progressive_External_Ophthalmoplegia_With_Mitochondrial_DNA_Deletions_Autosomal_Recessive_4.yaml,"Progressive External Ophthalmoplegia with Mitochondrial DNA Deletions, Autosomal Recessive 4",58,75,0,0,0,0,0,0,0,0,0,0,26,0,0,0,49,0,0
1724,kb/disorders/SRPX2-related_Speech_Epilepsy_Polymicrogyria.yaml,SRPX2-related Speech-Epilepsy-Polymicrogyria,42,52,0,0,0,0,0,0,0,0,0,0,26,0,0,0,26,0,0
1725,kb/disorders/Spinocerebellar_Ataxia_48.yaml,Spinocerebellar Ataxia 48,93,146,0,0,0,0,0,0,0,0,0,0,26,0,0,0,120,0,0
1726,kb/disorders/Wilms_Tumor.yaml,Wilms Tumor,90,120,0,0,0,0,0,0,0,0,0,0,26,0,0,0,94,0,0
1727,kb/disorders/ZAP70_Deficiency.yaml,ZAP70 Deficiency,95,137,0,0,0,0,0,0,0,0,0,0,26,0,0,0,111,0,0
1728,kb/disorders/Cutaneous_Squamous_Cell_Carcinoma.yaml,Cutaneous Squamous Cell Carcinoma,42,47,0,0,0,0,0,0,0,0,0,0,25,0,0,0,22,0,0
1729,kb/disorders/DYRK1A_Syndrome.yaml,DYRK1A-related intellectual disability syndrome,61,79,0,0,0,0,0,0,0,0,0,0,25,0,0,0,54,0,0
1730,kb/disorders/Developmental_And_Epileptic_Encephalopathy_19.yaml,Developmental and Epileptic Encephalopathy 19,70,98,0,0,0,0,0,0,0,0,0,0,25,0,0,0,73,0,0
1731,kb/disorders/Ergotism.yaml,Ergotism,101,148,0,0,0,0,0,0,0,0,0,0,25,0,0,0,123,0,0
1732,kb/disorders/FGFR_Altered_Cholangiocarcinoma.yaml,FGFR-Altered Cholangiocarcinoma,30,30,0,0,0,0,0,0,0,0,0,0,25,0,0,0,5,0,0
1733,kb/disorders/FOXP1_Syndrome.yaml,FOXP1 Syndrome,135,215,0,0,0,0,0,0,0,0,0,0,25,0,0,0,190,0,0
1734,kb/disorders/Familial_Hypercholesterolemia.yaml,Familial Hypercholesterolemia,172,201,0,0,0,0,0,0,0,0,0,0,25,0,0,0,176,0,0
1735,kb/disorders/Glomerulonephritis.yaml,Glomerulonephritis,93,113,0,0,0,0,0,0,0,0,0,0,25,0,0,0,88,0,0
1736,kb/disorders/Glucose-6-Phosphate_Dehydrogenase_G6PD_Deficiency.yaml,Glucose-6-Phosphate Dehydrogenase (G6PD) Deficiency,54,74,0,0,0,0,0,0,0,0,0,0,25,0,0,0,49,0,0
1737,kb/disorders/Glycogen_Storage_Disease_Due_To_Lactate_Dehydrogenase_M-subunit_Deficiency.yaml,Glycogen Storage Disease Due To Lactate Dehydrogenase M-subunit Deficiency,55,76,0,0,0,0,0,0,0,0,0,0,25,0,0,0,51,0,0
1738,kb/disorders/HIDEA_Syndrome.yaml,HIDEA_Syndrome,38,39,0,0,0,0,0,0,0,0,0,0,25,0,0,0,14,0,0
1739,kb/disorders/H_Syndrome.yaml,H Syndrome,74,87,0,0,0,0,0,0,0,0,0,0,25,0,0,0,62,0,0
1740,kb/disorders/Human_Granulocytic_Anaplasmosis.yaml,Human Granulocytic Anaplasmosis,58,60,0,0,0,0,0,0,0,0,0,0,25,0,0,0,35,0,0
1741,kb/disorders/Hypertrophic_Cardiomyopathy_25.yaml,Hypertrophic Cardiomyopathy 25,61,100,0,0,0,0,0,0,0,0,0,0,25,0,0,0,75,0,0
1742,kb/disorders/Isoniazid_Toxicity.yaml,Isoniazid Toxicity,71,90,0,0,0,0,0,0,0,0,0,0,25,0,0,0,65,0,0
1743,kb/disorders/LIFR-Related_Stuve-Wiedemann_Syndrome.yaml,LIFR-Related Stuve-Wiedemann Syndrome,79,96,0,0,0,0,0,0,0,0,0,0,25,0,0,0,71,0,0
1744,kb/disorders/Local_Anesthetic_Systemic_Toxicity.yaml,Local Anesthetic Systemic Toxicity,65,83,0,0,0,0,0,0,0,0,0,0,25,0,0,0,58,0,0
1745,kb/disorders/MERRF_Syndrome.yaml,MERRF Syndrome,93,135,0,0,0,0,0,0,0,0,0,0,25,0,0,0,110,0,0
1746,kb/disorders/Malignant_Mesothelioma.yaml,Malignant Mesothelioma,32,34,0,0,0,0,0,0,0,0,0,0,25,0,0,0,9,0,0
1747,kb/disorders/Miller-Dieker_Lissencephaly_Syndrome.yaml,Miller-Dieker Lissencephaly Syndrome,56,64,0,0,0,0,0,0,0,0,0,0,25,0,0,0,39,0,0
1748,kb/disorders/Mitochondrial_Complex_I_Deficiency_Nuclear_Type_22.yaml,"Mitochondrial Complex I Deficiency, Nuclear Type 22",48,65,0,0,0,0,0,0,0,0,0,0,25,0,0,0,40,0,0
1749,kb/disorders/Mosaic_Variegated_Aneuploidy_Syndrome.yaml,Mosaic Variegated Aneuploidy Syndrome,97,135,0,0,0,0,0,0,0,0,0,0,25,0,0,0,110,0,0
1750,kb/disorders/Multiple_Congenital_Anomalies-Hypotonia-Seizures_Syndrome.yaml,Multiple Congenital Anomalies-Hypotonia-Seizures Syndrome,64,78,0,0,0,0,0,0,0,0,0,0,25,0,0,0,53,0,0
1751,kb/disorders/Multiple_Mitochondrial_Dysfunctions_Syndrome_1.yaml,Multiple Mitochondrial Dysfunctions Syndrome 1,82,104,0,0,0,0,0,0,0,0,0,0,25,0,0,0,79,0,0
1752,kb/disorders/Multiple_Mitochondrial_Dysfunctions_Syndrome_2.yaml,Multiple Mitochondrial Dysfunctions Syndrome 2,78,94,0,0,0,0,0,0,0,0,0,0,25,0,0,0,69,0,0
1753,kb/disorders/MyD88_Deficiency.yaml,MyD88 Deficiency,78,92,0,0,0,0,0,0,0,0,0,0,25,0,0,0,67,0,0
1754,kb/disorders/Ocular_Melanoma.yaml,Ocular Melanoma,106,136,0,0,0,0,0,0,0,0,0,0,25,0,0,0,111,0,0
1755,kb/disorders/Pachyonychia_Congenita.yaml,Pachyonychia Congenita,100,138,0,0,0,0,0,0,0,0,0,0,25,0,0,0,113,0,0
1756,kb/disorders/Schizophrenia.yaml,Schizophrenia,89,212,0,0,0,0,0,0,0,0,0,0,25,0,0,0,187,0,0
1757,kb/disorders/Spastic_Paraplegia_81.yaml,Spastic Paraplegia 81,52,57,0,0,0,0,0,0,0,0,0,0,25,0,0,0,32,0,0
1758,kb/disorders/Spondylometaphyseal_Dysplasia_Kozlowski_Type.yaml,Spondylometaphyseal Dysplasia Kozlowski Type,62,79,0,0,0,0,0,0,0,0,0,0,25,0,0,0,54,0,0
1759,kb/disorders/Stickler_Syndrome_Type_4.yaml,Stickler Syndrome Type 4,59,82,0,0,0,0,0,0,0,0,0,0,25,0,0,0,57,0,0
1760,kb/disorders/Thrombophilia.yaml,Thrombophilia,78,103,0,0,0,0,0,0,0,0,0,0,25,0,0,0,78,0,0
1761,kb/disorders/Trichothiodystrophy.yaml,Trichothiodystrophy,195,230,0,0,0,0,0,0,0,0,0,0,25,0,0,0,205,0,0
1762,kb/disorders/Vitiligo.yaml,Vitiligo,79,160,0,0,0,0,0,0,0,0,0,0,25,0,0,0,135,0,0
1763,kb/disorders/Wolcott-Rallison_Syndrome.yaml,Wolcott-Rallison Syndrome,68,81,0,0,0,0,0,0,0,0,0,0,25,0,0,0,56,0,0
1764,kb/disorders/Xeroderma_Pigmentosum.yaml,Xeroderma Pigmentosum,82,83,0,0,0,0,0,0,0,0,0,0,25,0,0,0,58,0,0
1765,kb/disorders/Yao_Syndrome.yaml,Yao Syndrome,94,134,0,0,0,0,0,0,0,0,0,0,25,0,0,0,109,0,0
1766,kb/disorders/Anthrax.yaml,Anthrax,62,67,0,0,0,0,0,0,0,0,0,0,24,0,0,0,43,0,0
1767,kb/disorders/Developmental_and_Epileptic_Encephalopathy_55.yaml,Developmental and Epileptic Encephalopathy 55,53,65,0,0,0,0,0,0,0,0,0,0,24,0,0,0,41,0,0
1768,kb/disorders/Dilated_Cardiomyopathy_2B.yaml,Dilated Cardiomyopathy 2B,81,110,0,0,0,0,0,0,0,0,0,0,24,0,0,0,86,0,0
1769,kb/disorders/Early-Onset_Autosomal_Dominant_Alzheimer_Disease.yaml,Early-Onset Autosomal Dominant Alzheimer Disease,94,121,0,0,0,0,0,0,0,0,0,0,24,0,0,0,97,0,0
1770,kb/disorders/Familial_Hypocalciuric_Hypercalcemia_1.yaml,Familial Hypocalciuric Hypercalcemia 1,51,67,0,0,0,0,0,0,0,0,0,0,24,0,0,0,43,0,0
1771,kb/disorders/GABRG2-Related_Epilepsy.yaml,GABRG2-Related Epilepsy,49,63,0,0,0,0,0,0,0,0,0,0,24,0,0,0,39,0,0
1772,kb/disorders/Galloway-Mowat_Syndrome.yaml,Galloway-Mowat syndrome,76,91,0,0,0,0,0,0,0,0,0,0,24,0,0,0,67,0,0
1773,kb/disorders/Hypertrophic_Cardiomyopathy_8.yaml,Hypertrophic Cardiomyopathy 8,68,108,0,0,0,0,0,0,0,0,0,0,24,0,0,0,84,0,0
1774,kb/disorders/IDH_Mutant_Cholangiocarcinoma.yaml,IDH-Mutant Cholangiocarcinoma,29,29,0,0,0,0,0,0,0,0,0,0,24,0,0,0,5,0,0
1775,kb/disorders/Immunodeficiency_11B_With_Atopic_Dermatitis.yaml,Immunodeficiency 11B with Atopic Dermatitis,85,107,0,0,0,0,0,0,0,0,0,0,24,0,0,0,83,0,0
1776,kb/disorders/Immunodeficiency_Centromeric_Instability_Facial_Anomalies_Syndrome.yaml,Immunodeficiency-Centromeric Instability-Facial Anomalies Syndrome,88,113,0,0,0,0,0,0,0,0,0,0,24,0,0,0,89,0,0
1777,kb/disorders/Intellectual_Developmental_Disorder_X-linked_114.yaml,"Intellectual Developmental Disorder, X-Linked 114",89,121,0,0,0,0,0,0,0,0,0,0,24,0,0,0,97,0,0
1778,kb/disorders/Kniest_Dysplasia.yaml,Kniest Dysplasia,61,82,0,0,0,0,0,0,0,0,0,0,24,0,0,0,58,0,0
1779,kb/disorders/MEPAN_Syndrome.yaml,MEPAN Syndrome,67,74,0,0,0,0,0,0,0,0,0,0,24,0,0,0,50,0,0
1780,kb/disorders/MMADHC-related_Disorder_of_Cobalamin_Metabolism_cblD_Type.yaml,"MMADHC-related Disorder of Cobalamin Metabolism, cblD Type",45,49,0,0,0,0,0,0,0,0,0,0,24,0,0,0,25,0,0
1781,kb/disorders/MTHFD1_Deficiency.yaml,MTHFD1 Deficiency,69,88,0,0,0,0,0,0,0,0,0,0,24,0,0,0,64,0,0
1782,kb/disorders/Mevalonate_Kinase_Deficiency.yaml,Mevalonate Kinase Deficiency,61,67,0,0,0,0,0,0,0,0,0,0,24,0,0,0,43,0,0
1783,kb/disorders/Nocardiosis.yaml,Nocardiosis,63,70,0,0,0,0,0,0,0,0,0,0,24,0,0,0,46,0,0
1784,kb/disorders/Osteoporosis.yaml,Osteoporosis,93,128,0,0,0,0,0,0,0,0,0,0,24,0,0,0,104,0,0
1785,kb/disorders/Pyoderma_Gangrenosum.yaml,Pyoderma Gangrenosum,113,171,0,0,0,0,0,0,0,0,0,0,24,0,0,0,147,0,0
1786,kb/disorders/Rajab_Interstitial_Lung_Disease_With_Brain_Calcifications_1.yaml,Rajab Interstitial Lung Disease With Brain Calcifications 1,46,54,0,0,0,0,0,0,0,0,0,0,24,0,0,0,30,0,0
1787,kb/disorders/Ring_Chromosome_20_Syndrome.yaml,Ring Chromosome 20 Syndrome,66,123,0,0,0,0,0,0,0,0,0,0,24,0,0,0,99,0,0
1788,kb/disorders/Ritscher-Schinzel_Syndrome.yaml,Ritscher-Schinzel Syndrome,65,68,0,0,0,0,0,0,0,0,0,0,24,0,0,0,44,0,0
1789,kb/disorders/SURF1-Related_Leigh_Syndrome.yaml,SURF1-Related Leigh Syndrome,48,51,0,0,0,0,0,0,0,0,0,0,24,0,0,0,27,0,0
1790,kb/disorders/Syndromic_X-linked_Intellectual_Disability_94.yaml,Syndromic X-linked Intellectual Disability 94,106,144,0,0,0,0,0,0,0,0,0,0,24,0,0,0,120,0,0
1791,kb/disorders/TP63_Ectodermal_Dysplasia_Spectrum.yaml,TP63-Related Ectodermal Dysplasia Spectrum,43,48,0,0,0,0,0,0,0,0,0,0,24,0,0,0,24,0,0
1792,kb/disorders/Temtamy_Preaxial_Brachydactyly_Syndrome.yaml,Temtamy Preaxial Brachydactyly Syndrome,62,72,0,0,0,0,0,0,0,0,0,0,24,0,0,0,48,0,0
1793,kb/disorders/YWHAG_Syndrome.yaml,YWHAG Syndrome,55,76,0,0,0,0,0,0,0,0,0,0,24,0,0,0,52,0,0
1794,kb/disorders/ZRS-Related_Limb_Malformation.yaml,ZRS-Related Limb Malformation,72,88,0,0,0,0,0,0,0,0,0,0,24,0,0,0,64,0,0
1795,kb/disorders/Developmental_And_Epileptic_Encephalopathy_82.yaml,Developmental and Epileptic Encephalopathy 82,86,136,0,0,0,0,0,0,0,0,0,0,23,0,0,0,113,0,0
1796,kb/disorders/Familial_Expansile_Osteolysis.yaml,Familial Expansile Osteolysis,81,181,0,0,0,0,0,0,0,0,0,0,23,0,0,0,158,0,0
1797,kb/disorders/Fatal_Familial_Insomnia.yaml,Fatal Familial Insomnia,87,138,0,0,0,0,0,0,0,0,0,0,23,0,0,0,115,0,0
1798,kb/disorders/GNE_Myopathy.yaml,GNE Myopathy,73,102,0,0,0,0,0,0,0,0,0,0,23,0,0,0,79,0,0
1799,kb/disorders/Growth_Restriction_Hypoplastic_Kidneys_Alopecia_And_Distinctive_Facies.yaml,Growth Restriction Hypoplastic Kidneys Alopecia And Distinctive Facies,60,88,0,0,0,0,0,0,0,0,0,0,23,0,0,0,65,0,0
1800,kb/disorders/HHAT-Related_Chondrodysplasia_with_46XY_Disorder_of_Sex_Development.yaml,"HHAT-related chondrodysplasia with 46,XY disorder of sex development",75,95,0,0,0,0,0,0,0,0,0,0,23,0,0,0,72,0,0
1801,kb/disorders/HOXC13_Ectodermal_Dysplasia.yaml,HOXC13-Related Pure Hair-Nail Ectodermal Dysplasia,51,63,0,0,0,0,0,0,0,0,0,0,23,0,0,0,40,0,0
1802,kb/disorders/Hepatitis_B.yaml,Hepatitis B,75,183,0,0,0,0,0,0,0,0,0,0,23,0,0,0,160,0,0
1803,kb/disorders/Immunodeficiency_118.yaml,Immunodeficiency 118,52,60,0,0,0,0,0,0,0,0,0,0,23,0,0,0,37,0,0
1804,kb/disorders/Immunodeficiency_82_With_Systemic_Inflammation.yaml,Immunodeficiency 82 With Systemic Inflammation,59,71,0,0,0,0,0,0,0,0,0,0,23,0,0,0,48,0,0
1805,kb/disorders/Inborn_Disorder_of_Cobalamin_Metabolism_and_Transport.yaml,Inborn Disorder of Cobalamin Metabolism and Transport,60,71,0,0,0,0,0,0,0,0,0,0,23,0,0,0,48,0,0
1806,kb/disorders/Juvenile_Paget_Disease.yaml,Juvenile Paget Disease,73,87,0,0,0,0,0,0,0,0,0,0,23,0,0,0,64,0,0
1807,kb/disorders/Langerhans_Cell_Histiocytosis.yaml,Langerhans Cell Histiocytosis,34,38,0,0,0,0,0,0,0,0,0,0,23,0,0,0,15,0,0
1808,kb/disorders/Leukocyte_Adhesion_Deficiency_Type_II.yaml,Leukocyte Adhesion Deficiency Type II,55,65,0,0,0,0,0,0,0,0,0,0,23,0,0,0,42,0,0
1809,kb/disorders/Methylcobalamin_Deficiency_Type_cblG.yaml,Methylcobalamin Deficiency Type cblG,58,69,0,0,0,0,0,0,0,0,0,0,23,0,0,0,46,0,0
1810,kb/disorders/Mitchell-Riley_Syndrome.yaml,Mitchell-Riley Syndrome,73,110,0,0,0,0,0,0,0,0,0,0,23,0,0,0,87,0,0
1811,kb/disorders/Mitochondrial_Complex_I_Deficiency_Nuclear_Type_18.yaml,"Mitochondrial Complex I Deficiency, Nuclear Type 18",66,85,0,0,0,0,0,0,0,0,0,0,23,0,0,0,62,0,0
1812,kb/disorders/Myofibrillar_Myopathy.yaml,Myofibrillar Myopathy,125,164,0,0,0,0,0,0,0,0,0,0,23,0,0,0,141,0,0
1813,kb/disorders/Neuroblastoma.yaml,Neuroblastoma,41,53,0,0,0,0,0,0,0,0,0,0,23,0,0,0,30,0,0
1814,kb/disorders/Neurodegeneration_Childhood-onset_With_Cerebellar_Atrophy.yaml,Neurodegeneration Childhood-onset With Cerebellar Atrophy,138,210,0,0,0,0,0,0,0,0,0,0,23,0,0,0,187,0,0
1815,kb/disorders/Neurodevelopmental_Disorder_with_Hypotonia_and_Speech_Delay.yaml,"Neurodevelopmental Disorder with Hypotonia and Speech Delay, With or Without Seizures",75,112,0,0,0,0,0,0,0,0,0,0,23,0,0,0,89,0,0
1816,kb/disorders/Neuronal_Ceroid_Lipofuscinosis.yaml,Neuronal Ceroid Lipofuscinosis,82,96,0,0,0,0,0,0,0,0,0,0,23,0,0,0,73,0,0
1817,kb/disorders/Noonan_Syndrome_11.yaml,Noonan Syndrome 11,97,126,0,0,0,0,0,0,0,0,0,0,23,0,0,0,103,0,0
1818,kb/disorders/Obesity.yaml,Obesity,69,95,0,0,0,0,0,0,0,0,0,0,23,0,0,0,72,0,0
1819,kb/disorders/Orofaciodigital_Syndrome_Type_I.yaml,Orofaciodigital Syndrome Type I,54,71,0,0,0,0,0,0,0,0,0,0,23,0,0,0,48,0,0
1820,kb/disorders/Osteogenesis_Imperfecta_Type_II.yaml,Osteogenesis Imperfecta Type II,52,59,0,0,0,0,0,0,0,0,0,0,23,0,0,0,36,0,0
1821,kb/disorders/RHYNS_Syndrome.yaml,RHYNS Syndrome,55,68,0,0,0,0,0,0,0,0,0,0,23,0,0,0,45,0,0
1822,kb/disorders/RYR2_CPVT.yaml,RYR2 CPVT,84,115,0,0,0,0,0,0,0,0,0,0,23,0,0,0,92,0,0
1823,kb/disorders/Rubinstein-Taybi_Syndrome.yaml,Rubinstein-Taybi Syndrome,62,76,0,0,0,0,0,0,0,0,0,0,23,0,0,0,53,0,0
1824,kb/disorders/SLC12A5-Related_Developmental_and_Epileptic_Encephalopathy.yaml,SLC12A5-Related Developmental and Epileptic Encephalopathy,71,93,0,0,0,0,0,0,0,0,0,0,23,0,0,0,70,0,0
1825,kb/disorders/Short-Rib_Polydactyly_Syndrome.yaml,Short-Rib Polydactyly Syndrome,58,69,0,0,0,0,0,0,0,0,0,0,23,0,0,0,46,0,0
1826,kb/disorders/Sjogren-Larsson_Syndrome.yaml,Sjogren-Larsson Syndrome,67,72,0,0,0,0,0,0,0,0,0,0,23,0,0,0,49,0,0
1827,kb/disorders/Spondyloepimetaphyseal_Dysplasia_Sponastrime_Type.yaml,Spondyloepimetaphyseal Dysplasia Sponastrime Type,59,71,0,0,0,0,0,0,0,0,0,0,23,0,0,0,48,0,0
1828,kb/disorders/Torsion_Dystonia_6.yaml,Torsion Dystonia 6,55,74,0,0,0,0,0,0,0,0,0,0,23,0,0,0,51,0,0
1829,kb/disorders/Volumetric_Muscle_Loss.yaml,Volumetric Muscle Loss,43,54,0,0,0,0,0,0,0,0,0,0,23,0,0,0,31,0,0
1830,kb/disorders/X-Linked_Combined_Immunodeficiency.yaml,X-Linked Combined Immunodeficiency,56,87,0,0,0,0,0,0,0,0,0,0,23,0,0,0,64,0,0
1831,kb/disorders/X-linked_Dilated_Cardiomyopathy.yaml,X-linked Dilated Cardiomyopathy,67,81,0,0,0,0,0,0,0,0,0,0,23,0,0,0,58,0,0
1832,kb/disorders/alpha-Methylacyl-CoA_Racemase_Deficiency.yaml,Alpha-Methylacyl-CoA Racemase Deficiency,66,80,0,0,0,0,0,0,0,0,0,0,23,0,0,0,57,0,0
1833,kb/disorders/Actinomycosis.yaml,Actinomycosis,60,66,0,0,0,0,0,0,0,0,0,0,22,0,0,0,44,0,0
1834,kb/disorders/Chlamydia_Pneumoniae_Pneumonia.yaml,Chlamydia Pneumoniae Pneumonia,40,41,0,0,0,0,0,0,0,0,0,0,22,0,0,0,19,0,0
1835,kb/disorders/Cystic_Leukoencephalopathy_Without_Megalencephaly.yaml,Cystic Leukoencephalopathy Without Megalencephaly,54,69,0,0,0,0,0,0,0,0,0,0,22,0,0,0,47,0,0
1836,kb/disorders/Developmental_And_Epileptic_Encephalopathy_14.yaml,Developmental and Epileptic Encephalopathy 14,94,155,0,0,0,0,0,0,0,0,0,0,22,0,0,0,133,0,0
1837,kb/disorders/Encephalopathy_Due_To_Defective_Mitochondrial_And_Peroxisomal_Fission_2.yaml,Encephalopathy Due To Defective Mitochondrial And Peroxisomal Fission 2,47,57,0,0,0,0,0,0,0,0,0,0,22,0,0,0,35,0,0
1838,kb/disorders/Hereditary_Hemorrhagic_Telangiectasia_Type_2.yaml,Hereditary Hemorrhagic Telangiectasia Type 2,100,153,0,0,0,0,0,0,0,0,0,0,22,0,0,0,131,0,0
1839,kb/disorders/Idiopathic_Hypereosinophilic_Syndrome.yaml,Idiopathic Hypereosinophilic Syndrome,91,112,0,0,0,0,0,0,0,0,0,0,22,0,0,0,90,0,0
1840,kb/disorders/Immunodeficiency_85_And_Autoimmunity.yaml,Immunodeficiency 85 and Autoimmunity,51,73,0,0,0,0,0,0,0,0,0,0,22,0,0,0,51,0,0
1841,kb/disorders/Keratoconus.yaml,Keratoconus,80,112,0,0,0,0,0,0,0,0,0,0,22,0,0,0,90,0,0
1842,kb/disorders/LAMA5-Related_Bent_Bone_Dysplasia.yaml,LAMA5-Related Bent Bone Dysplasia,58,67,0,0,0,0,0,0,0,0,0,0,22,0,0,0,45,0,0
1843,kb/disorders/Leishmaniasis.yaml,Leishmaniasis,49,59,0,0,0,0,0,0,0,0,0,0,22,0,0,0,37,0,0
1844,kb/disorders/Mitochondrial_Complex_I_Deficiency_Nuclear_Type_15.yaml,"Mitochondrial Complex I Deficiency, Nuclear Type 15",64,81,0,0,0,0,0,0,0,0,0,0,22,0,0,0,59,0,0
1845,kb/disorders/Mitochondrial_Complex_I_Deficiency_Nuclear_Type_21.yaml,Mitochondrial Complex I Deficiency Nuclear Type 21,59,70,0,0,0,0,0,0,0,0,0,0,22,0,0,0,48,0,0
1846,kb/disorders/Mitral_Valve_Prolapse.yaml,Mitral Valve Prolapse,46,63,0,0,0,0,0,0,0,0,0,0,22,0,0,0,41,0,0
1847,kb/disorders/Muckle-Wells_Syndrome.yaml,Muckle-Wells Syndrome,49,53,0,0,0,0,0,0,0,0,0,0,22,0,0,0,31,0,0
1848,kb/disorders/Multisystem_Inflammatory_Syndrome_in_Children_MIS-C.yaml,Multisystem Inflammatory Syndrome in Children (MIS-C),50,119,0,0,0,0,0,0,0,0,0,0,22,0,0,0,97,0,0
1849,kb/disorders/NAD_P_HX_Dehydratase_Deficiency.yaml,NAD(P)HX Dehydratase Deficiency,62,80,0,0,0,0,0,0,0,0,0,0,22,0,0,0,58,0,0
1850,kb/disorders/Neurodevelopmental_Disorder_with_Microcephaly_Seizures_and_Cortical_Atrophy.yaml,"Neurodevelopmental Disorder with Microcephaly, Seizures, and Cortical Atrophy",79,118,0,0,0,0,0,0,0,0,0,0,22,0,0,0,96,0,0
1851,kb/disorders/Oculopharyngodistal_Myopathy.yaml,Oculopharyngodistal Myopathy,41,46,0,0,0,0,0,0,0,0,0,0,22,0,0,0,24,0,0
1852,kb/disorders/PRKAG2_Cardiac_Syndrome.yaml,PRKAG2 Cardiac Syndrome,91,146,0,0,0,0,0,0,0,0,0,0,22,0,0,0,124,0,0
1853,kb/disorders/Post-SSRI_Sexual_Dysfunction.yaml,Post-SSRI Sexual Dysfunction,71,104,0,0,0,0,0,0,0,0,0,0,22,0,0,0,82,0,0
1854,kb/disorders/Pseudomyxoma_Peritonei.yaml,Pseudomyxoma Peritonei,60,72,0,0,0,0,0,0,0,0,0,0,22,0,0,0,50,0,0
1855,kb/disorders/Retinitis_Pigmentosa_With_or_Without_Situs_Inversus.yaml,Retinitis Pigmentosa With or Without Situs Inversus,61,77,0,0,0,0,0,0,0,0,0,0,22,0,0,0,55,0,0
1856,kb/disorders/SOCS1_Haploinsufficiency.yaml,SOCS1 Haploinsufficiency,49,63,0,0,0,0,0,0,0,0,0,0,22,0,0,0,41,0,0
1857,kb/disorders/Spondyloepiphyseal_Dysplasia_Congenita.yaml,Spondyloepiphyseal Dysplasia Congenita,75,105,0,0,0,0,0,0,0,0,0,0,22,0,0,0,83,0,0
1858,kb/disorders/Spondylometaphyseal_Dysplasia_Schmidt_Type.yaml,"Spondylometaphyseal Dysplasia, Schmidt Type",52,65,0,0,0,0,0,0,0,0,0,0,22,0,0,0,43,0,0
1859,kb/disorders/Stickler_Syndrome_Type_5.yaml,Stickler Syndrome Type 5,51,68,0,0,0,0,0,0,0,0,0,0,22,0,0,0,46,0,0
1860,kb/disorders/Von_Hippel-Lindau_Disease.yaml,Von Hippel-Lindau Disease,52,65,0,0,0,0,0,0,0,0,0,0,22,0,0,0,43,0,0
1861,kb/disorders/X-linked_Chondrodysplasia_Punctata_2.yaml,X-linked Chondrodysplasia Punctata 2,66,70,0,0,0,0,0,0,0,0,0,0,22,0,0,0,48,0,0
1862,kb/disorders/Bacillary_Angiomatosis.yaml,Bacillary Angiomatosis,52,55,0,0,0,0,0,0,0,0,0,0,21,0,0,0,34,0,0
1863,kb/disorders/Crouzon_Syndrome_with_Acanthosis_Nigricans.yaml,Crouzon Syndrome with Acanthosis Nigricans,41,46,0,0,0,0,0,0,0,0,0,0,21,0,0,0,25,0,0
1864,kb/disorders/DNM1_Encephalopathy.yaml,DNM1 Encephalopathy,43,52,0,0,0,0,0,0,0,0,0,0,21,0,0,0,31,0,0
1865,kb/disorders/Esophageal_Squamous_Cell_Carcinoma.yaml,Esophageal Squamous Cell Carcinoma,64,71,0,0,0,0,0,0,0,0,0,0,21,0,0,0,50,0,0
1866,kb/disorders/Ferguson-Bonni_Neurodevelopmental_Syndrome.yaml,Ferguson-Bonni neurodevelopmental syndrome,45,52,0,0,0,0,0,0,0,0,0,0,11,10,0,0,31,0,0
1867,kb/disorders/Glycogen_Storage_Disease_Type_0a.yaml,Glycogen Storage Disease Type 0a,73,103,0,0,0,0,0,0,0,0,0,0,21,0,0,0,82,0,0
1868,kb/disorders/HNRNPU-Related_Developmental_and_Epileptic_Encephalopathy.yaml,HNRNPU-Related Developmental and Epileptic Encephalopathy,77,106,0,0,0,0,0,0,0,0,0,0,21,0,0,0,85,0,0
1869,kb/disorders/IRIDA_Syndrome.yaml,IRIDA Syndrome,56,93,0,0,0,0,0,0,0,0,0,0,21,0,0,0,72,0,0
1870,kb/disorders/Juvenile_Myelomonocytic_Leukemia.yaml,Juvenile Myelomonocytic Leukemia,53,60,0,0,0,0,0,0,0,0,0,0,21,0,0,0,39,0,0
1871,kb/disorders/LPIN1-Related_Recurrent_Myoglobinuria.yaml,LPIN1-Related Recurrent Myoglobinuria,77,104,0,0,0,0,0,0,0,0,0,0,21,0,0,0,83,0,0
1872,kb/disorders/Lissencephaly_Spectrum_Disorders.yaml,Lissencephaly Spectrum Disorders,82,116,0,0,0,0,0,0,0,0,0,0,21,0,0,0,95,0,0
1873,kb/disorders/Microphthalmia_with_Coloboma.yaml,Microphthalmia with Coloboma,73,109,0,0,0,0,0,0,0,0,0,0,21,0,0,0,88,0,0
1874,kb/disorders/Mitochondrial_Complex_I_Deficiency_Nuclear_Type_3.yaml,Mitochondrial Complex I Deficiency Nuclear Type 3,64,99,0,0,0,0,0,0,0,0,0,0,21,0,0,0,78,0,0
1875,kb/disorders/Mulibrey_Nanism.yaml,Mulibrey Nanism,71,99,0,0,0,0,0,0,0,0,0,0,21,0,0,0,78,0,0
1876,kb/disorders/Myopathic_Ehlers-Danlos_Syndrome.yaml,Myopathic Ehlers-Danlos Syndrome,52,54,0,0,0,0,0,0,0,0,0,0,21,0,0,0,33,0,0
1877,kb/disorders/NR5A1_Related_Sex_Development_Disorder.yaml,NR5A1-related sex development disorder,63,90,0,0,0,0,0,0,0,0,0,0,21,0,0,0,69,0,0
1878,kb/disorders/Netherton_Syndrome.yaml,Netherton syndrome,66,99,0,0,0,0,0,0,0,0,0,0,21,0,0,0,78,0,0
1879,kb/disorders/Neurofibroma.yaml,Neurofibroma,40,40,0,0,0,0,0,0,0,0,0,0,21,0,0,0,19,0,0
1880,kb/disorders/Nipah_Virus_Disease.yaml,Nipah Virus Disease,64,98,0,0,0,0,0,0,0,0,0,0,21,0,0,0,77,0,0
1881,kb/disorders/Ogden_syndrome.yaml,Ogden syndrome,60,66,0,0,0,0,0,0,0,0,0,0,21,0,0,0,45,0,0
1882,kb/disorders/Osteogenesis_Imperfecta_Type_I.yaml,Osteogenesis Imperfecta Type I,46,56,0,0,0,0,0,0,0,0,0,0,21,0,0,0,35,0,0
1883,kb/disorders/Pelger-Huet-like_Anomaly_And_Episodic_Fever_With_Abdominal_Pain.yaml,Pelger-Huet-like Anomaly and Episodic Fever with Abdominal Pain,68,90,0,0,0,0,0,0,0,0,0,0,21,0,0,0,69,0,0
1884,kb/disorders/Peutz_Jeghers_Syndrome.yaml,Peutz-Jeghers syndrome,70,95,0,0,0,0,0,0,0,0,0,0,21,0,0,0,74,0,0
1885,kb/disorders/Platelet-type_Bleeding_Disorder_22.yaml,Platelet-type Bleeding Disorder 22,50,57,0,0,0,0,0,0,0,0,0,0,21,0,0,0,36,0,0
1886,kb/disorders/Preeclampsia.yaml,Preeclampsia,93,138,0,0,0,0,0,0,0,0,0,0,21,0,0,0,117,0,0
1887,kb/disorders/Primary_Cutaneous_Amyloidosis.yaml,Primary Cutaneous Amyloidosis,85,124,0,0,0,0,0,0,0,0,0,0,21,0,0,0,103,0,0
1888,kb/disorders/Restrictive_Cardiomyopathy.yaml,Restrictive Cardiomyopathy,57,83,0,0,0,0,0,0,0,0,0,0,21,0,0,0,62,0,0
1889,kb/disorders/Rosai-Dorfman_Disease.yaml,Rosai-Dorfman Disease,52,54,0,0,0,0,0,0,0,0,0,0,21,0,0,0,33,0,0
1890,kb/disorders/SLC1A2-Related_Developmental_and_Epileptic_Encephalopathy.yaml,SLC1A2-Related Developmental and Epileptic Encephalopathy,66,98,0,0,0,0,0,0,0,0,0,0,21,0,0,0,77,0,0
1891,kb/disorders/SYNGAP1-Related_Developmental_and_Epileptic_Encephalopathy.yaml,SYNGAP1-Related Developmental and Epileptic Encephalopathy,49,52,0,0,0,0,0,0,0,0,0,0,21,0,0,0,31,0,0
1892,kb/disorders/Salivary_Gland_Polymorphous_Adenocarcinoma.yaml,Salivary Gland Polymorphous Adenocarcinoma,67,94,0,0,0,0,0,0,0,0,0,0,21,0,0,0,73,0,0
1893,kb/disorders/Schwannomatosis.yaml,Schwannomatosis,41,49,0,0,0,0,0,0,0,0,0,0,21,0,0,0,28,0,0
1894,kb/disorders/Sheehan_Syndrome.yaml,Sheehan Syndrome,87,116,0,0,0,0,0,0,0,0,0,0,21,0,0,0,95,0,0
1895,kb/disorders/Shwachman-Diamond_Syndrome.yaml,Shwachman-Diamond syndrome,117,136,0,0,0,0,0,0,0,0,0,0,21,0,0,0,115,0,0
1896,kb/disorders/Small_Intestine_Cancer.yaml,Small Intestine Cancer,41,44,0,0,0,0,0,0,0,0,0,0,21,0,0,0,23,0,0
1897,kb/disorders/Systemic_Mastocytosis.yaml,Systemic Mastocytosis,55,71,0,0,0,0,0,0,0,0,0,0,21,0,0,0,50,0,0
1898,kb/disorders/Systemic_Sclerosis.yaml,Systemic Sclerosis,44,47,0,0,0,0,0,0,0,0,0,0,21,0,0,0,26,0,0
1899,kb/disorders/Thiamine-Responsive_Megaloblastic_Anemia_Syndrome.yaml,Thiamine-Responsive Megaloblastic Anemia Syndrome,62,70,0,0,0,0,0,0,0,0,0,0,21,0,0,0,49,0,0
1900,kb/disorders/UNC13A_Congenital_NDD_with_Epilepsy.yaml,UNC13A-Related Congenital NDD with Epilepsy,67,84,0,0,0,0,0,0,0,0,0,0,21,0,0,0,63,0,0
1901,kb/disorders/Vein_of_Galen_Aneurysm.yaml,Vein of Galen malformation,74,104,0,0,0,0,0,0,0,0,0,0,21,0,0,0,83,0,0
1902,kb/disorders/Yunis-Varon_Syndrome.yaml,Yunis-Varon Syndrome,102,146,0,0,0,0,0,0,0,0,0,0,21,0,0,0,125,0,0
1903,kb/disorders/ACTA1-Related_Nemaline_Myopathy.yaml,ACTA1-Related Nemaline Myopathy,83,125,0,0,0,0,0,0,0,0,0,0,20,0,0,3,102,0,0
1904,kb/disorders/Developmental_And_Epileptic_Encephalopathy_89.yaml,Developmental and Epileptic Encephalopathy 89,140,183,0,0,0,0,0,0,0,0,0,0,20,0,0,0,163,0,0
1905,kb/disorders/Eisenmenger_Syndrome.yaml,Eisenmenger Syndrome,89,125,0,0,0,0,0,0,0,0,0,0,20,0,0,0,105,0,0
1906,kb/disorders/Epidemic_Typhus.yaml,Epidemic typhus,51,59,0,0,0,0,0,0,0,0,0,0,20,0,0,0,39,0,0
1907,kb/disorders/Ethylene_Glycol_Poisoning.yaml,Ethylene Glycol Poisoning,46,54,0,0,0,0,0,0,0,0,0,0,20,0,0,0,34,0,0
1908,kb/disorders/Fragile_X-Associated_Tremor_Ataxia_Syndrome.yaml,Fragile X-Associated Tremor Ataxia Syndrome,53,65,0,0,0,0,0,0,0,0,0,0,20,0,0,0,45,0,0
1909,kb/disorders/GRIN2A-Related_Epileptic_Encephalopathy_and_Intellectual_Disability.yaml,GRIN2A-Related Epileptic Encephalopathy and Intellectual Disability,91,159,0,0,0,0,0,0,0,0,0,0,20,0,0,0,139,0,0
1910,kb/disorders/HER2_Positive_Gastric_Cancer.yaml,HER2-Positive Gastric Cancer,29,29,0,0,0,0,0,0,0,0,0,0,20,0,0,0,9,0,0
1911,kb/disorders/Harderoporphyria.yaml,Harderoporphyria,48,66,0,0,0,0,0,0,0,0,0,0,20,0,0,0,46,0,0
1912,kb/disorders/Hereditary_Pulmonary_Alveolar_Proteinosis.yaml,Hereditary Pulmonary Alveolar Proteinosis,66,86,0,0,0,0,0,0,0,0,0,0,20,0,0,0,66,0,0
1913,kb/disorders/Holoprosencephaly_9.yaml,Holoprosencephaly 9,99,142,0,0,0,0,0,0,0,0,0,0,20,0,0,0,122,0,0
1914,kb/disorders/Hypertrophic_Cardiomyopathy_4.yaml,Hypertrophic Cardiomyopathy 4,86,135,0,0,0,0,0,0,0,0,0,0,20,0,0,0,115,0,0
1915,kb/disorders/Hypomyelinating_Leukodystrophy_15.yaml,Hypomyelinating Leukodystrophy 15,61,74,0,0,0,0,0,0,0,0,0,0,20,0,0,0,54,0,0
1916,kb/disorders/IMAGe_Syndrome.yaml,IMAGe Syndrome,42,46,0,0,0,0,0,0,0,0,0,0,20,0,0,0,26,0,0
1917,kb/disorders/Immunodeficiency_15A.yaml,Immunodeficiency 15A,56,81,0,0,0,0,0,0,0,0,0,0,20,0,0,0,61,0,0
1918,kb/disorders/Immunodeficiency_93_and_Hypertrophic_Cardiomyopathy.yaml,Immunodeficiency 93 and Hypertrophic Cardiomyopathy,65,99,0,0,0,0,0,0,0,0,0,0,20,0,0,0,79,0,0
1919,kb/disorders/Infantile_Cerebellar-Retinal_Degeneration.yaml,Infantile Cerebellar-Retinal Degeneration,46,59,0,0,0,0,0,0,0,0,0,0,20,0,0,0,39,0,0
1920,kb/disorders/KATNB1-related_Cortical_Malformation.yaml,KATNB1-related Cortical Malformation,37,45,0,0,0,0,0,0,0,0,0,0,20,0,0,0,25,0,0
1921,kb/disorders/Lathosterolosis.yaml,Lathosterolosis,60,68,0,0,0,0,0,0,0,0,0,0,20,0,0,0,48,0,0
1922,kb/disorders/Leber_Congenital_Amaurosis_13.yaml,Leber Congenital Amaurosis 13,55,77,0,0,0,0,0,0,0,0,0,0,20,0,0,0,57,0,0
1923,kb/disorders/Leigh_Syndrome.yaml,Leigh Syndrome,54,66,0,0,0,0,0,0,0,0,0,0,20,0,0,0,46,0,0
1924,kb/disorders/Leri-Weill_Dyschondrosteosis.yaml,Leri-Weill Dyschondrosteosis,59,102,0,0,0,0,0,0,0,0,0,0,20,0,0,0,82,0,0
1925,kb/disorders/Methanol_Poisoning.yaml,Methanol Poisoning,63,63,0,0,0,0,0,0,0,0,0,0,20,0,0,0,43,0,0
1926,kb/disorders/Microcephaly-Capillary_Malformation_Syndrome.yaml,Microcephaly-Capillary Malformation Syndrome,102,163,0,0,0,0,0,0,0,0,0,0,20,0,0,0,143,0,0
1927,kb/disorders/Mucolipidosis_Type_II.yaml,Mucolipidosis Type II,49,51,0,0,0,0,0,0,0,0,0,0,20,0,0,0,31,0,0
1928,kb/disorders/Multiple_Mitochondrial_Dysfunctions_Syndrome_5.yaml,Multiple Mitochondrial Dysfunctions Syndrome 5,73,84,0,0,0,0,0,0,0,0,0,0,20,0,0,0,64,0,0
1929,kb/disorders/Myoclonus_Dystonia_Syndrome.yaml,Myoclonus-Dystonia Syndrome,54,70,0,0,0,0,0,0,0,0,0,0,20,0,0,0,50,0,0
1930,kb/disorders/Myopathy_Lactic_Acidosis_and_Sideroblastic_Anemia.yaml,"Myopathy, Lactic Acidosis, and Sideroblastic Anemia",94,122,0,0,0,0,0,0,0,0,0,0,20,0,0,0,102,0,0
1931,kb/disorders/Nasu-Hakola_Disease.yaml,Nasu-Hakola Disease,71,80,0,0,0,0,0,0,0,0,0,0,20,0,0,0,60,0,0
1932,kb/disorders/Neurodevelopmental_Disorder_with_or_without_Anomalies_of_the_Brain_Eye_or_Heart.yaml,"Neurodevelopmental Disorder with or without Anomalies of the Brain, Eye, or Heart",88,131,0,0,0,0,0,0,0,0,0,0,20,0,0,0,111,0,0
1933,kb/disorders/Non-Small_Cell_Lung_Cancer.yaml,Non-Small Cell Lung Cancer,65,163,0,0,0,0,0,0,0,0,0,0,20,0,0,0,143,0,0
1934,kb/disorders/Otofacial_Neurodevelopmental_Syndrome.yaml,Otofacial Neurodevelopmental Syndrome,69,85,0,0,0,0,0,0,0,0,0,0,20,0,0,0,65,0,0
1935,kb/disorders/Periventricular_Nodular_Heterotopia.yaml,Periventricular Nodular Heterotopia,52,69,0,0,0,0,0,0,0,0,0,0,20,0,0,0,49,0,0
1936,kb/disorders/Pneumococcal_Meningitis.yaml,Pneumococcal Meningitis,46,50,0,0,0,0,0,0,0,0,0,0,20,0,0,0,30,0,0
1937,kb/disorders/Pulmonary_Alveolar_Microlithiasis.yaml,Pulmonary Alveolar Microlithiasis,53,57,0,0,0,0,0,0,0,0,0,0,20,0,0,0,37,0,0
1938,kb/disorders/RET_Fusion_Thyroid_Cancer.yaml,RET Fusion-Positive Thyroid Cancer,22,22,0,0,0,0,0,0,0,0,0,0,20,0,0,0,2,0,0
1939,kb/disorders/RET_Rearranged_NSCLC.yaml,RET-Rearranged Non-Small Cell Lung Cancer,27,31,0,0,0,0,0,0,0,0,0,0,20,0,0,0,11,0,0
1940,kb/disorders/RFT1-congenital_disorder_of_glycosylation.yaml,RFT1-congenital disorder of glycosylation,60,89,0,0,0,0,0,0,0,0,0,0,20,0,0,0,69,0,0
1941,kb/disorders/Rh_Deficiency_Syndrome.yaml,Rh Deficiency Syndrome,40,46,0,0,0,0,0,0,0,0,0,0,20,0,0,0,26,0,0
1942,kb/disorders/SZT2-Related_Developmental_and_Epileptic_Encephalopathy.yaml,SZT2-Related Developmental and Epileptic Encephalopathy,62,80,0,0,0,0,0,0,0,0,0,0,20,0,0,0,60,0,0
1943,kb/disorders/Spondyloepimetaphyseal_Dysplasia_Short_Limb_Abnormal_Calcification_Syndrome.yaml,Spondyloepimetaphyseal Dysplasia Short Limb Abnormal Calcification Syndrome,57,78,0,0,0,0,0,0,0,0,0,0,20,0,0,0,58,0,0
1944,kb/disorders/TUBB_TUBB5-related_Microcephaly.yaml,TUBB/TUBB5-related Microcephaly,45,60,0,0,0,0,0,0,0,0,0,0,20,0,0,0,40,0,0
1945,kb/disorders/Temple-Baraitser_Syndrome.yaml,Temple-Baraitser Syndrome,53,81,0,0,0,0,0,0,0,0,0,0,20,0,0,0,61,0,0
1946,kb/disorders/Uveitis.yaml,Uveitis,70,77,0,0,0,0,0,0,0,0,0,0,20,0,0,0,57,0,0
1947,kb/disorders/X-linked_Hypohidrotic_Ectodermal_Dysplasia.yaml,X-linked Hypohidrotic Ectodermal Dysplasia,61,80,0,0,0,0,0,0,0,0,0,0,20,0,0,0,60,0,0
1948,kb/disorders/AICA-ribosiduria.yaml,AICA-ribosiduria,84,119,0,0,0,0,0,0,0,0,0,0,19,0,0,4,96,0,0
1949,kb/disorders/Autosomal_Recessive_Nonsyndromic_Hearing_Loss_93.yaml,Autosomal Recessive Nonsyndromic Hearing Loss 93,73,96,0,0,0,0,0,0,0,0,0,0,19,0,0,0,77,0,0
1950,kb/disorders/Complex_Regional_Pain_Syndrome_Type_1.yaml,Complex Regional Pain Syndrome Type 1,62,82,0,0,0,0,0,0,0,0,0,0,19,0,0,0,63,0,0
1951,kb/disorders/Frontotemporal_Dementia_And_Or_Amyotrophic_Lateral_Sclerosis_2.yaml,Frontotemporal Dementia And/Or Amyotrophic Lateral Sclerosis 2,104,131,0,0,0,0,0,0,0,0,0,0,19,0,0,0,112,0,0
1952,kb/disorders/Fuchs_Endothelial_Corneal_Dystrophy.yaml,Fuchs Endothelial Corneal Dystrophy,56,78,0,0,0,0,0,0,0,0,0,0,19,0,0,0,59,0,0
1953,kb/disorders/GUCA1A-Related_Retinopathy.yaml,GUCA1A-Related Retinopathy,60,79,0,0,0,0,0,0,0,0,0,0,19,0,0,0,60,0,0
1954,kb/disorders/Gray_Platelet_Syndrome.yaml,Gray Platelet Syndrome,71,97,0,0,0,0,0,0,0,0,0,0,19,0,0,0,78,0,0
1955,kb/disorders/H3_K27_Altered_Diffuse_Midline_Glioma.yaml,"Diffuse Midline Glioma, H3 K27-Altered",41,49,0,0,0,0,0,0,0,0,0,0,19,0,0,0,30,0,0
1956,kb/disorders/Hearing_Loss_Autosomal_Recessive_108.yaml,Hearing Loss Autosomal Recessive 108,42,47,0,0,0,0,0,0,0,0,0,0,19,0,0,0,28,0,0
1957,kb/disorders/Hemicrania_Continua.yaml,Hemicrania Continua,46,53,0,0,0,0,0,0,0,0,0,0,19,0,0,0,34,0,0
1958,kb/disorders/IDH_Mutant_Oligodendroglioma.yaml,IDH-Mutant and 1p/19q-Codeleted Oligodendroglioma,32,38,0,0,0,0,0,0,0,0,0,0,19,0,0,0,19,0,0
1959,kb/disorders/Infantile_Liver_Failure_Syndrome_1.yaml,Infantile Liver Failure Syndrome 1,55,79,0,0,0,0,0,0,0,0,0,0,19,0,0,0,60,0,0
1960,kb/disorders/Intellectual_Disability_X-linked_100.yaml,Intellectual Disability X-linked 100,55,88,0,0,0,0,0,0,0,0,0,0,19,0,0,0,69,0,0
1961,kb/disorders/Juvenile_Absence_Epilepsy.yaml,Juvenile Absence Epilepsy,56,76,0,0,0,0,0,0,0,0,0,0,19,0,0,0,57,0,0
1962,kb/disorders/Kilquist_Syndrome.yaml,Kilquist syndrome,52,61,0,0,0,0,0,0,0,0,0,0,19,0,0,0,42,0,0
1963,kb/disorders/Leukoencephalopathy_With_Vanishing_White_Matter.yaml,Leukoencephalopathy With Vanishing White Matter,60,84,0,0,0,0,0,0,0,0,0,0,19,0,0,0,65,0,0
1964,kb/disorders/Lipoid_Proteinosis.yaml,Lipoid Proteinosis,52,59,0,0,0,0,0,0,0,0,0,0,19,0,0,0,40,0,0
1965,kb/disorders/Loeys-Dietz_Syndrome_6.yaml,Loeys-Dietz Syndrome 6,65,105,0,0,0,0,0,0,0,0,0,0,19,0,0,0,86,0,0
1966,kb/disorders/Lymphangioleiomyomatosis.yaml,Lymphangioleiomyomatosis,47,51,0,0,0,0,0,0,0,0,0,0,19,0,0,0,32,0,0
1967,kb/disorders/Marfanoid_Progeroid_Lipodystrophy_Syndrome.yaml,Marfanoid-Progeroid-Lipodystrophy Syndrome,101,159,0,0,0,0,0,0,0,0,0,0,19,0,0,0,140,0,0
1968,kb/disorders/Natural_Killer_Cell_and_Glucocorticoid_Deficiency_with_DNA_Repair_Defect.yaml,Natural Killer Cell and Glucocorticoid Deficiency with DNA Repair Defect,48,53,0,0,0,0,0,0,0,0,0,0,19,0,0,0,34,0,0
1969,kb/disorders/Odonto-Onycho-Dermal_Dysplasia.yaml,Odonto-Onycho-Dermal Dysplasia,55,65,0,0,0,0,0,0,0,0,0,0,19,0,0,0,46,0,0
1970,kb/disorders/Organophosphate_Poisoning.yaml,Organophosphate Poisoning,70,74,0,0,0,0,0,0,0,0,0,0,19,0,0,0,55,0,0
1971,kb/disorders/PCWH_syndrome.yaml,PCWH syndrome,33,34,0,0,0,0,0,0,0,0,0,0,19,0,0,0,15,0,0
1972,kb/disorders/Parkinson_Disease_Mitochondrial.yaml,"Parkinson Disease, Mitochondrial",35,39,0,0,0,0,0,0,0,0,0,0,19,0,0,0,20,0,0
1973,kb/disorders/Periventricular_Nodular_Heterotopia_9.yaml,Periventricular Nodular Heterotopia 9,45,55,0,0,0,0,0,0,0,0,0,0,19,0,0,0,36,0,0
1974,kb/disorders/Peroxisome_Biogenesis_Disorder_11B.yaml,Peroxisome Biogenesis Disorder 11B,50,64,0,0,0,0,0,0,0,0,0,0,19,0,0,0,45,0,0
1975,kb/disorders/Peroxisome_Biogenesis_Disorder_8B.yaml,Peroxisome Biogenesis Disorder 8B,56,87,0,0,0,0,0,0,0,0,0,0,19,0,0,0,68,0,0
1976,kb/disorders/Platelet-type_Bleeding_Disorder_20.yaml,Platelet-type Bleeding Disorder 20,48,60,0,0,0,0,0,0,0,0,0,0,19,0,0,0,41,0,0
1977,kb/disorders/RARB-related_syndromic_microphthalmia.yaml,RARB-related syndromic microphthalmia,67,98,0,0,0,0,0,0,0,0,0,0,19,0,0,0,79,0,0
1978,kb/disorders/Renal_Coloboma_Syndrome.yaml,Renal Coloboma Syndrome,88,126,0,0,0,0,0,0,0,0,0,0,19,0,0,0,107,0,0
1979,kb/disorders/Ring_Chromosome_14.yaml,Ring Chromosome 14 Syndrome,72,90,0,0,0,0,0,0,0,0,0,0,19,0,0,0,71,0,0
1980,kb/disorders/Roifman-syndrome.yaml,Roifman-syndrome,47,66,0,0,0,0,0,0,0,0,0,0,19,0,0,0,47,0,0
1981,kb/disorders/SAPHO_Syndrome.yaml,SAPHO Syndrome,78,113,0,0,0,0,0,0,0,0,0,0,19,0,0,0,94,0,0
1982,kb/disorders/SCN8A-Related_Developmental_and_Epileptic_Encephalopathy.yaml,SCN8A-Related Developmental and Epileptic Encephalopathy,40,47,0,0,0,0,0,0,0,0,0,0,19,0,0,0,28,0,0
1983,kb/disorders/SETD1A-Related_Early-Onset_Epilepsy.yaml,SETD1A-Related Early-Onset Epilepsy,59,85,0,0,0,0,0,0,0,0,0,0,19,0,0,0,66,0,0
1984,kb/disorders/SLC25A12-Related_Developmental_and_Epileptic_Encephalopathy.yaml,SLC25A12-Related Developmental and Epileptic Encephalopathy,60,87,0,0,0,0,0,0,0,0,0,0,19,0,0,0,68,0,0
1985,kb/disorders/Sarcoma_Of_Cervix_Uteri.yaml,Sarcoma Of Cervix Uteri,36,39,0,0,0,0,0,0,0,0,0,0,19,0,0,0,20,0,0
1986,kb/disorders/Scorpion_Envenomation.yaml,Scorpion Envenomation,113,142,0,0,0,0,0,0,0,0,0,0,19,0,0,0,123,0,0
1987,kb/disorders/Siddiqi_Syndrome.yaml,Siddiqi Syndrome,43,52,0,0,0,0,0,0,0,0,0,0,19,0,0,0,33,0,0
1988,kb/disorders/Spondylocarpotarsal_Synostosis_Syndrome.yaml,Spondylocarpotarsal Synostosis Syndrome,48,72,0,0,0,0,0,0,0,0,0,0,19,0,0,0,53,0,0
1989,kb/disorders/Spondyloepimetaphyseal_Dysplasia_Missouri_Type.yaml,Spondyloepimetaphyseal Dysplasia Missouri Type,51,59,0,0,0,0,0,0,0,0,0,0,19,0,0,0,40,0,0
1990,kb/disorders/Townes-Brocks_Syndrome_1.yaml,Townes-Brocks Syndrome 1,104,162,0,0,0,0,0,0,0,0,0,0,19,0,0,0,143,0,0
1991,kb/disorders/Usher_Syndrome_Type_4.yaml,Usher Syndrome Type 4,49,61,0,0,0,0,0,0,0,0,0,0,19,0,0,0,42,0,0
1992,kb/disorders/BRCA_Mutant_Prostate_Cancer.yaml,BRCA-Mutant Prostate Cancer,32,36,0,0,0,0,0,0,0,0,0,0,18,0,0,0,18,0,0
1993,kb/disorders/Constitutional_Megaloblastic_Anemia_With_Severe_Neurologic_Disease.yaml,Constitutional Megaloblastic Anemia With Severe Neurologic Disease,32,40,0,0,0,0,0,0,0,0,0,0,18,0,0,0,22,0,0
1994,kb/disorders/DPM2-congenital_disorder_of_glycosylation.yaml,DPM2-congenital disorder of glycosylation,86,111,0,0,0,0,0,0,0,0,0,0,18,0,0,0,93,0,0
1995,kb/disorders/Ehlers-Danlos_Syndrome_COL5A1-related.yaml,"Ehlers-Danlos Syndrome, COL5A1-related",43,71,0,0,0,0,0,0,0,0,0,0,18,0,0,0,53,0,0
1996,kb/disorders/Esophageal_Carcinoma.yaml,Esophageal Carcinoma,46,54,0,0,0,0,0,0,0,0,0,0,18,0,0,0,36,0,0
1997,kb/disorders/Focal_Cortical_Dysplasia_Type_II.yaml,Focal Cortical Dysplasia Type II,53,72,0,0,0,0,0,0,0,0,0,0,18,0,0,0,54,0,0
1998,kb/disorders/Follicular_Lymphoma.yaml,Follicular Lymphoma,56,58,0,0,0,0,0,0,0,0,0,0,18,0,0,0,40,0,0
1999,kb/disorders/Frontotemporal_Dementia.yaml,Frontotemporal Dementia,36,45,0,0,0,0,0,0,0,0,0,0,18,0,0,0,27,0,0
2000,kb/disorders/G6PC3_Deficiency.yaml,G6PC3 Deficiency,75,90,0,0,0,0,0,0,0,0,0,0,18,0,0,0,72,0,0
2001,kb/disorders/Gastroesophageal_Reflux_Disease.yaml,Gastroesophageal Reflux Disease,36,42,0,0,0,0,0,0,0,0,0,0,18,0,0,0,24,0,0
2002,kb/disorders/Granular_Cell_Tumor.yaml,Granular Cell Tumor,32,40,0,0,0,0,0,0,0,0,0,0,18,0,0,0,22,0,0
2003,kb/disorders/Graves_Disease.yaml,Graves' Disease,75,144,0,0,0,0,0,0,0,0,0,0,18,0,0,0,126,0,0
2004,kb/disorders/Hereditary_Sensory_and_Autonomic_Neuropathy_Type_2.yaml,Hereditary Sensory and Autonomic Neuropathy Type 2,45,53,0,0,0,0,0,0,0,0,0,0,18,0,0,0,35,0,0
2005,kb/disorders/Hypobetalipoproteinemia.yaml,Hypobetalipoproteinemia,98,109,0,0,0,0,0,0,0,0,0,0,18,0,0,0,91,0,0
2006,kb/disorders/Hypomyelinating_Leukodystrophy_23.yaml,Hypomyelinating Leukodystrophy 23,56,61,0,0,0,0,0,0,0,0,0,0,18,0,0,0,43,0,0
2007,kb/disorders/Immunodeficiency_14B_Autosomal_Recessive.yaml,"Immunodeficiency 14B, Autosomal Recessive",49,58,0,0,0,0,0,0,0,0,0,0,18,0,0,0,40,0,0
2008,kb/disorders/Immunodeficiency_65_IRF9_Deficiency.yaml,Immunodeficiency 65 (IRF9 Deficiency),39,43,0,0,0,0,0,0,0,0,0,0,18,0,0,0,25,0,0
2009,kb/disorders/Infantile_Cataract_Skin_Abnormalities_Glutamate_Excess_and_Impaired_Intellectual_Development.yaml,"Infantile Cataract, Skin Abnormalities, Glutamate Excess, and Impaired Intellectual Development",47,61,0,0,0,0,0,0,0,0,0,0,18,0,0,0,43,0,0
2010,kb/disorders/Influenza.yaml,Influenza,40,46,0,0,0,0,0,0,0,0,0,0,18,0,0,0,28,0,0
2011,kb/disorders/KCNQ2_Developmental_and_Epileptic_Encephalopathy.yaml,KCNQ2 Developmental and Epileptic Encephalopathy,37,40,0,0,0,0,0,0,0,0,0,0,18,0,0,0,22,0,0
2012,kb/disorders/Kleefstra_Syndrome.yaml,Kleefstra Syndrome,43,58,0,0,0,0,0,0,0,0,0,0,18,0,0,0,40,0,0
2013,kb/disorders/Leukoencephalopathy_Progressive_Infantile-onset_With_Or_Without_Deafness.yaml,Leukoencephalopathy Progressive Infantile-onset With Or Without Deafness,44,46,0,0,0,0,0,0,0,0,0,0,18,0,0,0,28,0,0
2014,kb/disorders/MSI_High_Endometrial_Cancer.yaml,MSI-High Endometrial Cancer,27,27,0,0,0,0,0,0,0,0,0,0,18,0,0,0,9,0,0
2015,kb/disorders/Marshall_Syndrome.yaml,Marshall Syndrome,63,84,0,0,0,0,0,0,0,0,0,0,18,0,0,0,66,0,0
2016,kb/disorders/Melioidosis.yaml,Melioidosis,64,78,0,0,0,0,0,0,0,0,0,0,18,0,0,0,60,0,0
2017,kb/disorders/Merkel_Cell_Carcinoma.yaml,Merkel Cell Carcinoma,30,31,0,0,0,0,0,0,0,0,0,0,18,0,0,0,13,0,0
2018,kb/disorders/Osteogenesis_Imperfecta_Type_III.yaml,Osteogenesis Imperfecta Type III,49,63,0,0,0,0,0,0,0,0,0,0,18,0,0,0,45,0,0
2019,kb/disorders/PUS3-Related_Neurodevelopmental_Disorder.yaml,PUS3-Related Neurodevelopmental Disorder,71,108,0,0,0,0,0,0,0,0,0,0,18,0,0,0,90,0,0
2020,kb/disorders/Peutz_Jeghers_polyp.yaml,Peutz-Jeghers polyp,52,65,0,0,0,0,0,0,0,0,0,0,18,0,0,0,47,0,0
2021,kb/disorders/Pigment_Dispersion_Syndrome.yaml,Pigment Dispersion Syndrome,45,51,0,0,0,0,0,0,0,0,0,0,18,0,0,0,33,0,0
2022,kb/disorders/Polycythemia_Vera.yaml,Polycythemia Vera,47,67,0,0,0,0,0,0,0,0,0,0,18,0,0,0,49,0,0
2023,kb/disorders/Primary_Ciliary_Dyskinesia_30.yaml,Primary Ciliary Dyskinesia 30,62,89,0,0,0,0,0,0,0,0,0,0,18,0,0,0,71,0,0
2024,kb/disorders/Reynolds_Syndrome.yaml,Reynolds Syndrome,45,55,0,0,0,0,0,0,0,0,0,0,18,0,0,0,37,0,0
2025,kb/disorders/Seckel_Syndrome.yaml,Seckel syndrome,55,75,0,0,0,0,0,0,0,0,0,0,18,0,0,0,57,0,0
2026,kb/disorders/Short_QT_Syndrome.yaml,Short QT Syndrome,46,59,0,0,0,0,0,0,0,0,0,0,18,0,0,0,41,0,0
2027,kb/disorders/Spondyloepiphyseal_Dysplasia_Kondo-Fu_Type.yaml,"Spondyloepiphyseal Dysplasia, Kondo-Fu Type",68,81,0,0,0,0,0,0,0,0,0,0,18,0,0,0,63,0,0
2028,kb/disorders/Superior_Mesenteric_Artery_Syndrome.yaml,Superior Mesenteric Artery Syndrome,72,87,0,0,0,0,0,0,0,0,0,0,18,0,0,0,69,0,0
2029,kb/disorders/TNF_Receptor-Associated_Periodic_Syndrome.yaml,TNF Receptor-Associated Periodic Syndrome,56,63,0,0,0,0,0,0,0,0,0,0,18,0,0,0,45,0,0
2030,kb/disorders/Terminal_Osseous_Dysplasia.yaml,Terminal Osseous Dysplasia,41,49,0,0,0,0,0,0,0,0,0,0,18,0,0,0,31,0,0
2031,kb/disorders/adrenoleukodystrophy.yaml,adrenoleukodystrophy,92,113,0,0,0,0,0,0,0,0,0,0,18,0,0,0,95,0,0
2032,kb/disorders/Autosomal_Recessive_Nonsyndromic_Hearing_Loss_70.yaml,Autosomal Recessive Nonsyndromic Hearing Loss 70,38,53,0,0,0,0,0,0,0,0,0,0,17,0,0,0,36,0,0
2033,kb/disorders/Costello_Syndrome.yaml,Costello Syndrome,70,78,0,0,0,0,0,0,0,0,0,0,17,0,0,0,61,0,0
2034,kb/disorders/DSP_Cardiomyopathy.yaml,DSP Cardiomyopathy,27,32,0,0,0,0,0,0,0,0,0,0,17,0,0,0,15,0,0
2035,kb/disorders/Disorder_of_Catecholamine_Synthesis.yaml,Disorder of Catecholamine Synthesis,75,95,0,0,0,0,0,0,0,0,0,0,17,0,0,0,78,0,0
2036,kb/disorders/Distal_Myopathy_7_Adult-Onset_X-Linked.yaml,"Distal Myopathy 7, Adult-Onset, X-Linked",49,60,0,0,0,0,0,0,0,0,0,0,17,0,0,0,43,0,0
2037,kb/disorders/EGFR_Mutant_NSCLC.yaml,EGFR-Mutant Non-Small Cell Lung Cancer,36,51,0,0,0,0,0,0,0,0,0,0,17,0,0,0,34,0,0
2038,kb/disorders/Ellis-van_Creveld_Syndrome.yaml,Ellis-van Creveld Syndrome,46,59,0,0,0,0,0,0,0,0,0,0,17,0,0,0,42,0,0
2039,kb/disorders/Epilepsy_with_Myoclonic_Absences.yaml,Epilepsy with Myoclonic Absences,53,78,0,0,0,0,0,0,0,0,0,0,17,0,0,0,61,0,0
2040,kb/disorders/Familial_Sleep_Related_Hypermotor_Epilepsy.yaml,Familial Sleep-Related Hypermotor Epilepsy,56,68,0,0,0,0,0,0,0,0,0,0,17,0,0,0,51,0,0
2041,kb/disorders/Familial_Visceral_Neuropathy_2.yaml,Familial Visceral Neuropathy 2,38,46,0,0,0,0,0,0,0,0,0,0,17,0,0,0,29,0,0
2042,kb/disorders/Glaucoma.yaml,Glaucoma,37,50,0,0,0,0,0,0,0,0,0,0,17,0,0,0,33,0,0
2043,kb/disorders/Good_Syndrome.yaml,Good Syndrome,44,55,0,0,0,0,0,0,0,0,0,0,17,0,0,0,38,0,0
2044,kb/disorders/Hearing_Loss_Autosomal_Dominant_34_With_Or_Without_Inflammation.yaml,Hearing Loss Autosomal Dominant 34 With or Without Inflammation,49,56,0,0,0,0,0,0,0,0,0,0,17,0,0,0,39,0,0
2045,kb/disorders/Hemiconvulsion-Hemiplegia-Epilepsy_Syndrome.yaml,Hemiconvulsion-Hemiplegia-Epilepsy Syndrome,48,60,0,0,0,0,0,0,0,0,0,0,17,0,0,0,43,0,0
2046,kb/disorders/Hemimegalencephaly.yaml,Hemimegalencephaly,52,66,0,0,0,0,0,0,0,0,0,0,17,0,0,0,49,0,0
2047,kb/disorders/Hereditary_Spastic_Paraplegia_49.yaml,Hereditary Spastic Paraplegia 49,67,102,0,0,0,0,0,0,0,0,0,0,17,0,0,0,85,0,0
2048,kb/disorders/Idiopathic_Pulmonary_Fibrosis.yaml,Idiopathic Pulmonary Fibrosis,162,235,0,0,0,0,0,0,0,0,0,0,17,0,0,0,218,0,0
2049,kb/disorders/Immunodeficiency_86.yaml,Immunodeficiency 86,39,47,0,0,0,0,0,0,0,0,0,0,17,0,0,0,30,0,0
2050,kb/disorders/Inclusion_Body_Myositis.yaml,Inclusion Body Myositis,95,154,0,0,0,0,0,0,0,0,0,0,17,0,0,0,137,0,0
2051,kb/disorders/Inherited_Retinal_Dystrophy.yaml,Inherited Retinal Dystrophy,36,40,0,0,0,0,0,0,0,0,0,0,17,0,0,0,23,0,0
2052,kb/disorders/Intellectual_Disability_Autosomal_Dominant_6.yaml,"Intellectual Disability, Autosomal Dominant 6",62,72,0,0,0,0,0,0,0,0,0,0,17,0,0,0,55,0,0
2053,kb/disorders/Japanese_Spotted_Fever.yaml,Japanese Spotted Fever,42,45,0,0,0,0,0,0,0,0,0,0,17,0,0,0,28,0,0
2054,kb/disorders/LAMB1-Related_Cobblestone_Lissencephaly.yaml,LAMB1-Related Cobblestone Lissencephaly,51,63,0,0,0,0,0,0,0,0,0,0,17,0,0,0,46,0,0
2055,kb/disorders/Labyrinthitis.yaml,Labyrinthitis,66,92,0,0,0,0,0,0,0,0,0,0,17,0,0,0,75,0,0
2056,kb/disorders/Liposarcoma.yaml,Liposarcoma,44,47,0,0,0,0,0,0,0,0,0,0,17,0,0,0,30,0,0
2057,kb/disorders/Malan_Syndrome.yaml,Malan Syndrome,44,52,0,0,0,0,0,0,0,0,0,0,17,0,0,0,35,0,0
2058,kb/disorders/Mandibulofacial_Dysostosis_with_Microcephaly.yaml,Mandibulofacial dysostosis with microcephaly,53,59,0,0,0,0,0,0,0,0,0,0,17,0,0,0,42,0,0
2059,kb/disorders/Medulloblastoma_WNT_Activated.yaml,"Medulloblastoma, WNT-Activated",25,27,0,0,0,0,0,0,0,0,0,0,17,0,0,0,10,0,0
2060,kb/disorders/Metabolic_Dysfunction-Associated_Steatotic_Liver_Disease.yaml,Metabolic Dysfunction-Associated Steatotic Liver Disease,121,151,0,0,0,0,0,0,0,0,0,0,17,0,0,0,134,0,0
2061,kb/disorders/Methylmalonic_Aciduria_and_Homocystinuria_cblL_Type.yaml,Methylmalonic Aciduria and Homocystinuria cblL Type,44,58,0,0,0,0,0,0,0,0,0,0,17,0,0,0,41,0,0
2062,kb/disorders/Muggenthaler-Chowdhury-Chioza_Syndrome.yaml,Muggenthaler-Chowdhury-Chioza Syndrome,44,51,0,0,0,0,0,0,0,0,0,0,17,0,0,0,34,0,0
2063,kb/disorders/Myoclonic_Epilepsy_in_Infancy.yaml,Myoclonic Epilepsy in Infancy,42,54,0,0,0,0,0,0,0,0,0,0,17,0,0,0,37,0,0
2064,kb/disorders/NPM1_Mutant_AML.yaml,"Acute Myeloid Leukemia, NPM1-Mutated",26,26,0,0,0,0,0,0,0,0,0,0,17,0,0,0,9,0,0
2065,kb/disorders/Nail-patella_Syndrome.yaml,Nail-patella Syndrome,67,75,0,0,0,0,0,0,0,0,0,0,17,0,0,0,58,0,0
2066,kb/disorders/Neuralgic_Amyotrophy.yaml,Neuralgic Amyotrophy,48,71,0,0,0,0,0,0,0,0,0,0,17,0,0,0,54,0,0
2067,kb/disorders/Neurodevelopmental_Disorder_with_Central_Hypotonia_and_Dysmorphic_Facies.yaml,Neurodevelopmental Disorder with Central Hypotonia and Dysmorphic Facies,100,118,0,0,0,0,0,0,0,0,0,0,17,0,0,0,101,0,0
2068,kb/disorders/Neurofibromatosis.yaml,Neurofibromatosis,51,67,0,0,0,0,0,0,0,0,0,0,17,0,0,0,50,0,0
2069,kb/disorders/Obsessive-Compulsive_Disorder.yaml,Obsessive-Compulsive Disorder,69,80,0,0,0,0,0,0,0,0,0,0,17,0,0,0,63,0,0
2070,kb/disorders/Ovarian_Hyperstimulation_Syndrome.yaml,Ovarian Hyperstimulation Syndrome,114,169,0,0,0,0,0,0,0,0,0,0,17,0,0,0,152,0,0
2071,kb/disorders/PAICS_Deficiency.yaml,PAICS Deficiency,49,54,0,0,0,0,0,0,0,0,0,0,17,0,0,0,37,0,0
2072,kb/disorders/PTEN_Hamartoma_Tumor_Syndrome.yaml,PTEN Hamartoma Tumor Syndrome,52,60,0,0,0,0,0,0,0,0,0,0,17,0,0,0,43,0,0
2073,kb/disorders/Periodontal_Ehlers-Danlos_Syndrome.yaml,Periodontal Ehlers-Danlos Syndrome,47,49,0,0,0,0,0,0,0,0,0,0,17,0,0,0,32,0,0
2074,kb/disorders/Peripheral_Artery_Disease.yaml,Peripheral Artery Disease,37,44,0,0,0,0,0,0,0,0,0,0,17,0,0,0,27,0,0
2075,kb/disorders/Platelet-type_Bleeding_Disorder_12.yaml,Platelet-type Bleeding Disorder 12,45,60,0,0,0,0,0,0,0,0,0,0,17,0,0,0,43,0,0
2076,kb/disorders/Primary_Aldosteronism.yaml,Primary Aldosteronism,80,109,0,0,0,0,0,0,0,0,0,0,17,0,0,0,92,0,0
2077,kb/disorders/Rickettsia_Parkeri_Spotted_Fever.yaml,Rickettsia Parkeri Spotted Fever,47,51,0,0,0,0,0,0,0,0,0,0,17,0,0,0,34,0,0
2078,kb/disorders/SPTAN1-Related_Developmental_and_Epileptic_Encephalopathy.yaml,SPTAN1-Related Developmental and Epileptic Encephalopathy,58,72,0,0,0,0,0,0,0,0,0,0,17,0,0,0,55,0,0
2079,kb/disorders/Severe_Combined_Immunodeficiency_Due_To_CARD11_Deficiency.yaml,Severe Combined Immunodeficiency Due To CARD11 Deficiency,43,51,0,0,0,0,0,0,0,0,0,0,17,0,0,0,34,0,0
2080,kb/disorders/Spastic_Paraparesis-cataracts-speech_Delay_Syndrome.yaml,Spastic Paraparesis-Cataracts-Speech Delay Syndrome,47,65,0,0,0,0,0,0,0,0,0,0,17,0,0,0,48,0,0
2081,kb/disorders/Spinocerebellar_Ataxia_Type_36.yaml,Spinocerebellar Ataxia Type 36,104,142,0,0,0,0,0,0,0,0,0,0,17,0,0,0,125,0,0
2082,kb/disorders/Spinocerebellar_Ataxia_Type_8.yaml,Spinocerebellar Ataxia Type 8,69,78,0,0,0,0,0,0,0,0,0,0,17,0,0,0,61,0,0
2083,kb/disorders/Spondylo-ocular_Syndrome.yaml,Spondylo-ocular Syndrome,63,97,0,0,0,0,0,0,0,0,0,0,17,0,0,0,80,0,0
2084,kb/disorders/Spondyloenchondrodysplasia.yaml,Spondyloenchondrodysplasia,73,118,0,0,0,0,0,0,0,0,0,0,17,0,0,0,101,0,0
2085,kb/disorders/Spondylometaphyseal_Dysplasia_with_Corneal_Dystrophy.yaml,Spondylometaphyseal Dysplasia with Corneal Dystrophy,57,63,0,0,0,0,0,0,0,0,0,0,17,0,0,0,46,0,0
2086,kb/disorders/Sweet_Syndrome.yaml,Sweet Syndrome,50,60,0,0,0,0,0,0,0,0,0,0,17,0,0,0,43,0,0
2087,kb/disorders/Travelers_Diarrhea.yaml,Traveler's Diarrhea,102,129,0,0,0,0,0,0,0,0,0,0,17,0,0,0,112,0,0
2088,kb/disorders/Tularemia.yaml,Tularemia,47,58,0,0,0,0,0,0,0,0,0,0,17,0,0,0,41,0,0
2089,kb/disorders/UNC13A_NDD_with_Seizures_and_Movement_Disorder.yaml,UNC13A-Related NDD with Seizures and Movement Disorder,50,52,0,0,0,0,0,0,0,0,0,0,17,0,0,0,35,0,0
2090,kb/disorders/USP9X_Female-Restricted_Syndromic_Intellectual_Disability.yaml,USP9X Female-Restricted Syndromic Intellectual Disability,121,204,0,0,0,0,0,0,0,0,0,0,17,0,0,0,187,0,0
2091,kb/disorders/VCP-associated_Multisystem_Proteinopathy.yaml,VCP-Associated Multisystem Proteinopathy,60,72,0,0,0,0,0,0,0,0,0,0,17,0,0,0,55,0,0
2092,kb/disorders/Van_Buchem_Disease.yaml,Van Buchem Disease,37,59,0,0,0,0,0,0,0,0,0,0,17,0,0,0,42,0,0
2093,kb/disorders/WFS1-Related_Disorder.yaml,WFS1-Related Disorder,63,98,0,0,0,0,0,0,0,0,0,0,17,0,0,0,81,0,0
2094,kb/disorders/Warsaw_breakage_syndrome.yaml,Warsaw breakage syndrome,79,101,0,0,0,0,0,0,0,0,0,0,17,0,0,0,84,0,0
2095,kb/disorders/Wieacker_Wolff_Syndrome.yaml,Wieacker-Wolff Syndrome Spectrum,73,110,0,0,0,0,0,0,0,0,0,0,17,0,0,0,93,0,0
2096,kb/disorders/ZNF341_Deficiency.yaml,ZNF341 Deficiency,90,129,0,0,0,0,0,0,0,0,0,0,17,0,0,0,112,0,0
2097,kb/disorders/Autosomal_Recessive_Nonsyndromic_Hearing_Loss_30.yaml,Autosomal Recessive Nonsyndromic Hearing Loss 30,53,77,0,0,0,0,0,0,0,0,0,0,16,0,0,0,61,0,0
2098,kb/disorders/Combined_Oxidative_Phosphorylation_Deficiency_48.yaml,Combined oxidative phosphorylation deficiency 48,70,103,0,0,0,0,0,0,0,0,0,0,16,0,0,0,87,0,0
2099,kb/disorders/Cyanosis_Transient_Neonatal.yaml,Cyanosis Transient Neonatal,38,48,0,0,0,0,0,0,0,0,0,0,16,0,0,0,32,0,0
2100,kb/disorders/Danon_disease.yaml,Danon disease,58,88,0,0,0,0,0,0,0,0,0,0,16,0,0,0,72,0,0
2101,kb/disorders/Delpire-McNeill_Syndrome.yaml,Delpire-McNeill Syndrome,46,57,0,0,0,0,0,0,0,0,0,0,16,0,0,0,41,0,0
2102,kb/disorders/Dermatomyositis.yaml,Dermatomyositis,85,112,0,0,0,0,0,0,0,0,0,0,16,0,0,0,96,0,0
2103,kb/disorders/Dientamoebiasis.yaml,Dientamoebiasis,48,74,0,0,0,0,0,0,0,0,0,0,16,0,0,0,58,0,0
2104,kb/disorders/Dupuytrens_Contracture.yaml,Dupuytren Contracture,39,44,0,0,0,0,0,0,0,0,0,0,16,0,0,0,28,0,0
2105,kb/disorders/Epithelioid_Sarcoma.yaml,Epithelioid Sarcoma,30,31,0,0,0,0,0,0,0,0,0,0,16,0,0,0,15,0,0
2106,kb/disorders/FGFR_Altered_Urothelial_Carcinoma.yaml,FGFR-Altered Urothelial Carcinoma,18,18,0,0,0,0,0,0,0,0,0,0,16,0,0,0,2,0,0
2107,kb/disorders/FILS_Syndrome.yaml,FILS Syndrome,35,38,0,0,0,0,0,0,0,0,0,0,16,0,0,0,22,0,0
2108,kb/disorders/Familial_Chylomicronemia_Syndrome.yaml,Familial Chylomicronemia Syndrome,49,74,0,0,0,0,0,0,0,0,0,0,16,0,0,0,58,0,0
2109,kb/disorders/Familial_Cold_Autoinflammatory_Syndrome.yaml,Familial Cold Autoinflammatory Syndrome,53,67,0,0,0,0,0,0,0,0,0,0,16,0,0,0,51,0,0
2110,kb/disorders/Fragile_X-Associated_Primary_Ovarian_Insufficiency.yaml,Fragile X-Associated Primary Ovarian Insufficiency,56,72,0,0,0,0,0,0,0,0,0,0,16,0,0,0,56,0,0
2111,kb/disorders/Glanzmann_Thrombasthenia.yaml,Glanzmann Thrombasthenia,61,68,0,0,0,0,0,0,0,0,0,0,16,0,0,0,52,0,0
2112,kb/disorders/Hatipoglu_Immunodeficiency_Syndrome.yaml,Hatipoglu Immunodeficiency Syndrome,69,91,0,0,0,0,0,0,0,0,0,0,16,0,0,0,75,0,0
2113,kb/disorders/Holt-Oram_Syndrome.yaml,Holt-Oram syndrome,35,50,0,0,0,0,0,0,0,0,0,0,16,0,0,0,34,0,0
2114,kb/disorders/Hyperostosis_Cranialis_Interna.yaml,Hyperostosis Cranialis Interna,59,73,0,0,0,0,0,0,0,0,0,0,16,0,0,0,57,0,0
2115,kb/disorders/Intellectual_Developmental_Disorder_X-Linked_Syndromic_37.yaml,"Intellectual Developmental Disorder, X-Linked, Syndromic 37",102,134,0,0,0,0,0,0,0,0,0,0,16,0,0,0,118,0,0
2116,kb/disorders/Intellectual_Disability_Anterior_Maxillary_Protrusion_and_Strabismus.yaml,"Intellectual Disability, Anterior Maxillary Protrusion, and Strabismus",49,81,0,0,0,0,0,0,0,0,0,0,16,0,0,0,65,0,0
2117,kb/disorders/Intermediate_Charcot-Marie-Tooth_Disease.yaml,Intermediate Charcot-Marie-Tooth Disease,46,59,0,0,0,0,0,0,0,0,0,0,16,0,0,0,43,0,0
2118,kb/disorders/Klebsiella_Pneumonia.yaml,Klebsiella Pneumonia,42,44,0,0,0,0,0,0,0,0,0,0,16,0,0,0,28,0,0
2119,kb/disorders/LDLR-Related_Familial_Hypercholesterolemia.yaml,LDLR-Related Familial Hypercholesterolemia,126,169,0,0,0,0,0,0,0,0,0,0,16,0,0,0,153,0,0
2120,kb/disorders/Large_Cell_Neuroendocrine_Carcinoma.yaml,Large Cell Neuroendocrine Carcinoma,72,88,0,0,0,0,0,0,0,0,0,0,16,0,0,0,72,0,0
2121,kb/disorders/Leber_Congenital_Amaurosis_9.yaml,Leber Congenital Amaurosis 9,52,77,0,0,0,0,0,0,0,0,0,0,16,0,0,0,61,0,0
2122,kb/disorders/Leukocyte_Adhesion_Deficiency_1.yaml,Leukocyte Adhesion Deficiency 1,59,97,0,0,0,0,0,0,0,0,0,0,16,0,0,0,81,0,0
2123,kb/disorders/Light_Chain_Deposition_Disease.yaml,Light Chain Deposition Disease,46,54,0,0,0,0,0,0,0,0,0,0,16,0,0,0,38,0,0
2124,kb/disorders/Long_COVID.yaml,Long COVID,175,251,0,0,0,0,0,0,0,0,0,0,16,0,0,0,235,0,0
2125,kb/disorders/MRPL44_Deficiency.yaml,MRPL44 Deficiency,133,191,0,0,0,0,0,0,0,0,0,0,16,0,0,0,175,0,0
2126,kb/disorders/Medullary_Thyroid_Carcinoma.yaml,Medullary Thyroid Carcinoma,35,40,0,0,0,0,0,0,0,0,0,0,16,0,0,0,24,0,0
2127,kb/disorders/Medulloblastoma.yaml,Medulloblastoma,22,22,0,0,0,0,0,0,0,0,0,0,16,0,0,0,6,0,0
2128,kb/disorders/Megacystis-Microcolon-Intestinal_Hypoperistalsis_Syndrome_2.yaml,Megacystis-Microcolon-Intestinal Hypoperistalsis Syndrome 2,56,90,0,0,0,0,0,0,0,0,0,0,16,0,0,0,74,0,0
2129,kb/disorders/Mitochondrial_Complex_I_Deficiency_Nuclear_Type_34.yaml,"Mitochondrial Complex I Deficiency, Nuclear Type 34",40,63,0,0,0,0,0,0,0,0,0,0,16,0,0,0,47,0,0
2130,kb/disorders/Morgagni-Stewart-Morel_Syndrome.yaml,Morgagni-Stewart-Morel Syndrome,44,74,0,0,0,0,0,0,0,0,0,0,16,0,0,0,58,0,0
2131,kb/disorders/Neuromyelitis_Optica_Spectrum_Disorder_with_Anti-AQP4_Antibodies.yaml,Neuromyelitis Optica Spectrum Disorder with Anti-AQP4 Antibodies,41,44,0,0,0,0,0,0,0,0,0,0,16,0,0,0,28,0,0
2132,kb/disorders/Ochoa_Syndrome.yaml,Ochoa syndrome,49,73,0,0,0,0,0,0,0,0,0,0,16,0,0,0,57,0,0
2133,kb/disorders/Patent_Ductus_Arteriosus.yaml,Patent Ductus Arteriosus,36,41,0,0,0,0,0,0,0,0,0,0,16,0,0,0,25,0,0
2134,kb/disorders/Phenylketonuria.yaml,Phenylketonuria,174,236,0,0,0,0,0,0,0,0,0,0,16,0,0,0,220,0,0
2135,kb/disorders/Photosensitive_Occipital_Lobe_Epilepsy.yaml,Photosensitive Occipital Lobe Epilepsy,42,60,0,0,0,0,0,0,0,0,0,0,16,0,0,0,44,0,0
2136,kb/disorders/Platelet-type_Bleeding_Disorder_15.yaml,Platelet-type Bleeding Disorder 15,68,97,0,0,0,0,0,0,0,0,0,0,16,0,0,0,81,0,0
2137,kb/disorders/Protein_S_Deficiency.yaml,Protein S Deficiency,57,71,0,0,0,0,0,0,0,0,0,0,16,0,0,0,55,0,0
2138,kb/disorders/Retinoblastoma.yaml,Retinoblastoma,36,49,0,0,0,0,0,0,0,0,0,0,16,0,0,0,33,0,0
2139,kb/disorders/SLC6A1-Related_Disorder.yaml,SLC6A1-Related Neurodevelopmental Disorder,54,66,0,0,0,0,0,0,0,0,0,0,16,0,0,0,50,0,0
2140,kb/disorders/Sinoatrial_Block.yaml,Sinoatrial Block,30,31,0,0,0,0,0,0,0,0,0,0,16,0,0,0,15,0,0
2141,kb/disorders/Spondyloepimetaphyseal_Dysplasia_Guo-Campeau_Type.yaml,Spondyloepimetaphyseal Dysplasia Guo-Campeau Type,33,35,0,0,0,0,0,0,0,0,0,0,16,0,0,0,19,0,0
2142,kb/disorders/Stickler_Syndrome_Type_1_Nonsyndromic_Ocular.yaml,Stickler Syndrome Type 1 Nonsyndromic Ocular,49,73,0,0,0,0,0,0,0,0,0,0,16,0,0,0,57,0,0
2143,kb/disorders/TMLHE_Deficiency.yaml,TMLHE Deficiency,36,49,0,0,0,0,0,0,0,0,0,0,16,0,0,0,33,0,0
2144,kb/disorders/Testicular_Germ_Cell_Tumor.yaml,Testicular Germ Cell Tumor,33,40,0,0,0,0,0,0,0,0,0,0,16,0,0,0,24,0,0
2145,kb/disorders/Woodhouse-Sakati_Syndrome.yaml,Woodhouse-Sakati Syndrome,70,111,0,0,0,0,0,0,0,0,0,0,16,0,0,0,95,0,0
2146,kb/disorders/X-Linked_Nephrogenic_Diabetes_Insipidus.yaml,X-Linked Nephrogenic Diabetes Insipidus,107,171,0,0,0,0,0,0,0,0,0,0,16,0,0,0,155,0,0
2147,kb/disorders/X-linked_Mendelian_Susceptibility_to_Mycobacterial_Diseases_due_to_CYBB_Deficiency.yaml,X-linked Mendelian Susceptibility to Mycobacterial Diseases due to CYBB Deficiency,41,58,0,0,0,0,0,0,0,0,0,0,16,0,0,0,42,0,0
2148,kb/disorders/Craniofacial_Anomalies_And_Anterior_Segment_Dysgenesis_Syndrome.yaml,Craniofacial Anomalies and Anterior Segment Dysgenesis Syndrome,33,46,0,0,0,0,0,0,0,0,0,0,15,0,0,0,31,0,0
2149,kb/disorders/Drug_or_Toxin-Induced_Pulmonary_Arterial_Hypertension.yaml,Drug- or Toxin-Induced Pulmonary Arterial Hypertension,31,37,0,0,0,0,0,0,0,0,0,0,15,0,0,0,22,0,0
2150,kb/disorders/Endometrial_Carcinoma.yaml,Endometrial Carcinoma,72,78,0,0,0,0,0,0,0,0,0,0,15,0,0,0,63,0,0
2151,kb/disorders/Episodic_Ataxia.yaml,Episodic Ataxia,26,33,0,0,0,0,0,0,0,0,0,0,15,0,0,0,18,0,0
2152,kb/disorders/Familial_Hemiplegic_Migraine.yaml,Familial Hemiplegic Migraine,173,256,0,0,0,0,0,0,0,0,0,0,15,0,0,0,241,0,0
2153,kb/disorders/Generalized_Resistance_to_Thyroid_Hormone.yaml,Generalized Resistance to Thyroid Hormone,43,51,0,0,0,0,0,0,0,0,0,0,15,0,0,0,36,0,0
2154,kb/disorders/Gout.yaml,Gout,52,64,0,0,0,0,0,0,0,0,0,0,15,0,0,0,49,0,0
2155,kb/disorders/Hallermann-Streiff_Syndrome.yaml,Hallermann-Streiff Syndrome,37,42,0,0,0,0,0,0,0,0,0,0,15,0,0,0,27,0,0
2156,kb/disorders/Hermansky_Pudlak_Syndrome.yaml,Hermansky-Pudlak Syndrome,74,90,0,0,0,0,0,0,0,0,0,0,15,0,0,0,75,0,0
2157,kb/disorders/Hyperlipidemia.yaml,Hyperlipidemia,69,91,0,0,0,0,0,0,0,0,0,0,15,0,0,0,76,0,0
2158,kb/disorders/IgA_Vasculitis.yaml,IgA Vasculitis,37,50,0,0,0,0,0,0,0,0,0,0,15,0,0,0,35,0,0
2159,kb/disorders/Immunodeficiency_92.yaml,Immunodeficiency 92,44,66,0,0,0,0,0,0,0,0,0,0,15,0,0,0,51,0,0
2160,kb/disorders/Intermittent_Explosive_Disorder.yaml,Intermittent Explosive Disorder,35,37,0,0,0,0,0,0,0,0,0,0,15,0,0,0,22,0,0
2161,kb/disorders/Ischemic_Stroke.yaml,Ischemic Stroke,39,48,0,0,0,0,0,0,0,0,0,0,15,0,0,0,33,0,0
2162,kb/disorders/Juvenile_Myoclonic_Epilepsy.yaml,Juvenile Myoclonic Epilepsy,36,48,0,0,0,0,0,0,0,0,0,0,15,0,0,0,33,0,0
2163,kb/disorders/KDM1A-Related_Neurodevelopmental_Disorder.yaml,KDM1A-Related Neurodevelopmental Disorder,46,68,0,0,0,0,0,0,0,0,0,0,15,0,0,0,53,0,0
2164,kb/disorders/Keratosis_Pilaris_Atrophicans.yaml,Keratosis Pilaris Atrophicans,39,49,0,0,0,0,0,0,0,0,0,0,15,0,0,0,34,0,0
2165,kb/disorders/Late_Complement_Component_Deficiency.yaml,Late Complement Component Deficiency,47,60,0,0,0,0,0,0,0,0,0,0,15,0,0,0,45,0,0
2166,kb/disorders/Leber_Congenital_Amaurosis_with_Early-Onset_Deafness.yaml,Leber Congenital Amaurosis with Early-Onset Deafness,25,31,0,0,0,0,0,0,0,0,0,0,15,0,0,0,16,0,0
2167,kb/disorders/Lemierre_Syndrome.yaml,Lemierre Syndrome,37,43,0,0,0,0,0,0,0,0,0,0,15,0,0,0,28,0,0
2168,kb/disorders/Lymphatic_Malformation_6.yaml,Lymphatic malformation 6,59,85,0,0,0,0,0,0,0,0,0,0,15,0,0,0,70,0,0
2169,kb/disorders/MELAS_Syndrome.yaml,MELAS Syndrome,226,358,0,0,0,0,0,0,0,0,0,0,15,0,0,0,343,0,0
2170,kb/disorders/McLeod_Neuroacanthocytosis_Syndrome.yaml,McLeod Neuroacanthocytosis Syndrome,55,73,0,0,0,0,0,0,0,0,0,0,15,0,0,0,58,0,0
2171,kb/disorders/Mitochondrial_Complex_V_ATP_Synthase_Deficiency_Nuclear_Type_2.yaml,"Mitochondrial Complex V (ATP Synthase) Deficiency, Nuclear Type 2",44,53,0,0,0,0,0,0,0,0,0,0,15,0,0,0,38,0,0
2172,kb/disorders/Neonatal_Epileptic_Encephalopathy_Due_to_Glutaminase_Deficiency.yaml,Neonatal Epileptic Encephalopathy Due to Glutaminase Deficiency,51,61,0,0,0,0,0,0,0,0,0,0,15,0,0,0,46,0,0
2173,kb/disorders/Neurooculorenal_Syndrome.yaml,Neurooculorenal Syndrome,55,77,0,0,0,0,0,0,0,0,0,0,15,0,0,0,62,0,0
2174,kb/disorders/Oculocutaneous_Albinism.yaml,Oculocutaneous Albinism,56,77,0,0,0,0,0,0,0,0,0,0,15,0,0,0,62,0,0
2175,kb/disorders/Osteogenesis_Imperfecta_Type_IV.yaml,Osteogenesis Imperfecta Type IV,47,61,0,0,0,0,0,0,0,0,0,0,15,0,0,0,46,0,0
2176,kb/disorders/PNPO_Deficiency.yaml,PNPO Deficiency,45,53,0,0,0,0,0,0,0,0,0,0,15,0,0,0,38,0,0
2177,kb/disorders/POT1_Tumor_Predisposition_Syndrome.yaml,POT1 Tumor Predisposition Syndrome,43,56,0,0,0,0,0,0,0,0,0,0,15,0,0,0,41,0,0
2178,kb/disorders/PRPS1_Superactivity.yaml,PRPS1 Superactivity,52,67,0,0,0,0,0,0,0,0,0,0,15,0,0,0,52,0,0
2179,kb/disorders/PUM1-Associated_Developmental_Disability_Ataxia_Seizure_Syndrome.yaml,"PUM1-Associated Developmental Disability, Ataxia, and Seizure Syndrome",73,90,0,0,0,0,0,0,0,0,0,0,15,0,0,0,75,0,0
2180,kb/disorders/Peroxisomal_Acyl-CoA_Oxidase_Deficiency.yaml,Peroxisomal Acyl-CoA Oxidase Deficiency,69,77,0,0,0,0,0,0,0,0,0,0,15,0,0,0,62,0,0
2181,kb/disorders/Post-Traumatic_Epilepsy.yaml,Post-Traumatic Epilepsy,45,75,0,0,0,0,0,0,0,0,0,0,15,0,0,0,60,0,0
2182,kb/disorders/Progressive_Myoclonus_Epilepsy.yaml,Progressive Myoclonus Epilepsy,33,36,0,0,0,0,0,0,0,0,0,0,15,0,0,0,21,0,0
2183,kb/disorders/Pseudohypoparathyroidism.yaml,Pseudohypoparathyroidism,53,58,0,0,0,0,0,0,0,0,0,0,15,0,0,0,43,0,0
2184,kb/disorders/Renal_Agenesis.yaml,Renal Agenesis,43,62,0,0,0,0,0,0,0,0,0,0,15,0,0,0,47,0,0
2185,kb/disorders/Renal_Tubular_Acidosis_Distal_2_With_Progressive_Sensorineural_Hearing_Loss.yaml,"Renal Tubular Acidosis, Distal, 2, With Progressive Sensorineural Hearing Loss",49,59,0,0,0,0,0,0,0,0,0,0,15,0,0,0,44,0,0
2186,kb/disorders/Restless_Legs_Syndrome.yaml,Restless Legs Syndrome,33,47,0,0,0,0,0,0,0,0,0,0,15,0,0,0,32,0,0
2187,kb/disorders/Rhabdoid_Tumor.yaml,Rhabdoid Tumor,35,40,0,0,0,0,0,0,0,0,0,0,15,0,0,0,25,0,0
2188,kb/disorders/SNAP25_Encephalopathy.yaml,SNAP25-Related Developmental and Epileptic Encephalopathy,40,48,0,0,0,0,0,0,0,0,0,0,15,0,0,0,33,0,0
2189,kb/disorders/Simpson-Golabi-Behmel_Syndrome_Type_1.yaml,Simpson-Golabi-Behmel Syndrome Type 1,52,63,0,0,0,0,0,0,0,0,0,0,15,0,0,0,48,0,0
2190,kb/disorders/Solitary_Fibrous_Tumor.yaml,Solitary Fibrous Tumor,32,32,0,0,0,0,0,0,0,0,0,0,15,0,0,0,17,0,0
2191,kb/disorders/Spinocerebellar_Ataxia_Type_6.yaml,Spinocerebellar Ataxia Type 6,48,69,0,0,0,0,0,0,0,0,0,0,15,0,0,0,54,0,0
2192,kb/disorders/Stankiewicz_Isidor_syndrome.yaml,Stankiewicz-Isidor syndrome,34,40,0,0,0,0,0,0,0,0,0,0,15,0,0,0,25,0,0
2193,kb/disorders/Subacute_Delirium.yaml,Subacute Delirium,63,86,0,0,0,0,0,0,0,0,0,0,15,0,0,0,71,0,0
2194,kb/disorders/TRMU-Related_Acute_Infantile_Liver_Failure.yaml,TRMU-Related Acute Infantile Liver Failure,66,92,0,0,0,0,0,0,0,0,0,0,15,0,0,0,77,0,0
2195,kb/disorders/TUBA1A-related_Tubulinopathy.yaml,TUBA1A-related Tubulinopathy,49,71,0,0,0,0,0,0,0,0,0,0,15,0,0,0,56,0,0
2196,kb/disorders/Testicular_Seminoma.yaml,Testicular Seminoma,35,46,0,0,0,0,0,0,0,0,0,0,15,0,0,0,31,0,0
2197,kb/disorders/Trichotillomania.yaml,Trichotillomania,35,42,0,0,0,0,0,0,0,0,0,0,15,0,0,0,27,0,0
2198,kb/disorders/X-Linked_Hypophosphatemia.yaml,X-Linked Hypophosphatemia,82,137,0,0,0,0,0,0,0,0,0,0,15,0,0,0,122,0,0
2199,kb/disorders/aceruloplasminemia.yaml,aceruloplasminemia,43,45,0,0,0,0,0,0,0,0,0,0,15,0,0,0,30,0,0
2200,kb/disorders/Autosomal_Recessive_Nonsyndromic_Hearing_Loss_31.yaml,Autosomal Recessive Nonsyndromic Hearing Loss 31,33,47,0,0,0,0,0,0,0,0,0,0,14,0,0,0,33,0,0
2201,kb/disorders/Congenital_Central_Hypoventilation_Syndrome.yaml,Congenital Central Hypoventilation Syndrome,44,60,0,0,0,0,0,0,0,0,0,0,14,0,0,0,46,0,0
2202,kb/disorders/Dandy-Walker_Syndrome.yaml,Dandy-Walker Syndrome,69,97,0,0,0,0,0,0,0,0,0,0,14,0,0,0,83,0,0
2203,kb/disorders/Dilated_Cardiomyopathy_1V.yaml,Dilated Cardiomyopathy 1V,41,69,0,0,0,0,0,0,0,0,0,0,14,0,0,0,55,0,0
2204,kb/disorders/Dyskeratosis_Congenita_Autosomal_Recessive_8.yaml,Dyskeratosis Congenita Autosomal Recessive 8,42,56,0,0,0,0,0,0,0,0,0,0,14,0,0,0,42,0,0
2205,kb/disorders/EBV_Associated_Gastric_Cancer.yaml,EBV-Associated Gastric Cancer,31,33,0,0,0,0,0,0,0,0,0,0,14,0,0,0,19,0,0
2206,kb/disorders/EML1_Ribbon_Heterotopia.yaml,EML1-related Ribbon-like Subcortical Heterotopia,41,51,0,0,0,0,0,0,0,0,0,0,14,0,0,0,37,0,0
2207,kb/disorders/Eiken_Syndrome.yaml,Eiken Syndrome,47,55,0,0,0,0,0,0,0,0,0,0,14,0,0,0,41,0,0
2208,kb/disorders/Eosinophilia-Myalgia_Syndrome.yaml,Eosinophilia-Myalgia Syndrome,103,173,0,0,0,0,0,0,0,0,0,0,14,0,0,0,159,0,0
2209,kb/disorders/Eosinophilic_Esophagitis.yaml,Eosinophilic Esophagitis,41,66,0,0,0,0,0,0,0,0,0,0,14,0,0,0,52,0,0
2210,kb/disorders/Epilepsy_with_Generalized_Tonic-Clonic_Seizures_Alone.yaml,Epilepsy with Generalized Tonic-Clonic Seizures Alone,51,79,0,0,0,0,0,0,0,0,0,0,14,0,0,0,65,0,0
2211,kb/disorders/Facioscapulohumeral_Muscular_Dystrophy.yaml,Facioscapulohumeral Muscular Dystrophy,94,139,0,0,0,0,0,0,0,0,0,0,14,0,0,0,125,0,0
2212,kb/disorders/Fallopian_Tube_Cancer.yaml,Fallopian Tube Cancer,28,30,0,0,0,0,0,0,0,0,0,0,14,0,0,0,16,0,0
2213,kb/disorders/Familial_Congenital_Mirror_Movements.yaml,Familial Congenital Mirror Movements,40,44,0,0,0,0,0,0,0,0,0,0,14,0,0,0,30,0,0
2214,kb/disorders/HHV-8-Associated_Multicentric_Castleman_Disease.yaml,HHV-8-Associated Multicentric Castleman Disease,51,64,0,0,0,0,0,0,0,0,0,0,14,0,0,0,50,0,0
2215,kb/disorders/Hepatosplenic_T_Cell_Lymphoma.yaml,Hepatosplenic T-cell Lymphoma,44,57,0,0,0,0,0,0,0,0,0,0,14,0,0,0,43,0,0
2216,kb/disorders/Hereditary_Spastic_Paraplegia_5A.yaml,Hereditary Spastic Paraplegia 5A,42,50,0,0,0,0,0,0,0,0,0,0,14,0,0,0,36,0,0
2217,kb/disorders/Hydatidiform_Mole.yaml,Hydatidiform Mole,38,58,0,0,0,0,0,0,0,0,0,0,14,0,0,0,44,0,0
2218,kb/disorders/Hypomyelinating_Leukodystrophy_12.yaml,Hypomyelinating Leukodystrophy 12,49,53,0,0,0,0,0,0,0,0,0,0,14,0,0,0,39,0,0
2219,kb/disorders/IFAP_Syndrome_2.yaml,IFAP Syndrome 2,51,62,0,0,0,0,0,0,0,0,0,0,14,0,0,0,48,0,0
2220,kb/disorders/IKK2_Deficiency.yaml,IKK2 Deficiency,33,34,0,0,0,0,0,0,0,0,0,0,14,0,0,0,20,0,0
2221,kb/disorders/Intrahepatic_Cholestasis_of_Pregnancy.yaml,Intrahepatic Cholestasis of Pregnancy,33,40,0,0,0,0,0,0,0,0,0,0,14,0,0,0,26,0,0
2222,kb/disorders/KIT_Mutant_Melanoma.yaml,KIT Mutant Melanoma,31,37,0,0,0,0,0,0,0,0,0,0,14,0,0,0,23,0,0
2223,kb/disorders/Kidney_Sarcoma.yaml,Kidney Sarcoma,57,73,0,0,0,0,0,0,0,0,0,0,14,0,0,0,59,0,0
2224,kb/disorders/LRRK2-Related_Parkinson_Disease.yaml,LRRK2-Related Parkinson Disease,41,43,0,0,0,0,0,0,0,0,0,0,14,0,0,0,29,0,0
2225,kb/disorders/Lichen_Myxedematosus.yaml,Lichen Myxedematosus,40,50,0,0,0,0,0,0,0,0,0,0,14,0,0,0,36,0,0
2226,kb/disorders/Mendelian_Susceptibility_To_Mycobacterial_Diseases_Due_To_Partial_IRF8_Deficiency.yaml,Mendelian Susceptibility To Mycobacterial Diseases Due To Partial IRF8 Deficiency,40,45,0,0,0,0,0,0,0,0,0,0,14,0,0,0,31,0,0
2227,kb/disorders/Mesial_Temporal_Lobe_Epilepsy_with_Hippocampal_Sclerosis.yaml,Mesial Temporal Lobe Epilepsy with Hippocampal Sclerosis,23,28,0,0,0,0,0,0,0,0,0,0,14,0,0,0,14,0,0
2228,kb/disorders/Mitochondrial_Complex_I_Deficiency_Nuclear_Type_2.yaml,"Mitochondrial Complex I Deficiency, Nuclear Type 2",69,126,0,0,0,0,0,0,0,0,0,0,14,0,0,0,112,0,0
2229,kb/disorders/Mitochondrial_DNA_Depletion_Syndrome_14B.yaml,Mitochondrial DNA Depletion Syndrome 14B (Cardioencephalomyopathic Type),88,107,0,0,0,0,0,0,0,0,0,0,14,0,0,0,93,0,0
2230,kb/disorders/NAGA_Deficiency_Type_3.yaml,NAGA Deficiency Type 3,33,33,0,0,0,0,0,0,0,0,0,0,14,0,0,0,19,0,0
2231,kb/disorders/NTRK_Fusion_Positive_Cancer.yaml,NTRK Fusion-Positive Cancer,21,21,0,0,0,0,0,0,0,0,0,0,14,0,0,0,7,0,0
2232,kb/disorders/Neurodevelopmental_Disorder_with_Microcephaly_Hypotonia_and_Absent_Language.yaml,"Neurodevelopmental Disorder with Microcephaly, Hypotonia, and Absent Language",55,73,0,0,0,0,0,0,0,0,0,0,14,0,0,0,59,0,0
2233,kb/disorders/Non-Syndromic_X-Linked_Intellectual_Disability.yaml,Non-Syndromic X-Linked Intellectual Disability,83,165,0,0,0,0,0,0,0,0,0,0,14,0,0,0,151,0,0
2234,kb/disorders/Onchocerciasis.yaml,Onchocerciasis,32,32,0,0,0,0,0,0,0,0,0,0,14,0,0,0,18,0,0
2235,kb/disorders/Papillary_Thyroid_Carcinoma.yaml,Papillary Thyroid Carcinoma,33,43,0,0,0,0,0,0,0,0,0,0,14,0,0,0,29,0,0
2236,kb/disorders/Peters_Plus_Syndrome.yaml,Peters plus syndrome,80,109,0,0,0,0,0,0,0,0,0,0,14,0,0,0,95,0,0
2237,kb/disorders/Polymyositis.yaml,Polymyositis,56,69,0,0,0,0,0,0,0,0,0,0,14,0,0,0,55,0,0
2238,kb/disorders/Proximal_Tubulopathy-Diabetes_Mellitus-Cerebellar_Ataxia_Syndrome.yaml,Proximal tubulopathy-diabetes mellitus-cerebellar ataxia syndrome,33,37,0,0,0,0,0,0,0,0,0,0,14,0,0,0,23,0,0
2239,kb/disorders/RUNX1_Familial_Platelet_Disorder.yaml,RUNX1 Familial Platelet Disorder with Associated Myeloid Malignancy,40,49,0,0,0,0,0,0,0,0,0,0,14,0,0,0,35,0,0
2240,kb/disorders/Reelin_Pathway_Lissencephaly.yaml,Reelin Pathway Lissencephaly,35,41,0,0,0,0,0,0,0,0,0,0,14,0,0,0,27,0,0
2241,kb/disorders/Schwannoma.yaml,Schwannoma,38,47,0,0,0,0,0,0,0,0,0,0,14,0,0,0,33,0,0
2242,kb/disorders/Severe_X-linked_Intellectual_Disability_Gustavson_Type.yaml,Severe X-linked Intellectual Disability Gustavson Type,53,70,0,0,0,0,0,0,0,0,0,0,14,0,0,0,56,0,0
2243,kb/disorders/Silent_Sinus_Syndrome.yaml,Silent Sinus Syndrome,44,74,0,0,0,0,0,0,0,0,0,0,14,0,0,0,60,0,0
2244,kb/disorders/Sotos_Syndrome.yaml,Sotos Syndrome,135,211,0,0,0,0,0,0,0,0,0,0,14,0,0,0,197,0,0
2245,kb/disorders/Spina_Bifida_Cystica.yaml,Spina Bifida Cystica,57,71,0,0,0,0,0,0,0,0,0,0,14,0,0,0,57,0,0
2246,kb/disorders/Spinocerebellar_Ataxia_Type_15_16.yaml,Spinocerebellar Ataxia Type 15/16,19,21,0,0,0,0,0,0,0,0,0,0,14,0,0,0,7,0,0
2247,kb/disorders/Sterol_Carrier_Protein_2_Deficiency.yaml,Sterol Carrier Protein 2 Deficiency,69,90,0,0,0,0,0,0,0,0,0,0,14,0,0,0,76,0,0
2248,kb/disorders/Stickler_Syndrome_Type_6.yaml,Stickler Syndrome Type 6,63,83,0,0,0,0,0,0,0,0,0,0,14,0,0,0,69,0,0
2249,kb/disorders/Testicular_Sex_Cord_Stromal_Neoplasm.yaml,Testicular Sex Cord-Stromal Neoplasm,31,33,0,0,0,0,0,0,0,0,0,0,14,0,0,0,19,0,0
2250,kb/disorders/Thrombocytopenia_11_with_Multiple_Congenital_Anomalies_and_Dysmorphic_Facies.yaml,Thrombocytopenia 11 with Multiple Congenital Anomalies and Dysmorphic Facies,49,59,0,0,0,0,0,0,0,0,0,0,14,0,0,0,45,0,0
2251,kb/disorders/Trench_Fever.yaml,Trench Fever,39,44,0,0,0,0,0,0,0,0,0,0,14,0,0,0,30,0,0
2252,kb/disorders/Vulvar_Adenocarcinoma.yaml,Vulvar Adenocarcinoma,94,122,0,0,0,0,0,0,0,0,0,0,14,0,0,0,108,0,0
2253,kb/disorders/Weiss-Kruszka_Syndrome.yaml,Weiss-Kruszka Syndrome,47,66,0,0,0,0,0,0,0,0,0,0,14,0,0,0,52,0,0
2254,kb/disorders/Antisocial_Personality_Disorder.yaml,Antisocial Personality Disorder,30,32,0,0,0,0,0,0,0,0,0,0,13,0,0,0,19,0,0
2255,kb/disorders/Chemotherapy_Induced_Neutropenia.yaml,Chemotherapy-Induced Neutropenia,27,41,0,0,0,0,0,0,0,0,0,0,13,0,0,0,28,0,0
2256,kb/disorders/Cleft_Palate_Proliferative_Retinopathy_And_Developmental_Delay.yaml,"Cleft Palate, Proliferative Retinopathy, and Developmental Delay",64,87,0,0,0,0,0,0,0,0,0,0,13,0,0,0,74,0,0
2257,kb/disorders/DEPDC5-Related_Epilepsy.yaml,DEPDC5-Related Epilepsy,40,52,0,0,0,0,0,0,0,0,0,0,13,0,0,0,39,0,0
2258,kb/disorders/Dilated_Cardiomyopathy_1CC.yaml,Dilated Cardiomyopathy 1CC,70,85,0,0,0,0,0,0,0,0,0,0,13,0,0,0,72,0,0
2259,kb/disorders/Erb_Palsy.yaml,Erb Palsy,62,69,0,0,0,0,0,0,0,0,0,0,13,0,0,0,56,0,0
2260,kb/disorders/Growth_Hormone_Insensitivity_Syndrome.yaml,Growth Hormone Insensitivity Syndrome,55,72,0,0,0,0,0,0,0,0,0,0,13,0,0,0,59,0,0
2261,kb/disorders/Hepatic_Fibrinogen_Storage_Disease.yaml,Hepatic Fibrinogen Storage Disease,32,52,0,0,0,0,0,0,0,0,0,0,13,0,0,0,39,0,0
2262,kb/disorders/Hereditary_Pancreatitis.yaml,Hereditary Pancreatitis,35,41,0,0,0,0,0,0,0,0,0,0,13,0,0,0,28,0,0
2263,kb/disorders/Hereditary_Spastic_Paraplegia_44.yaml,Hereditary Spastic Paraplegia 44,51,64,0,0,0,0,0,0,0,0,0,0,13,0,0,0,51,0,0
2264,kb/disorders/Hypercholanemia_Familial_2.yaml,Hypercholanemia Familial 2,40,53,0,0,0,0,0,0,0,0,0,0,13,0,0,0,40,0,0
2265,kb/disorders/Hypertrophic_Cardiomyopathy_15.yaml,Hypertrophic Cardiomyopathy 15,45,66,0,0,0,0,0,0,0,0,0,0,13,0,0,0,53,0,0
2266,kb/disorders/Hypogonadotropic_Hypogonadism_18_With_Or_Without_Anosmia.yaml,Hypogonadotropic Hypogonadism 18 With or Without Anosmia,49,73,0,0,0,0,0,0,0,0,0,0,13,0,0,0,60,0,0
2267,kb/disorders/Idiopathic_Hypersomnia.yaml,Idiopathic Hypersomnia,33,45,0,0,0,0,0,0,0,0,0,0,13,0,0,0,32,0,0
2268,kb/disorders/Immunodeficiency_89_And_Autoimmunity.yaml,Immunodeficiency 89 and Autoimmunity,34,42,0,0,0,0,0,0,0,0,0,0,13,0,0,0,29,0,0
2269,kb/disorders/Immunodeficiency_96.yaml,Immunodeficiency 96,81,109,0,0,0,0,0,0,0,0,0,0,13,0,0,0,96,0,0
2270,kb/disorders/Inborn_Disorder_of_Methionine_Cycle_and_Sulfur_Amino_Acid_Metabolism.yaml,Inborn Disorder of Methionine Cycle and Sulfur Amino Acid Metabolism,113,128,0,0,0,0,0,0,0,0,0,0,13,0,0,0,115,0,0
2271,kb/disorders/LRBA_Deficiency.yaml,LRBA Deficiency,36,40,0,0,0,0,0,0,0,0,0,0,13,0,0,0,27,0,0
2272,kb/disorders/MBD5_Haploinsufficiency_Syndrome.yaml,MBD5 Haploinsufficiency Syndrome,58,79,0,0,0,0,0,0,0,0,0,0,13,0,0,0,66,0,0
2273,kb/disorders/MECP2_Duplication_Syndrome.yaml,MECP2 Duplication Syndrome,34,46,0,0,0,0,0,0,0,0,0,0,13,0,0,0,33,0,0
2274,kb/disorders/Mesomelic_Dysplasia_Savarirayan_Type.yaml,"Mesomelic Dysplasia, Savarirayan Type",28,35,0,0,0,0,0,0,0,0,0,0,13,0,0,0,22,0,0
2275,kb/disorders/Methylcobalamin_Deficiency_Type_cblE.yaml,Methylcobalamin Deficiency Type cblE,62,113,0,0,0,0,0,0,0,0,0,0,13,0,0,0,100,0,0
2276,kb/disorders/Methylmalonic_Aciduria_cblA_Type.yaml,"Methylmalonic Aciduria, cblA Type",130,173,0,0,0,0,0,0,0,0,0,0,13,0,0,0,160,0,0
2277,kb/disorders/Migraine_with_Aura.yaml,Migraine with aura,46,56,0,0,0,0,0,0,0,0,0,0,13,0,0,0,43,0,0
2278,kb/disorders/Mitochondrial_Spastic_Paraplegia.yaml,Mitochondrial Spastic Paraplegia,28,36,0,0,0,0,0,0,0,0,0,0,13,0,0,0,23,0,0
2279,kb/disorders/Monilethrix.yaml,Monilethrix,34,43,0,0,0,0,0,0,0,0,0,0,13,0,0,0,30,0,0
2280,kb/disorders/Monoclonal_Mast_Cell_Activation_Syndrome.yaml,Monoclonal Mast Cell Activation Syndrome,35,48,0,0,0,0,0,0,0,0,0,0,13,0,0,0,35,0,0
2281,kb/disorders/Neurodevelopmental_Disorder_with_Microcephaly_Impaired_Language_and_Gait_Abnormalities.yaml,"Neurodevelopmental Disorder with Microcephaly, Impaired Language, and Gait Abnormalities",83,124,0,0,0,0,0,0,0,0,0,0,13,0,0,0,111,0,0
2282,kb/disorders/Neuronal_Intranuclear_Inclusion_Disease.yaml,Neuronal Intranuclear Inclusion Disease,52,102,0,0,0,0,0,0,0,0,0,0,13,0,0,0,89,0,0
2283,kb/disorders/Neutrophil_Immunodeficiency_Syndrome.yaml,Neutrophil Immunodeficiency Syndrome,42,51,0,0,0,0,0,0,0,0,0,0,13,0,0,0,38,0,0
2284,kb/disorders/Nontuberculous_Mycobacterial_Lung_Disease.yaml,Nontuberculous Mycobacterial Lung Disease,59,70,0,0,0,0,0,0,0,0,0,0,13,0,0,0,57,0,0
2285,kb/disorders/Osteogenesis_Imperfecta_Type_V.yaml,Osteogenesis Imperfecta Type V,38,44,0,0,0,0,0,0,0,0,0,0,13,0,0,0,31,0,0
2286,kb/disorders/Osteonecrosis.yaml,Osteonecrosis,51,63,0,0,0,0,0,0,0,0,0,0,13,0,0,0,50,0,0
2287,kb/disorders/Pasteurellosis.yaml,Pasteurellosis,36,41,0,0,0,0,0,0,0,0,0,0,13,0,0,0,28,0,0
2288,kb/disorders/Pediatric_Autoimmune_Neuropsychiatric_Disorders_Associated_With_Streptococcal_Infections.yaml,Pediatric Autoimmune Neuropsychiatric Disorders Associated with Streptococcal Infections,25,32,0,0,0,0,0,0,0,0,0,0,13,0,0,0,19,0,0
2289,kb/disorders/Pitt-Hopkins_Syndrome.yaml,Pitt-Hopkins Syndrome,28,34,0,0,0,0,0,0,0,0,0,0,13,0,0,0,21,0,0
2290,kb/disorders/Pituitary_Tumor.yaml,Pituitary Tumor,21,23,0,0,0,0,0,0,0,0,0,0,13,0,0,0,10,0,0
2291,kb/disorders/Progressive_Supranuclear_Palsy.yaml,Progressive Supranuclear Palsy,52,61,0,0,0,0,0,0,0,0,0,0,13,0,0,0,48,0,0
2292,kb/disorders/Pyruvate_Kinase_Deficiency.yaml,Pyruvate Kinase Deficiency,33,40,0,0,0,0,0,0,0,0,0,0,13,0,0,0,27,0,0
2293,kb/disorders/Rhizomelic_Chondrodysplasia_Punctata_Type_5.yaml,Rhizomelic Chondrodysplasia Punctata Type 5,44,46,0,0,0,0,0,0,0,0,0,0,13,0,0,0,33,0,0
2294,kb/disorders/Rickettsialpox.yaml,Rickettsialpox,33,37,0,0,0,0,0,0,0,0,0,0,13,0,0,0,24,0,0
2295,kb/disorders/SLC35A1-Congenital_Disorder_of_Glycosylation.yaml,SLC35A1-Congenital Disorder of Glycosylation,47,56,0,0,0,0,0,0,0,0,0,0,13,0,0,0,43,0,0
2296,kb/disorders/Shashi-Pena_Syndrome.yaml,Shashi-Pena Syndrome,46,58,0,0,0,0,0,0,0,0,0,0,13,0,0,0,45,0,0
2297,kb/disorders/Short_Stature_Microcephaly_and_Endocrine_Dysfunction.yaml,"Short Stature, Microcephaly, and Endocrine Dysfunction",29,33,0,0,0,0,0,0,0,0,0,0,13,0,0,0,20,0,0
2298,kb/disorders/Sjogrens_Syndrome.yaml,Sjogren's Syndrome,59,82,0,0,0,0,0,0,0,0,0,0,13,0,0,0,69,0,0
2299,kb/disorders/Spinocerebellar_Ataxia_Autosomal_Recessive_31.yaml,"Spinocerebellar Ataxia, Autosomal Recessive 31",40,42,0,0,0,0,0,0,0,0,0,0,13,0,0,0,29,0,0
2300,kb/disorders/Spondyloepimetaphyseal_Dysplasia_Faden-Alkuraya_Type.yaml,Spondyloepimetaphyseal Dysplasia Faden-Alkuraya Type,99,122,0,0,0,0,0,0,0,0,0,0,13,0,0,0,109,0,0
2301,kb/disorders/Spondyloepimetaphyseal_Dysplasia_Krakow_Type.yaml,Spondyloepimetaphyseal Dysplasia Krakow Type,27,34,0,0,0,0,0,0,0,0,0,0,13,0,0,0,21,0,0
2302,kb/disorders/Spondylometaphyseal_Dysplasia_with_Cone-Rod_Dystrophy.yaml,Spondylometaphyseal Dysplasia with Cone-Rod Dystrophy,45,54,0,0,0,0,0,0,0,0,0,0,13,0,0,0,41,0,0
2303,kb/disorders/Striate_Palmoplantar_Keratoderma_Type_2.yaml,Striate Palmoplantar Keratoderma Type 2,59,86,0,0,0,0,0,0,0,0,0,0,13,0,0,0,73,0,0
2304,kb/disorders/Thomsen_and_Becker_disease.yaml,Thomsen and Becker disease,47,56,0,0,0,0,0,0,0,0,0,0,13,0,0,0,43,0,0
2305,kb/disorders/Usmani-Riazuddin_Syndrome_Autosomal_Recessive.yaml,"Usmani-Riazuddin Syndrome, Autosomal Recessive",35,35,0,0,0,0,0,0,0,0,0,0,13,0,0,0,22,0,0
2306,kb/disorders/VEXAS_Syndrome.yaml,VEXAS Syndrome,65,85,0,0,0,0,0,0,0,0,0,0,13,0,0,0,72,0,0
2307,kb/disorders/Ventricular_Septal_Defect.yaml,Ventricular Septal Defect,77,101,0,0,0,0,0,0,0,0,0,0,13,0,0,0,88,0,0
2308,kb/disorders/Vitamin_D-Dependent_Rickets_Type_2B.yaml,Vitamin D-Dependent Rickets Type 2B,50,67,0,0,0,0,0,0,0,0,0,0,13,0,0,0,54,0,0
2309,kb/disorders/WHIM_Syndrome_1.yaml,WHIM Syndrome 1,72,99,0,0,0,0,0,0,0,0,0,0,13,0,0,0,86,0,0
2310,kb/disorders/Autosomal_Recessive_Nonsyndromic_Hearing_Loss_97.yaml,Autosomal Recessive Nonsyndromic Hearing Loss 97,41,68,0,0,0,0,0,0,0,0,0,0,12,0,0,0,56,0,0
2311,kb/disorders/EAST_Syndrome.yaml,EAST Syndrome,30,39,0,0,0,0,0,0,0,0,0,0,12,0,0,0,27,0,0
2312,kb/disorders/Esophageal_Adenocarcinoma.yaml,Esophageal Adenocarcinoma,45,52,0,0,0,0,0,0,0,0,0,0,12,0,0,0,40,0,0
2313,kb/disorders/GAPO_Syndrome.yaml,GAPO Syndrome,58,92,0,0,0,0,0,0,0,0,0,0,11,1,0,0,80,0,0
2314,kb/disorders/GNPTG-Mucolipidosis.yaml,GNPTG-Mucolipidosis,42,45,0,0,0,0,0,0,0,0,0,0,12,0,0,0,33,0,0
2315,kb/disorders/Garg-Mishra_Progeroid_Syndrome.yaml,Garg-Mishra Progeroid Syndrome,81,100,0,0,0,0,0,0,0,0,0,0,12,0,0,0,88,0,0
2316,kb/disorders/Glycoprotein_Storage_Disease.yaml,Glycoprotein Storage Disease,28,28,0,0,0,0,0,0,0,0,0,0,12,0,0,0,16,0,0
2317,kb/disorders/Gorham-Stout_disease.yaml,Gorham-Stout disease,22,22,0,0,0,0,0,0,0,0,0,0,12,0,0,0,10,0,0
2318,kb/disorders/Hearing_Loss_Autosomal_Dominant_75.yaml,Hearing Loss Autosomal Dominant 75,33,46,0,0,0,0,0,0,0,0,0,0,12,0,0,0,34,0,0
2319,kb/disorders/Hearing_Loss_Autosomal_Dominant_78.yaml,Hearing Loss Autosomal Dominant 78,28,45,0,0,0,0,0,0,0,0,0,0,12,0,0,0,33,0,0
2320,kb/disorders/Hearing_Loss_Autosomal_Dominant_84.yaml,Hearing Loss Autosomal Dominant 84,41,72,0,0,0,0,0,0,0,0,0,0,12,0,0,0,60,0,0
2321,kb/disorders/Heyn-Sproul-Jackson_syndrome.yaml,Heyn-Sproul-Jackson syndrome,28,30,0,0,0,0,0,0,0,0,0,0,12,0,0,0,18,0,0
2322,kb/disorders/High_Altitude_Pulmonary_Edema.yaml,High Altitude Pulmonary Edema,53,56,0,0,0,0,0,0,0,0,0,0,12,0,0,0,44,0,0
2323,kb/disorders/Human_Papillomavirus_Infection.yaml,Human Papillomavirus Infection,34,40,0,0,0,0,0,0,0,0,0,0,12,0,0,0,28,0,0
2324,kb/disorders/Immunodeficiency_64.yaml,Immunodeficiency 64,51,66,0,0,0,0,0,0,0,0,0,0,12,0,0,0,54,0,0
2325,kb/disorders/Immunodeficiency_76.yaml,Immunodeficiency 76,48,66,0,0,0,0,0,0,0,0,0,0,12,0,0,0,54,0,0
2326,kb/disorders/Immunodeficiency_97_With_Autoinflammation.yaml,Immunodeficiency 97 With Autoinflammation,42,51,0,0,0,0,0,0,0,0,0,0,12,0,0,0,39,0,0
2327,kb/disorders/Intellectual_Developmental_Disorder_Autosomal_Recessive_67.yaml,Intellectual Developmental Disorder Autosomal Recessive 67,55,83,0,0,0,0,0,0,0,0,0,0,12,0,0,0,71,0,0
2328,kb/disorders/Isolated_Sulfite_Oxidase_Deficiency.yaml,Isolated Sulfite Oxidase Deficiency,85,112,0,0,0,0,0,0,0,0,0,0,12,0,0,0,100,0,0
2329,kb/disorders/Jet_Lag.yaml,Jet Lag,31,37,0,0,0,0,0,0,0,0,0,0,12,0,0,0,25,0,0
2330,kb/disorders/Juvenile_Neuronal_Ceroid_Lipofuscinosis.yaml,Juvenile Neuronal Ceroid Lipofuscinosis,79,101,0,0,0,0,0,0,0,0,0,0,12,0,0,0,89,0,0
2331,kb/disorders/KCNH1_Associated_Disorder.yaml,KCNH1 Associated Disorder,72,107,0,0,0,0,0,0,0,0,0,0,12,0,0,0,95,0,0
2332,kb/disorders/Keutel_Syndrome.yaml,Keutel Syndrome,51,55,0,0,0,0,0,0,0,0,0,0,12,0,0,0,43,0,0
2333,kb/disorders/Linear_Skin_Defects_with_Multiple_Congenital_Anomalies_1.yaml,Linear Skin Defects with Multiple Congenital Anomalies 1,44,60,0,0,0,0,0,0,0,0,0,0,12,0,0,0,48,0,0
2334,kb/disorders/MOGAD.yaml,MOGAD,52,65,0,0,0,0,0,0,0,0,0,0,12,0,0,0,53,0,0
2335,kb/disorders/Maroteaux-Lamy_syndrome.yaml,Maroteaux-Lamy syndrome,40,51,0,0,0,0,0,0,0,0,0,0,12,0,0,0,39,0,0
2336,kb/disorders/Mesomelic_Dysplasia_Kantaputra_Type.yaml,"Mesomelic Dysplasia, Kantaputra Type",31,38,0,0,0,0,0,0,0,0,0,0,12,0,0,0,26,0,0
2337,kb/disorders/Mitochondrial_Complex_I_Deficiency_Nuclear_Type_31.yaml,Mitochondrial Complex I Deficiency Nuclear Type 31,44,55,0,0,0,0,0,0,0,0,0,0,12,0,0,0,43,0,0
2338,kb/disorders/Mixed_Neuronal-Glial_Tumor.yaml,Mixed Neuronal-Glial Tumor,30,33,0,0,0,0,0,0,0,0,0,0,12,0,0,0,21,0,0
2339,kb/disorders/Molybdenum_Cofactor_Deficiency_Type_A.yaml,Molybdenum Cofactor Deficiency Type A,46,63,0,0,0,0,0,0,0,0,0,0,12,0,0,0,51,0,0
2340,kb/disorders/Multiple_Acyl-CoA_Dehydrogenase_Deficiency.yaml,Multiple Acyl-CoA Dehydrogenase Deficiency,99,116,0,0,0,0,0,0,0,0,0,0,12,0,0,0,104,0,0
2341,kb/disorders/NF1_Microdeletion_Syndrome.yaml,NF1 Microdeletion Syndrome,29,32,0,0,0,0,0,0,0,0,0,0,12,0,0,0,20,0,0
2342,kb/disorders/Normal_Pressure_Hydrocephalus.yaml,Normal Pressure Hydrocephalus,48,77,0,0,0,0,0,0,0,0,0,0,12,0,0,0,65,0,0
2343,kb/disorders/Optic_Atrophy_13_With_Retinal_And_Foveal_Abnormalities.yaml,Optic Atrophy 13 With Retinal and Foveal Abnormalities,42,56,0,0,0,0,0,0,0,0,0,0,12,0,0,0,44,0,0
2344,kb/disorders/Ovarian_Endometrioid_Carcinoma.yaml,Ovarian Endometrioid Carcinoma,33,36,0,0,0,0,0,0,0,0,0,0,12,0,0,0,24,0,0
2345,kb/disorders/Ovarian_Mucinous_Carcinoma.yaml,Ovarian Mucinous Carcinoma,28,31,0,0,0,0,0,0,0,0,0,0,12,0,0,0,19,0,0
2346,kb/disorders/PAPA_Syndrome.yaml,PAPA Syndrome,40,51,0,0,0,0,0,0,0,0,0,0,12,0,0,0,39,0,0
2347,kb/disorders/Paget_Disease_of_Bone.yaml,Paget Disease of Bone,50,67,0,0,0,0,0,0,0,0,0,0,12,0,0,0,55,0,0
2348,kb/disorders/Paranasal_Sinus_Squamous_Cell_Carcinoma.yaml,Paranasal Sinus Squamous Cell Carcinoma,37,40,0,0,0,0,0,0,0,0,0,0,12,0,0,0,28,0,0
2349,kb/disorders/Paratyphoid_Fever.yaml,Paratyphoid Fever,35,37,0,0,0,0,0,0,0,0,0,0,12,0,0,0,25,0,0
2350,kb/disorders/Paroxysmal_Extreme_Pain_Disorder.yaml,Paroxysmal Extreme Pain Disorder,34,40,0,0,0,0,0,0,0,0,0,0,12,0,0,0,28,0,0
2351,kb/disorders/Pertussis.yaml,Pertussis,36,44,0,0,0,0,0,0,0,0,0,0,12,0,0,0,32,0,0
2352,kb/disorders/Pica.yaml,Pica,36,42,0,0,0,0,0,0,0,0,0,0,12,0,0,0,30,0,0
2353,kb/disorders/Pineoblastoma.yaml,Pineoblastoma,34,43,0,0,0,0,0,0,0,0,0,0,12,0,0,0,31,0,0
2354,kb/disorders/Placenta_Accreta_Spectrum.yaml,Placenta Accreta Spectrum,32,39,0,0,0,0,0,0,0,0,0,0,12,0,0,0,27,0,0
2355,kb/disorders/Progressive_Myoclonic_Epilepsy_Type_7.yaml,Progressive Myoclonic Epilepsy Type 7,38,47,0,0,0,0,0,0,0,0,0,0,12,0,0,0,35,0,0
2356,kb/disorders/Progressive_Myoclonic_Epilepsy_Type_8.yaml,Progressive Myoclonic Epilepsy Type 8,37,45,0,0,0,0,0,0,0,0,0,0,12,0,0,0,33,0,0
2357,kb/disorders/Prolidase_Deficiency.yaml,Prolidase Deficiency,74,90,0,0,0,0,0,0,0,0,0,0,12,0,0,0,78,0,0
2358,kb/disorders/Psoriasis_14_Pustular.yaml,"Psoriasis 14, Pustular",25,32,0,0,0,0,0,0,0,0,0,0,12,0,0,0,20,0,0
2359,kb/disorders/Pulmonary_Hemosiderosis.yaml,Pulmonary Hemosiderosis,60,80,0,0,0,0,0,0,0,0,0,0,12,0,0,0,68,0,0
2360,kb/disorders/Q_Fever.yaml,Q Fever,28,34,0,0,0,0,0,0,0,0,0,0,12,0,0,0,22,0,0
2361,kb/disorders/REM_Sleep_Behavior_Disorder.yaml,REM Sleep Behavior Disorder,27,35,0,0,0,0,0,0,0,0,0,0,12,0,0,0,23,0,0
2362,kb/disorders/Radioulnar_Synostosis_with_Amegakaryocytic_Thrombocytopenia.yaml,Radioulnar Synostosis with Amegakaryocytic Thrombocytopenia,143,214,0,0,0,0,0,0,0,0,0,0,12,0,0,0,202,0,0
2363,kb/disorders/Respiratory_Syncytial_Virus_Infection.yaml,Respiratory Syncytial Virus Infection,19,23,0,0,0,0,0,0,0,0,0,0,12,0,0,0,11,0,0
2364,kb/disorders/Rhinoscleroma.yaml,Rhinoscleroma,40,41,0,0,0,0,0,0,0,0,0,0,12,0,0,0,29,0,0
2365,kb/disorders/SCO2-Related_Fatal_Infantile_Cardioencephalomyopathy.yaml,SCO2-Related Fatal Infantile Cardioencephalomyopathy,31,44,0,0,0,0,0,0,0,0,0,0,12,0,0,0,32,0,0
2366,kb/disorders/Satoyoshi_Syndrome.yaml,Satoyoshi Syndrome,54,88,0,0,0,0,0,0,0,0,0,0,12,0,0,0,76,0,0
2367,kb/disorders/Scapuloperoneal_Spinal_Muscular_Atrophy.yaml,Scapuloperoneal Spinal Muscular Atrophy,28,38,0,0,0,0,0,0,0,0,0,0,12,0,0,0,26,0,0
2368,kb/disorders/Schwartz-Jampel_Syndrome.yaml,Schwartz-Jampel Syndrome,92,117,0,0,0,0,0,0,0,0,0,0,12,0,0,0,105,0,0
2369,kb/disorders/Self-Limited_Epilepsy_with_Autonomic_Seizures.yaml,Self-Limited Epilepsy with Autonomic Seizures,46,65,0,0,0,0,0,0,0,0,0,0,12,0,0,0,53,0,0
2370,kb/disorders/Self-Limited_Epilepsy_with_Centrotemporal_Spikes.yaml,Self-Limited Epilepsy with Centrotemporal Spikes,44,66,0,0,0,0,0,0,0,0,0,0,12,0,0,0,54,0,0
2371,kb/disorders/Sengers_syndrome.yaml,Sengers syndrome,45,60,0,0,0,0,0,0,0,0,0,0,12,0,0,0,48,0,0
2372,kb/disorders/Sinoatrial_Node_Dysfunction_and_Deafness.yaml,Sinoatrial Node Dysfunction and Deafness,57,92,0,0,0,0,0,0,0,0,0,0,12,0,0,0,80,0,0
2373,kb/disorders/Sorbitol_Dehydrogenase_Deficiency.yaml,Sorbitol Dehydrogenase Deficiency,82,118,0,0,0,0,0,0,0,0,0,0,12,0,0,0,106,0,0
2374,kb/disorders/Spastic_Paraplegia_89_Autosomal_Recessive.yaml,Spastic Paraplegia 89 Autosomal Recessive,53,59,0,0,0,0,0,0,0,0,0,0,12,0,0,0,47,0,0
2375,kb/disorders/Spinocerebellar_Ataxia_Type_2.yaml,Spinocerebellar Ataxia Type 2,56,69,0,0,0,0,0,0,0,0,0,0,12,0,0,0,57,0,0
2376,kb/disorders/Thyroid_Dyshormonogenesis_5.yaml,Thyroid dyshormonogenesis 5,31,41,0,0,0,0,0,0,0,0,0,0,12,0,0,0,29,0,0
2377,kb/disorders/Trichohepatoenteric_Syndrome.yaml,Trichohepatoenteric Syndrome,50,65,0,0,0,0,0,0,0,0,0,0,12,0,0,0,53,0,0
2378,kb/disorders/X-linked_Dominant_Chondrodysplasia_Chassaing-Lacombe_Type.yaml,X-linked Dominant Chondrodysplasia Chassaing-Lacombe Type,40,55,0,0,0,0,0,0,0,0,0,0,12,0,0,0,43,0,0
2379,kb/disorders/Yolk_Sac_Tumor.yaml,Yolk Sac Tumor,74,97,0,0,0,0,0,0,0,0,0,0,12,0,0,0,85,0,0
2380,kb/disorders/Dental_Caries.yaml,Dental Caries,32,43,0,0,0,0,0,0,0,0,0,0,11,0,0,0,32,0,0
2381,kb/disorders/Diabetic_Retinopathy.yaml,Diabetic Retinopathy,38,49,0,0,0,0,0,0,0,0,0,0,11,0,0,0,38,0,0
2382,kb/disorders/Dilated_Cardiomyopathy_1II.yaml,Dilated Cardiomyopathy 1II,60,78,0,0,0,0,0,0,0,0,0,0,11,0,0,0,67,0,0
2383,kb/disorders/Dilated_Cardiomyopathy_2A.yaml,Dilated Cardiomyopathy 2A,53,76,0,0,0,0,0,0,0,0,0,0,11,0,0,0,65,0,0
2384,kb/disorders/EDN3_EDNRB_Waardenburg_Shah.yaml,EDN3/EDNRB Waardenburg-Shah,25,28,0,0,0,0,0,0,0,0,0,0,11,0,0,0,17,0,0
2385,kb/disorders/Endometrial_Endometrioid_Adenocarcinoma.yaml,Endometrial Endometrioid Adenocarcinoma,47,48,0,0,0,0,0,0,0,0,0,0,11,0,0,0,37,0,0
2386,kb/disorders/Focal_Articular_Cartilage_Defect_of_the_Knee.yaml,Focal Articular Cartilage Defect of the Knee,23,26,0,0,0,0,0,0,0,0,0,0,11,0,0,0,15,0,0
2387,kb/disorders/Glycogen_Storage_Disease_Due_to_Muscle_Beta-Enolase_Deficiency.yaml,Glycogen Storage Disease Due to Muscle Beta-Enolase Deficiency,35,54,0,0,0,0,0,0,0,0,0,0,11,0,0,0,43,0,0
2388,kb/disorders/Glycogen_Storage_Disease_Type_IX.yaml,Glycogen Storage Disease Type IX,86,120,0,0,0,0,0,0,0,0,0,0,11,0,0,0,109,0,0
2389,kb/disorders/Granulomatosis_with_Polyangiitis.yaml,Granulomatosis with Polyangiitis,101,116,0,0,0,0,0,0,0,0,0,0,11,0,0,0,105,0,0
2390,kb/disorders/Green_Tobacco_Sickness.yaml,Green Tobacco Sickness,55,65,0,0,0,0,0,0,0,0,0,0,11,0,0,0,54,0,0
2391,kb/disorders/HER2_Positive_Colorectal_Cancer.yaml,HER2-Positive Colorectal Cancer,26,26,0,0,0,0,0,0,0,0,0,0,11,0,0,0,15,0,0
2392,kb/disorders/Hearing_Loss_Autosomal_Recessive_120.yaml,Hearing Loss Autosomal Recessive 120,42,78,0,0,0,0,0,0,0,0,0,0,11,0,0,0,67,0,0
2393,kb/disorders/Hereditary_Hemorrhagic_Telangiectasia_Type_1.yaml,Hereditary Hemorrhagic Telangiectasia Type 1,75,118,0,0,0,0,0,0,0,0,0,0,11,0,0,0,107,0,0
2394,kb/disorders/Hereditary_Leiomyomatosis_and_Renal_Cell_Cancer.yaml,Hereditary Leiomyomatosis and Renal Cell Cancer,31,41,0,0,0,0,0,0,0,0,0,0,11,0,0,0,30,0,0
2395,kb/disorders/Hereditary_von_Willebrand_Disease.yaml,Hereditary von Willebrand Disease,38,63,0,0,0,0,0,0,0,0,0,0,11,0,0,0,52,0,0
2396,kb/disorders/Hypercatabolic_Hypoproteinemia.yaml,Hypercatabolic Hypoproteinemia,46,73,0,0,0,0,0,0,0,0,0,0,11,0,0,0,62,0,0
2397,kb/disorders/Hypertrophic_Cardiomyopathy_2.yaml,Hypertrophic Cardiomyopathy 2,33,57,0,0,0,0,0,0,0,0,0,0,11,0,0,0,46,0,0
2398,kb/disorders/Hypochondrogenesis.yaml,Hypochondrogenesis,63,83,0,0,0,0,0,0,0,0,0,0,11,0,0,0,72,0,0
2399,kb/disorders/Hypotrichosis_4.yaml,Hypotrichosis 4,56,82,0,0,0,0,0,0,0,0,0,0,11,0,0,0,71,0,0
2400,kb/disorders/IFAP_Syndrome_1.yaml,IFAP Syndrome 1,47,63,0,0,0,0,0,0,0,0,0,0,11,0,0,0,52,0,0
2401,kb/disorders/Immunodeficiency_101_Varicella_Zoster_Virus-specific.yaml,Immunodeficiency 101 (Varicella Zoster Virus-Specific),65,95,0,0,0,0,0,0,0,0,0,0,11,0,0,0,84,0,0
2402,kb/disorders/Immunodeficiency_102.yaml,Immunodeficiency 102,69,93,0,0,0,0,0,0,0,0,0,0,11,0,0,0,82,0,0
2403,kb/disorders/Incontinentia_Pigmenti.yaml,Incontinentia Pigmenti,51,66,0,0,0,0,0,0,0,0,0,0,11,0,0,0,55,0,0
2404,kb/disorders/Intellectual_Disability_Autosomal_Recessive_65.yaml,Intellectual Disability Autosomal Recessive 65,54,76,0,0,0,0,0,0,0,0,0,0,11,0,0,0,65,0,0
2405,kb/disorders/Intracranial_Berry_Aneurysm.yaml,Intracranial berry aneurysm,31,32,0,0,0,0,0,0,0,0,0,0,11,0,0,0,21,0,0
2406,kb/disorders/Juvenile-Onset_Diabetes_Mellitus_with_Central_and_Peripheral_Neurodegeneration.yaml,Juvenile-Onset Diabetes Mellitus With Central and Peripheral Neurodegeneration,86,118,0,0,0,0,0,0,0,0,0,0,11,0,0,0,107,0,0
2407,kb/disorders/Left_Ventricular_Noncompaction.yaml,Left ventricular noncompaction,46,64,0,0,0,0,0,0,0,0,0,0,11,0,0,0,53,0,0
2408,kb/disorders/Leiomyosarcoma.yaml,Leiomyosarcoma,31,32,0,0,0,0,0,0,0,0,0,0,11,0,0,0,21,0,0
2409,kb/disorders/Lenz-Majewski_hyperostotic_dwarfism.yaml,Lenz-Majewski hyperostotic dwarfism,47,50,0,0,0,0,0,0,0,0,0,0,11,0,0,0,39,0,0
2410,kb/disorders/Leprosy.yaml,Leprosy,41,44,0,0,0,0,0,0,0,0,0,0,11,0,0,0,33,0,0
2411,kb/disorders/Lupus_Nephritis.yaml,Lupus Nephritis,58,69,0,0,0,0,0,0,0,0,0,0,11,0,0,0,58,0,0
2412,kb/disorders/MEND_Syndrome.yaml,MEND Syndrome,48,65,0,0,0,0,0,0,0,0,0,0,11,0,0,0,54,0,0
2413,kb/disorders/Maculopapular_Cutaneous_Mastocytosis.yaml,Maculopapular Cutaneous Mastocytosis,32,48,0,0,0,0,0,0,0,0,0,0,11,0,0,0,37,0,0
2414,kb/disorders/McKusick-Kaufman_Syndrome.yaml,McKusick-Kaufman syndrome,34,48,0,0,0,0,0,0,0,0,0,0,11,0,0,0,37,0,0
2415,kb/disorders/Microcephaly_Short_Stature_and_Impaired_Glucose_Metabolism_1.yaml,"Microcephaly, Short Stature, and Impaired Glucose Metabolism 1",101,160,0,0,0,0,0,0,0,0,0,0,11,0,0,0,149,0,0
2416,kb/disorders/Microscopic_Polyangiitis.yaml,Microscopic Polyangiitis,54,63,0,0,0,0,0,0,0,0,0,0,11,0,0,0,52,0,0
2417,kb/disorders/Mitochondrial_Complex_I_Deficiency_Nuclear_Type_12.yaml,"Mitochondrial Complex I Deficiency, Nuclear Type 12",35,44,0,0,0,0,0,0,0,0,0,0,11,0,0,0,33,0,0
2418,kb/disorders/Mowat-Wilson_syndrome.yaml,Mowat-Wilson syndrome,37,47,0,0,0,0,0,0,0,0,0,0,11,0,0,0,36,0,0
2419,kb/disorders/Moyamoya_Disease.yaml,Moyamoya Disease,46,61,0,0,0,0,0,0,0,0,0,0,11,0,0,0,50,0,0
2420,kb/disorders/Multiple_Epiphyseal_Dysplasia.yaml,Multiple Epiphyseal Dysplasia,51,67,0,0,0,0,0,0,0,0,0,0,11,0,0,0,56,0,0
2421,kb/disorders/Myiasis.yaml,Myiasis,136,209,0,0,0,0,0,0,0,0,0,0,11,0,0,0,198,0,0
2422,kb/disorders/NRAS_Mutant_Melanoma.yaml,NRAS Mutant Melanoma,23,29,0,0,0,0,0,0,0,0,0,0,11,0,0,0,18,0,0
2423,kb/disorders/Neutral_Lipid_Storage_Myopathy.yaml,Neutral Lipid Storage Myopathy,23,24,0,0,0,0,0,0,0,0,0,0,11,0,0,0,13,0,0
2424,kb/disorders/Opitz_GBBB_Syndrome.yaml,Opitz G/BBB syndrome,34,39,0,0,0,0,0,0,0,0,0,0,11,0,0,0,28,0,0
2425,kb/disorders/Peroxisome_Biogenesis_Disorder_4A_Zellweger.yaml,Peroxisome Biogenesis Disorder 4A (Zellweger),52,66,0,0,0,0,0,0,0,0,0,0,11,0,0,0,55,0,0
2426,kb/disorders/Pfeiffer_Syndrome.yaml,Pfeiffer Syndrome,50,70,0,0,0,0,0,0,0,0,0,0,11,0,0,0,59,0,0
2427,kb/disorders/Pneumococcal_Pneumonia.yaml,Pneumococcal Pneumonia,20,22,0,0,0,0,0,0,0,0,0,0,11,0,0,0,11,0,0
2428,kb/disorders/Primary_Sclerosing_Cholangitis.yaml,Primary Sclerosing Cholangitis,27,28,0,0,0,0,0,0,0,0,0,0,11,0,0,0,17,0,0
2429,kb/disorders/Pyomyositis.yaml,Pyomyositis,28,37,0,0,0,0,0,0,0,0,0,0,11,0,0,0,26,0,0
2430,kb/disorders/Quebec_Platelet_Disorder.yaml,Quebec Platelet Disorder,44,57,0,0,0,0,0,0,0,0,0,0,11,0,0,0,46,0,0
2431,kb/disorders/Rhinovirus_Infection.yaml,Rhinovirus Infection,13,14,0,0,0,0,0,0,0,0,0,0,11,0,0,0,3,0,0
2432,kb/disorders/Robinow_Syndrome_Autosomal_Recessive_2.yaml,"Robinow Syndrome, Autosomal Recessive 2",23,24,0,0,0,0,0,0,0,0,0,0,11,0,0,0,13,0,0
2433,kb/disorders/SOX10_Neurocristopathy_Spectrum.yaml,SOX10 Neurocristopathy Spectrum,26,30,0,0,0,0,0,0,0,0,0,0,11,0,0,0,19,0,0
2434,kb/disorders/Saethre-Chotzen_Syndrome.yaml,Saethre-Chotzen Syndrome,24,28,0,0,0,0,0,0,0,0,0,0,11,0,0,0,17,0,0
2435,kb/disorders/Secondary_Hypertension.yaml,Secondary Hypertension,20,25,0,0,0,0,0,0,0,0,0,0,11,0,0,0,14,0,0
2436,kb/disorders/Small_Intestinal_Bacterial_Overgrowth.yaml,Small Intestinal Bacterial Overgrowth,26,35,0,0,0,0,0,0,0,0,0,0,11,0,0,0,24,0,0
2437,kb/disorders/Spondyloepimetaphyseal_Dysplasia_Maroteaux_Type.yaml,Spondyloepimetaphyseal Dysplasia Maroteaux Type,38,45,0,0,0,0,0,0,0,0,0,0,11,0,0,0,34,0,0
2438,kb/disorders/Steel_Syndrome.yaml,Steel Syndrome,89,118,0,0,0,0,0,0,0,0,0,0,11,0,0,0,107,0,0
2439,kb/disorders/Subcutaneous_Panniculitis-like_T-cell_Lymphoma.yaml,Subcutaneous Panniculitis-like T-cell Lymphoma,50,77,0,0,0,0,0,0,0,0,0,0,11,0,0,0,66,0,0
2440,kb/disorders/TRIO-Related_Neurodevelopmental_Disorder.yaml,TRIO-Related Neurodevelopmental Disorder,33,39,0,0,0,0,0,0,0,0,0,0,11,0,0,0,28,0,0
2441,kb/disorders/Unicentric_Castleman_Disease.yaml,Unicentric Castleman Disease,45,60,0,0,0,0,0,0,0,0,0,0,11,0,0,0,49,0,0
2442,kb/disorders/Unverricht-Lundborg_Disease.yaml,Unverricht-Lundborg Disease,65,91,0,0,0,0,0,0,0,0,0,0,11,0,0,0,80,0,0
2443,kb/disorders/neuroferritinopathy.yaml,neuroferritinopathy,39,54,0,0,0,0,0,0,0,0,0,0,11,0,0,0,43,0,0
2444,kb/disorders/Agoraphobia.yaml,Agoraphobia,33,36,0,0,0,0,0,0,0,0,0,0,10,0,0,0,26,0,0
2445,kb/disorders/Baraitser-Winter_Cerebrofrontofacial_Syndrome.yaml,Baraitser-Winter Cerebrofrontofacial Syndrome,227,268,0,0,0,0,0,0,0,0,0,0,10,0,0,0,258,0,0
2446,kb/disorders/Congenital_Hypothyroidism.yaml,Congenital Hypothyroidism,84,110,0,0,0,0,0,0,0,0,0,0,10,0,0,0,100,0,0
2447,kb/disorders/Congenital_Stationary_Night_Blindness.yaml,Congenital Stationary Night Blindness,73,109,0,0,0,0,0,0,0,0,0,0,10,0,0,0,99,0,0
2448,kb/disorders/Dentici-Novelli_neurodevelopmental_syndrome.yaml,Dentici-Novelli neurodevelopmental syndrome,30,34,0,0,0,0,0,0,0,0,0,0,10,0,0,0,24,0,0
2449,kb/disorders/Dilated_Cardiomyopathy_1DD.yaml,Dilated Cardiomyopathy 1DD,25,36,0,0,0,0,0,0,0,0,0,0,10,0,0,0,26,0,0
2450,kb/disorders/Distal_Hereditary_Motor_Neuronopathy_Type_2A.yaml,Distal Hereditary Motor Neuronopathy Type 2A,37,49,0,0,0,0,0,0,0,0,0,0,10,0,0,0,39,0,0
2451,kb/disorders/Distal_Hereditary_Motor_Neuronopathy_Type_9.yaml,Distal Hereditary Motor Neuronopathy Type 9,37,51,0,0,0,0,0,0,0,0,0,0,10,0,0,0,41,0,0
2452,kb/disorders/Embryonal_Rhabdomyosarcoma.yaml,Embryonal Rhabdomyosarcoma,34,49,0,0,0,0,0,0,0,0,0,0,10,0,0,0,39,0,0
2453,kb/disorders/Epilepsy_of_Infancy_with_Migrating_Focal_Seizures.yaml,Epilepsy of Infancy with Migrating Focal Seizures,48,48,0,0,0,0,0,0,0,0,0,0,10,0,0,0,38,0,0
2454,kb/disorders/FLNA_Intestinal_Pseudoobstruction.yaml,FLNA Intestinal Pseudoobstruction,16,19,0,0,0,0,0,0,0,0,0,0,10,0,0,0,9,0,0
2455,kb/disorders/GRIN2B-Related_Developmental_and_Epileptic_Encephalopathy.yaml,GRIN2B-Related Developmental and Epileptic Encephalopathy,38,41,0,0,0,0,0,0,0,0,0,0,10,0,0,0,31,0,0
2456,kb/disorders/Glycogen_Storage_Disease_Type_VI.yaml,Glycogen Storage Disease Type VI,46,54,0,0,0,0,0,0,0,0,0,0,10,0,0,0,44,0,0
2457,kb/disorders/Greenberg_Dysplasia.yaml,Greenberg Dysplasia,40,44,0,0,0,0,0,0,0,0,0,0,10,0,0,0,34,0,0
2458,kb/disorders/Guillain_Barre_Syndrome.yaml,Guillain-Barre Syndrome,44,50,0,0,0,0,0,0,0,0,0,0,10,0,0,0,40,0,0
2459,kb/disorders/Hearing_Loss_Autosomal_Dominant_76.yaml,Hearing Loss Autosomal Dominant 76,39,72,0,0,0,0,0,0,0,0,0,0,10,0,0,0,62,0,0
2460,kb/disorders/Hepatitis_A.yaml,Hepatitis A,25,30,0,0,0,0,0,0,0,0,0,0,10,0,0,0,20,0,0
2461,kb/disorders/Hereditary_Sensory_and_Autonomic_Neuropathy_Type_6.yaml,Hereditary Sensory and Autonomic Neuropathy Type 6,64,78,0,0,0,0,0,0,0,0,0,0,10,0,0,0,68,0,0
2462,kb/disorders/Human_Metapneumovirus_Infection.yaml,Human Metapneumovirus Infection,19,20,0,0,0,0,0,0,0,0,0,0,10,0,0,0,10,0,0
2463,kb/disorders/Huppke-Brendel_syndrome.yaml,Huppke-Brendel syndrome,45,45,0,0,0,0,0,0,0,0,0,0,10,0,0,0,35,0,0
2464,kb/disorders/Hurler_syndrome.yaml,Hurler syndrome,70,84,0,0,0,0,0,0,0,0,0,0,10,0,0,0,74,0,0
2465,kb/disorders/IgG4-Related_Disease.yaml,IgG4-Related Disease,167,226,0,0,0,0,0,0,0,0,0,0,10,0,0,0,216,0,0
2466,kb/disorders/Immunodeficiency_131.yaml,Immunodeficiency 131,44,53,0,0,0,0,0,0,0,0,0,0,10,0,0,0,43,0,0
2467,kb/disorders/Immunodeficiency_63_with_Lymphoproliferation_and_Autoimmunity.yaml,Immunodeficiency 63 with Lymphoproliferation and Autoimmunity,59,75,0,0,0,0,0,0,0,0,0,0,10,0,0,0,65,0,0
2468,kb/disorders/Immunodeficiency_70.yaml,Immunodeficiency 70,21,26,0,0,0,0,0,0,0,0,0,0,10,0,0,0,16,0,0
2469,kb/disorders/Immunodeficiency_Common_Variable_4.yaml,Immunodeficiency Common Variable 4,33,49,0,0,0,0,0,0,0,0,0,0,10,0,0,0,39,0,0
2470,kb/disorders/Juvenile_Idiopathic_Arthritis.yaml,Juvenile Idiopathic Arthritis,65,81,0,0,0,0,0,0,0,0,0,0,10,0,0,0,71,0,0
2471,kb/disorders/KLC4-Related_Early-Childhood-Onset_Neurodegeneration.yaml,KLC4-Related Early-Childhood-Onset Neurodegeneration,34,51,0,0,0,0,0,0,0,0,0,0,10,0,0,0,41,0,0
2472,kb/disorders/KRT1_Keratinopathies.yaml,KRT1 Keratinopathies,34,41,0,0,0,0,0,0,0,0,0,0,10,0,0,0,31,0,0
2473,kb/disorders/KRT74_Ectodermal_Dysplasia.yaml,KRT74-Related Pure Hair-Nail Ectodermal Dysplasia,21,23,0,0,0,0,0,0,0,0,0,0,10,0,0,0,13,0,0
2474,kb/disorders/Karyomegalic_Interstitial_Nephritis.yaml,Karyomegalic Interstitial Nephritis,51,70,0,0,0,0,0,0,0,0,0,0,10,0,0,0,60,0,0
2475,kb/disorders/Kindler_Epidermolysis_Bullosa.yaml,Kindler Epidermolysis Bullosa,45,82,0,0,0,0,0,0,0,0,0,0,10,0,0,0,72,0,0
2476,kb/disorders/Leber_Hereditary_Optic_Neuropathy.yaml,Leber Hereditary Optic Neuropathy,85,150,0,0,0,0,0,0,0,0,0,0,10,0,0,0,140,0,0
2477,kb/disorders/Malignant_Atrophic_Papulosis.yaml,Malignant Atrophic Papulosis,25,35,0,0,0,0,0,0,0,0,0,0,10,0,0,0,25,0,0
2478,kb/disorders/Marchiafava_Bignami_Disease.yaml,Marchiafava-Bignami Disease,34,49,0,0,0,0,0,0,0,0,0,0,10,0,0,0,39,0,0
2479,kb/disorders/Mendelian_Susceptibility_To_Mycobacterial_Diseases_Due_To_Complete_IL12B_Deficiency.yaml,Mendelian Susceptibility To Mycobacterial Diseases Due To Complete IL12B Deficiency,41,54,0,0,0,0,0,0,0,0,0,0,10,0,0,0,44,0,0
2480,kb/disorders/Mitochondrial_Complex_II_Deficiency_Nuclear_Type_1.yaml,"Mitochondrial Complex II Deficiency, Nuclear Type 1",31,36,0,0,0,0,0,0,0,0,0,0,10,0,0,0,26,0,0
2481,kb/disorders/Mitochondrial_Complex_I_Deficiency_Nuclear_Type_23.yaml,Mitochondrial Complex I Deficiency Nuclear Type 23,42,71,0,0,0,0,0,0,0,0,0,0,10,0,0,0,61,0,0
2482,kb/disorders/Multiminicore_Disease.yaml,Multiminicore Disease,51,68,0,0,0,0,0,0,0,0,0,0,10,0,0,0,58,0,0
2483,kb/disorders/Neuromyelitis_Optica.yaml,Neuromyelitis Optica,47,65,0,0,0,0,0,0,0,0,0,0,10,0,0,0,55,0,0
2484,kb/disorders/Neuronal_Ceroid_Lipofuscinosis_7.yaml,Neuronal Ceroid Lipofuscinosis 7,53,68,0,0,0,0,0,0,0,0,0,0,10,0,0,0,58,0,0
2485,kb/disorders/Osmotic_Demyelination_Syndrome.yaml,Osmotic Demyelination Syndrome,26,37,0,0,0,0,0,0,0,0,0,0,10,0,0,0,27,0,0
2486,kb/disorders/Osteogenesis_Imperfecta_Type_XXI.yaml,Osteogenesis Imperfecta Type XXI,24,30,0,0,0,0,0,0,0,0,0,0,10,0,0,0,20,0,0
2487,kb/disorders/PUS7-Related_Neurodevelopmental_Disorder.yaml,PUS7-Related Neurodevelopmental Disorder,101,135,0,0,0,0,0,0,0,0,0,0,10,0,0,0,125,0,0
2488,kb/disorders/Plasma_Cell_Neoplasm.yaml,Plasma Cell Neoplasm,45,48,0,0,0,0,0,0,0,0,0,0,10,0,0,0,38,0,0
2489,kb/disorders/Platelet-type_Bleeding_Disorder_19.yaml,Platelet-type Bleeding Disorder 19,27,33,0,0,0,0,0,0,0,0,0,0,10,0,0,0,23,0,0
2490,kb/disorders/Pleuropulmonary_Blastoma.yaml,Pleuropulmonary Blastoma,44,52,0,0,0,0,0,0,0,0,0,0,10,0,0,0,42,0,0
2491,kb/disorders/Pompe_Disease.yaml,Pompe Disease,71,104,0,0,0,0,0,0,0,0,0,0,10,0,0,0,94,0,0
2492,kb/disorders/Posterior_Myocardial_Infarction.yaml,Posterior Myocardial Infarction,26,34,0,0,0,0,0,0,0,0,0,0,10,0,0,0,24,0,0
2493,kb/disorders/Postinfectious_Vasculitis.yaml,Postinfectious Vasculitis,31,32,0,0,0,0,0,0,0,0,0,0,10,0,0,0,22,0,0
2494,kb/disorders/Premenstrual_Dysphoric_Disorder.yaml,Premenstrual Dysphoric Disorder,55,69,0,0,0,0,0,0,0,0,0,0,10,0,0,0,59,0,0
2495,kb/disorders/RCBTB1-Related_Retinopathy.yaml,RCBTB1-Related Retinopathy,26,36,0,0,0,0,0,0,0,0,0,0,10,0,0,0,26,0,0
2496,kb/disorders/Rasmussen_Encephalitis.yaml,Rasmussen Encephalitis,49,77,0,0,0,0,0,0,0,0,0,0,10,0,0,0,67,0,0
2497,kb/disorders/STRA6-related_syndromic_microphthalmia.yaml,STRA6-related syndromic microphthalmia,34,39,0,0,0,0,0,0,0,0,0,0,10,0,0,0,29,0,0
2498,kb/disorders/SYN1-Related_Disorder.yaml,SYN1-Related Neurodevelopmental Disorder,17,17,0,0,0,0,0,0,0,0,0,0,10,0,0,0,7,0,0
2499,kb/disorders/SYT1_Baker-Gordon_Syndrome.yaml,SYT1-Associated Neurodevelopmental Disorder,26,31,0,0,0,0,0,0,0,0,0,0,10,0,0,0,21,0,0
2500,kb/disorders/Sea-Blue_Histiocyte_Syndrome.yaml,Sea-Blue Histiocyte Syndrome,33,36,0,0,0,0,0,0,0,0,0,0,10,0,0,0,26,0,0
2501,kb/disorders/Siberian_Tick_Typhus.yaml,Siberian Tick Typhus,30,33,0,0,0,0,0,0,0,0,0,0,10,0,0,0,23,0,0
2502,kb/disorders/TGFBI_Corneal_Dystrophies.yaml,TGFBI Corneal Dystrophies,33,42,0,0,0,0,0,0,0,0,0,0,10,0,0,0,32,0,0
2503,kb/disorders/THUMPD1-Related_Neurodevelopmental_Disorder.yaml,THUMPD1-Related Neurodevelopmental Disorder with Speech Delay and Variable Ocular Anomalies,26,30,0,0,0,0,0,0,0,0,0,0,10,0,0,0,20,0,0
2504,kb/disorders/TUBB2A_TUBB2B-related_Cortical_Malformation.yaml,TUBB2A/TUBB2B-related Cortical Malformation,73,92,0,0,0,0,0,0,0,0,0,0,10,0,0,0,82,0,0
2505,kb/disorders/Tay-Sachs_Disease.yaml,Tay-Sachs Disease,167,250,0,0,0,0,0,0,0,0,0,0,10,0,0,0,240,0,0
2506,kb/disorders/Tooth_and_Nail_Syndrome.yaml,Tooth and Nail Syndrome,30,30,0,0,0,0,0,0,0,0,0,0,10,0,0,0,20,0,0
2507,kb/disorders/Uveal_Coloboma-Cleft_Lip_and_Palate-Intellectual_Disability_Syndrome.yaml,Uveal Coloboma-Cleft Lip and Palate-Intellectual Disability Syndrome,62,95,0,0,0,0,0,0,0,0,0,0,10,0,0,0,85,0,0
2508,kb/disorders/Viral_Hemorrhagic_Fever.yaml,Viral Hemorrhagic Fever,58,68,0,0,0,0,0,0,0,0,0,0,10,0,0,0,58,0,0
2509,kb/disorders/X-linked_Chondrodysplasia_Punctata_1.yaml,X-linked Chondrodysplasia Punctata 1,44,53,0,0,0,0,0,0,0,0,0,0,10,0,0,0,43,0,0
2510,kb/disorders/angioosteohypertrophic_syndrome.yaml,angioosteohypertrophic syndrome,24,24,0,0,0,0,0,0,0,0,0,0,10,0,0,0,14,0,0
2511,kb/disorders/capillary_leak_syndrome.yaml,capillary leak syndrome,22,22,0,0,0,0,0,0,0,0,0,0,10,0,0,0,12,0,0
2512,kb/disorders/pseudotumor_cerebri.yaml,pseudotumor cerebri,99,118,0,0,0,0,0,0,0,0,0,0,10,0,0,0,108,0,0
2513,kb/disorders/Autosomal_Recessive_Nonsyndromic_Hearing_Loss_22.yaml,Autosomal Recessive Nonsyndromic Hearing Loss 22,42,67,0,0,0,0,0,0,0,0,0,0,9,0,0,0,58,0,0
2514,kb/disorders/Autosomal_Recessive_Nonsyndromic_Hearing_Loss_88.yaml,Autosomal Recessive Nonsyndromic Hearing Loss 88,67,85,0,0,0,0,0,0,0,0,0,0,9,0,0,0,76,0,0
2515,kb/disorders/Coronary_Vasospasm.yaml,Coronary Vasospasm,39,45,0,0,0,0,0,0,0,0,0,0,9,0,0,0,36,0,0
2516,kb/disorders/Craniometadiaphyseal_Osteosclerosis_With_Hip_Dysplasia.yaml,Craniometadiaphyseal Osteosclerosis with Hip Dysplasia,45,56,0,0,0,0,0,0,0,0,0,0,9,0,0,0,47,0,0
2517,kb/disorders/Dilated_Cardiomyopathy_1NN.yaml,Dilated Cardiomyopathy 1NN,30,44,0,0,0,0,0,0,0,0,0,0,9,0,0,0,35,0,0
2518,kb/disorders/Ectodermal_Dysplasia_and_Immunodeficiency_2.yaml,Ectodermal Dysplasia and Immunodeficiency 2,30,43,0,0,0,0,0,0,0,0,0,0,9,0,0,0,34,0,0
2519,kb/disorders/Empty_Nose_Syndrome.yaml,Empty Nose Syndrome,41,69,0,0,0,0,0,0,0,0,0,0,9,0,0,0,60,0,0
2520,kb/disorders/Endomyocardial_Fibrosis.yaml,Endomyocardial Fibrosis,121,154,0,0,0,0,0,0,0,0,0,0,9,0,0,0,145,0,0
2521,kb/disorders/Epilepsy_with_Myoclonic_Atonic_Seizures.yaml,Epilepsy with Myoclonic-Atonic Seizures,43,44,0,0,0,0,0,0,0,0,0,0,9,0,0,0,35,0,0
2522,kb/disorders/Fabry_Disease.yaml,Fabry disease,145,184,0,0,0,0,0,0,0,0,0,0,9,0,0,0,175,0,0
2523,kb/disorders/Fanconi_Renotubular_Syndrome.yaml,Fanconi Renotubular Syndrome,47,52,0,0,0,0,0,0,0,0,0,0,9,0,0,0,43,0,0
2524,kb/disorders/Hearing_Loss_Autosomal_Recessive_100.yaml,Hearing Loss Autosomal Recessive 100,34,42,0,0,0,0,0,0,0,0,0,0,9,0,0,0,33,0,0
2525,kb/disorders/Hereditary_Angioedema.yaml,Hereditary Angioedema,131,172,0,0,0,0,0,0,0,0,0,0,9,0,0,0,163,0,0
2526,kb/disorders/Hereditary_Arterial_and_Articular_Multiple_Calcification_Syndrome.yaml,Hereditary Arterial and Articular Multiple Calcification Syndrome,29,34,0,0,0,0,0,0,0,0,0,0,9,0,0,0,25,0,0
2527,kb/disorders/Hidradenitis_Suppurativa.yaml,Hidradenitis Suppurativa,109,152,0,0,0,0,0,0,0,0,0,0,9,0,0,0,143,0,0
2528,kb/disorders/Homocystinuria.yaml,Homocystinuria,152,183,0,0,0,0,0,0,0,0,0,0,9,0,0,0,174,0,0
2529,kb/disorders/Hyperinsulinemic_Hypoglycemia.yaml,Hyperinsulinemic Hypoglycemia,168,215,0,0,0,0,0,0,0,0,0,0,9,0,0,0,206,0,0
2530,kb/disorders/Hypertrophic_Cardiomyopathy_20.yaml,Hypertrophic Cardiomyopathy 20,26,39,0,0,0,0,0,0,0,0,0,0,9,0,0,0,30,0,0
2531,kb/disorders/Hypokalemic_Periodic_Paralysis.yaml,Hypokalemic Periodic Paralysis,28,44,0,0,0,0,0,0,0,0,0,0,9,0,0,0,35,0,0
2532,kb/disorders/IFT140-related_Recessive_Ciliopathy.yaml,IFT140-related Recessive Ciliopathy,36,48,0,0,0,0,0,0,0,0,0,0,9,0,0,0,39,0,0
2533,kb/disorders/Idiopathic_Spontaneous_Coronary_Artery_Dissection.yaml,Idiopathic Spontaneous Coronary Artery Dissection,34,43,0,0,0,0,0,0,0,0,0,0,9,0,0,0,34,0,0
2534,kb/disorders/Intellectual_Disability_X-linked_102.yaml,Intellectual Disability X-linked 102,105,129,0,0,0,0,0,0,0,0,0,0,9,0,0,0,120,0,0
2535,kb/disorders/Juvenile_Open_Angle_Glaucoma.yaml,Juvenile Open Angle Glaucoma,27,36,0,0,0,0,0,0,0,0,0,0,9,0,0,0,27,0,0
2536,kb/disorders/Kleine-Levin_Syndrome.yaml,Kleine-Levin Syndrome,28,37,0,0,0,0,0,0,0,0,0,0,9,0,0,0,28,0,0
2537,kb/disorders/Klippel-Feil_Syndrome.yaml,Klippel-Feil Syndrome,45,62,0,0,0,0,0,0,0,0,0,0,9,0,0,0,53,0,0
2538,kb/disorders/Krabbe_Disease.yaml,Krabbe Disease,65,82,0,0,0,0,0,0,0,0,0,0,9,0,0,0,73,0,0
2539,kb/disorders/Leber_Congenital_Amaurosis_10.yaml,Leber Congenital Amaurosis 10,35,46,0,0,0,0,0,0,0,0,0,0,9,0,0,0,37,0,0
2540,kb/disorders/Luscan-Lumish_Syndrome.yaml,Luscan-Lumish Syndrome,35,44,0,0,0,0,0,0,0,0,0,0,9,0,0,0,35,0,0
2541,kb/disorders/Lymphomatoid_Granulomatosis.yaml,Lymphomatoid Granulomatosis,41,60,0,0,0,0,0,0,0,0,0,0,9,0,0,0,51,0,0
2542,kb/disorders/MCM8-related_gametogenic_failure.yaml,MCM8-related gametogenic failure,34,43,0,0,0,0,0,0,0,0,0,0,9,0,0,0,34,0,0
2543,kb/disorders/Malaria.yaml,Malaria,65,82,0,0,0,0,0,0,0,0,0,0,9,0,0,0,73,0,0
2544,kb/disorders/Malignant_Hyperthermia_of_Anesthesia.yaml,Malignant hyperthermia of anesthesia,47,51,0,0,0,0,0,0,0,0,0,0,9,0,0,0,42,0,0
2545,kb/disorders/Meester-Loeys_Syndrome.yaml,Meester-Loeys Syndrome,34,54,0,0,0,0,0,0,0,0,0,0,9,0,0,0,45,0,0
2546,kb/disorders/Membranous_Nephropathy.yaml,Membranous nephropathy,63,73,0,0,0,0,0,0,0,0,0,0,9,0,0,0,64,0,0
2547,kb/disorders/Mitochondrial_Complex_V_ATP_Synthase_Deficiency_Nuclear_Type_1.yaml,"Mitochondrial Complex V (ATP Synthase) Deficiency, Nuclear Type 1",26,31,0,0,0,0,0,0,0,0,0,0,9,0,0,0,22,0,0
2548,kb/disorders/Mixed_Connective_Tissue_Disease.yaml,Mixed Connective Tissue Disease,17,18,0,0,0,0,0,0,0,0,0,0,9,0,0,0,9,0,0
2549,kb/disorders/Myelodysplastic_Syndrome.yaml,Myelodysplastic Syndrome,35,36,0,0,0,0,0,0,0,0,0,0,9,0,0,0,27,0,0
2550,kb/disorders/Narcolepsy.yaml,Narcolepsy,35,47,0,0,0,0,0,0,0,0,0,0,9,0,0,0,38,0,0
2551,kb/disorders/Neonatal_Lupus_Erythematosus.yaml,Neonatal Lupus Erythematosus,45,53,0,0,0,0,0,0,0,0,0,0,9,0,0,0,44,0,0
2552,kb/disorders/Neurohypophyseal_Diabetes_Insipidus.yaml,Neurohypophyseal Diabetes Insipidus,77,116,0,0,0,0,0,0,0,0,0,0,9,0,0,0,107,0,0
2553,kb/disorders/Nevus_of_Ota.yaml,Nevus of Ota,23,28,0,0,0,0,0,0,0,0,0,0,9,0,0,0,19,0,0
2554,kb/disorders/Niemann-Pick_Disease_Type_B.yaml,Niemann-Pick Disease Type B,28,28,0,0,0,0,0,0,0,0,0,0,9,0,0,0,19,0,0
2555,kb/disorders/Otopalatodigital_Spectrum_Disorders.yaml,Otopalatodigital Spectrum Disorders,28,34,0,0,0,0,0,0,0,0,0,0,9,0,0,0,25,0,0
2556,kb/disorders/Pancreatic_Neuroendocrine_Tumor.yaml,Pancreatic Neuroendocrine Tumor,35,39,0,0,0,0,0,0,0,0,0,0,9,0,0,0,30,0,0
2557,kb/disorders/Panuveitis.yaml,Panuveitis,30,33,0,0,0,0,0,0,0,0,0,0,9,0,0,0,24,0,0
2558,kb/disorders/Parainfluenza_Virus_Infection.yaml,Parainfluenza Virus Infection,19,23,0,0,0,0,0,0,0,0,0,0,9,0,0,0,14,0,0
2559,kb/disorders/Paroxysmal_Familial_Ventricular_Fibrillation.yaml,Paroxysmal Familial Ventricular Fibrillation,24,28,0,0,0,0,0,0,0,0,0,0,9,0,0,0,19,0,0
2560,kb/disorders/Pilarowski-Bjornsson_syndrome.yaml,Pilarowski-Bjornsson syndrome,38,40,0,0,0,0,0,0,0,0,0,0,9,0,0,0,31,0,0
2561,kb/disorders/Polymyalgia_Rheumatica.yaml,Polymyalgia Rheumatica,32,50,0,0,0,0,0,0,0,0,0,0,9,0,0,0,41,0,0
2562,kb/disorders/Postcricoid_Region_Cancer.yaml,Postcricoid Region Cancer,31,38,0,0,0,0,0,0,0,0,0,0,9,0,0,0,29,0,0
2563,kb/disorders/Primary_Biliary_Cholangitis.yaml,Primary Biliary Cholangitis,42,52,0,0,0,0,0,0,0,0,0,0,9,0,0,0,43,0,0
2564,kb/disorders/Progressive_Cardiac_Conduction_Disease.yaml,Progressive Cardiac Conduction Disease,20,21,0,0,0,0,0,0,0,0,0,0,9,0,0,0,12,0,0
2565,kb/disorders/Raine_Syndrome.yaml,Raine Syndrome,98,152,0,0,0,0,0,0,0,0,0,0,9,0,0,0,143,0,0
2566,kb/disorders/Reticular_Dysgenesis.yaml,Reticular Dysgenesis,68,112,0,0,0,0,0,0,0,0,0,0,9,0,0,0,103,0,0
2567,kb/disorders/Reversible_Infantile_Cytochrome_c_Oxidase_Deficiency.yaml,Reversible Infantile Cytochrome c Oxidase Deficiency,26,36,0,0,0,0,0,0,0,0,0,0,9,0,0,0,27,0,0
2568,kb/disorders/Rhizomelic_Chondrodysplasia_Punctata_Plasmalogen_Synthesis_Defect.yaml,"Rhizomelic Chondrodysplasia Punctata, Plasmalogen-Synthesis Defect",43,55,0,0,0,0,0,0,0,0,0,0,9,0,0,0,46,0,0
2569,kb/disorders/SCUBE3-Related_Short_Stature_Syndrome.yaml,SCUBE3-Related Short Stature Syndrome,58,82,0,0,0,0,0,0,0,0,0,0,9,0,0,0,73,0,0
2570,kb/disorders/STAT2_Deficiency.yaml,STAT2 Deficiency,19,21,0,0,0,0,0,0,0,0,0,0,9,0,0,0,12,0,0
2571,kb/disorders/Selective_IgM_Deficiency.yaml,Selective IgM Deficiency,32,39,0,0,0,0,0,0,0,0,0,0,9,0,0,0,30,0,0
2572,kb/disorders/Sepsis.yaml,Sepsis,57,76,0,0,0,0,0,0,0,0,0,0,9,0,0,0,67,0,0
2573,kb/disorders/Sialuria.yaml,Sialuria,51,68,0,0,0,0,0,0,0,0,0,0,9,0,0,0,59,0,0
2574,kb/disorders/Spastic_Paraplegia_90A_Autosomal_Dominant.yaml,"Spastic Paraplegia 90A, Autosomal Dominant",56,69,0,0,0,0,0,0,0,0,0,0,9,0,0,0,60,0,0
2575,kb/disorders/Spondylocostal_Dysostosis.yaml,Spondylocostal Dysostosis,32,42,0,0,0,0,0,0,0,0,0,0,9,0,0,0,33,0,0
2576,kb/disorders/THOC6-Related_Developmental_Delay-Microcephaly-Facial_Dysmorphism_Syndrome.yaml,THOC6-Related Developmental Delay-Microcephaly-Facial Dysmorphism Syndrome,57,68,0,0,0,0,0,0,0,0,0,0,9,0,0,0,59,0,0
2577,kb/disorders/Taurine_Transporter_Deficiency.yaml,Taurine transporter deficiency,66,92,0,0,0,0,0,0,0,0,0,0,9,0,0,0,83,0,0
2578,kb/disorders/Thiopurine_S-methyltransferase_Deficiency.yaml,Thiopurine S-methyltransferase Deficiency,34,47,0,0,0,0,0,0,0,0,0,0,9,0,0,0,38,0,0
2579,kb/disorders/Uterine_Leiomyoma.yaml,Uterine Leiomyoma,109,155,0,0,0,0,0,0,0,0,0,0,9,0,0,0,146,0,0
2580,kb/disorders/X-linked_Retinoschisis.yaml,X-linked Retinoschisis,32,37,0,0,0,0,0,0,0,0,0,0,9,0,0,0,28,0,0
2581,kb/disorders/Dilated_Cardiomyopathy_1G.yaml,Dilated Cardiomyopathy 1G,20,25,0,0,0,0,0,0,0,0,0,0,8,0,0,0,17,0,0
2582,kb/disorders/Dissociative_Identity_Disorder.yaml,Dissociative Identity Disorder,24,32,0,0,0,0,0,0,0,0,0,0,8,0,0,0,24,0,0
2583,kb/disorders/Epidermolysis_Bullosa_Simplex_7_With_Nephropathy_And_Deafness.yaml,Epidermolysis Bullosa Simplex 7 With Nephropathy And Deafness,56,84,0,0,0,0,0,0,0,0,0,0,8,0,0,0,76,0,0
2584,kb/disorders/Erysipelas.yaml,Erysipelas,42,47,0,0,0,0,0,0,0,0,0,0,8,0,0,0,39,0,0
2585,kb/disorders/Esophageal_Atresia.yaml,Esophageal Atresia,63,92,0,0,0,0,0,0,0,0,0,0,8,0,0,0,84,0,0
2586,kb/disorders/Fibrosarcoma.yaml,Fibrosarcoma,26,33,0,0,0,0,0,0,0,0,0,0,8,0,0,0,25,0,0
2587,kb/disorders/Floating-Harbor_syndrome.yaml,Floating-Harbor syndrome,23,24,0,0,0,0,0,0,0,0,0,0,8,0,0,0,16,0,0
2588,kb/disorders/GM1_Gangliosidosis_Type_3.yaml,GM1 Gangliosidosis Type 3,21,21,0,0,0,0,0,0,0,0,0,0,8,0,0,0,13,0,0
2589,kb/disorders/Galactosialidosis.yaml,Galactosialidosis,38,41,0,0,0,0,0,0,0,0,0,0,8,0,0,0,33,0,0
2590,kb/disorders/Gas_Gangrene.yaml,Gas Gangrene,27,33,0,0,0,0,0,0,0,0,0,0,8,0,0,0,25,0,0
2591,kb/disorders/Gestational_Trophoblastic_Neoplasm.yaml,Gestational Trophoblastic Neoplasm,32,32,0,0,0,0,0,0,0,0,0,0,8,0,0,0,24,0,0
2592,kb/disorders/Giant_Cell_Hepatitis_With_Autoimmune_Hemolytic_Anemia.yaml,Giant Cell Hepatitis With Autoimmune Hemolytic Anemia,31,35,0,0,0,0,0,0,0,0,0,0,8,0,0,0,27,0,0
2593,kb/disorders/Hand-Foot-Genital_Syndrome.yaml,Hand-Foot-Genital Syndrome,19,24,0,0,0,0,0,0,0,0,0,0,8,0,0,0,16,0,0
2594,kb/disorders/Hartsfield_Syndrome.yaml,Hartsfield Syndrome,22,23,0,0,0,0,0,0,0,0,0,0,8,0,0,0,15,0,0
2595,kb/disorders/Heart_Defect_Tongue_Hamartoma_Polysyndactyly_Syndrome.yaml,Heart Defect-Tongue Hamartoma-Polysyndactyly Syndrome,17,22,0,0,0,0,0,0,0,0,0,0,8,0,0,0,14,0,0
2596,kb/disorders/Hepatitis_D.yaml,Hepatitis D,27,38,0,0,0,0,0,0,0,0,0,0,8,0,0,0,30,0,0
2597,kb/disorders/Hirschsprung_Disease.yaml,Hirschsprung Disease,35,83,0,0,0,0,0,0,0,0,0,0,8,0,0,0,75,0,0
2598,kb/disorders/Huntington_Disease-like_2.yaml,Huntington disease-like 2,24,32,0,0,0,0,0,0,0,0,0,0,8,0,0,0,24,0,0
2599,kb/disorders/Hydrolethalus_Syndrome_2.yaml,Hydrolethalus Syndrome 2,19,25,0,0,0,0,0,0,0,0,0,0,8,0,0,0,17,0,0
2600,kb/disorders/Hypermobile_Ehlers-Danlos_Syndrome.yaml,Hypermobile Ehlers-Danlos Syndrome,62,85,0,0,0,0,0,0,0,0,0,0,8,0,0,0,77,0,0
2601,kb/disorders/Idiopathic_Interstitial_Pneumonia.yaml,Idiopathic Interstitial Pneumonia,51,63,0,0,0,0,0,0,0,0,0,0,8,0,0,0,55,0,0
2602,kb/disorders/Inflammatory_Myofibroblastic_Tumor.yaml,Inflammatory Myofibroblastic Tumor,32,36,0,0,0,0,0,0,0,0,0,0,8,0,0,0,28,0,0
2603,kb/disorders/Isobutyryl-CoA_Dehydrogenase_Deficiency.yaml,Isobutyryl-CoA Dehydrogenase Deficiency,72,98,0,0,0,0,0,0,0,0,0,0,8,0,0,0,90,0,0
2604,kb/disorders/Isolated_Growth_Hormone_Deficiency_Type_IA.yaml,Isolated Growth Hormone Deficiency Type IA,29,50,0,0,0,0,0,0,0,0,0,0,8,0,0,0,42,0,0
2605,kb/disorders/Junctional_Epidermolysis_Bullosa.yaml,Junctional Epidermolysis Bullosa,53,79,0,0,0,0,0,0,0,0,0,0,8,0,0,0,71,0,0
2606,kb/disorders/KIF5B-Related_Kyphomelic_Dysplasia.yaml,KIF5B-Related Kyphomelic Dysplasia,21,25,0,0,0,0,0,0,0,0,0,0,8,0,0,0,17,0,0
2607,kb/disorders/KRT85_Ectodermal_Dysplasia.yaml,KRT85-Related Pure Hair-Nail Ectodermal Dysplasia,18,22,0,0,0,0,0,0,0,0,0,0,8,0,0,0,14,0,0
2608,kb/disorders/Lipoyl_Transferase_1_Deficiency.yaml,Lipoyl Transferase 1 Deficiency,37,58,0,0,0,0,0,0,0,0,0,0,8,0,0,0,50,0,0
2609,kb/disorders/Lowe_Syndrome.yaml,Lowe syndrome,41,53,0,0,0,0,0,0,0,0,0,0,8,0,0,0,45,0,0
2610,kb/disorders/Malignant_Non_Dysgerminomatous_Germ_Cell_Tumor_Of_Ovary.yaml,Malignant Non-Dysgerminomatous Germ Cell Tumor Of Ovary,45,50,0,0,0,0,0,0,0,0,0,0,8,0,0,0,42,0,0
2611,kb/disorders/Mendelian_Susceptibility_To_Mycobacterial_Diseases_Due_To_Complete_IL12RB1_Deficiency.yaml,Mendelian Susceptibility To Mycobacterial Diseases Due To Complete IL12RB1 Deficiency,44,57,0,0,0,0,0,0,0,0,0,0,8,0,0,0,49,0,0
2612,kb/disorders/Metachromatic_Leukodystrophy.yaml,Metachromatic Leukodystrophy,49,61,0,0,0,0,0,0,0,0,0,0,8,0,0,0,53,0,0
2613,kb/disorders/Mitochondrial_Complex_I_Deficiency_Nuclear_Type_17.yaml,"Mitochondrial Complex I Deficiency, Nuclear Type 17",68,94,0,0,0,0,0,0,0,0,0,0,8,0,0,0,86,0,0
2614,kb/disorders/Mitochondrial_Complex_I_Deficiency_Nuclear_Type_6.yaml,"Mitochondrial Complex I Deficiency, Nuclear Type 6",58,99,0,0,0,0,0,0,0,0,0,0,8,0,0,0,91,0,0
2615,kb/disorders/Mucolipidosis_Type_IV.yaml,Mucolipidosis Type IV,20,20,0,0,0,0,0,0,0,0,0,0,8,0,0,0,12,0,0
2616,kb/disorders/Multiple_Epiphyseal_Dysplasia_Al-Gazali_Type.yaml,"Multiple Epiphyseal Dysplasia, Al-Gazali Type",17,21,0,0,0,0,0,0,0,0,0,0,8,0,0,0,13,0,0
2617,kb/disorders/Mycoplasma_Pneumoniae_Pneumonia.yaml,Mycoplasma Pneumoniae Pneumonia,15,19,0,0,0,0,0,0,0,0,0,0,8,0,0,0,11,0,0
2618,kb/disorders/Niemann-Pick_Disease_Type_A.yaml,Niemann-Pick Disease Type A,27,28,0,0,0,0,0,0,0,0,0,0,8,0,0,0,20,0,0
2619,kb/disorders/Oroya_Fever.yaml,Oroya fever,35,52,0,0,0,0,0,0,0,0,0,0,8,0,0,0,44,0,0
2620,kb/disorders/Osteogenesis_Imperfecta_Type_XXIII.yaml,Osteogenesis Imperfecta Type XXIII,22,24,0,0,0,0,0,0,0,0,0,0,8,0,0,0,16,0,0
2621,kb/disorders/PAX3_Waardenburg_Spectrum.yaml,PAX3-Related Waardenburg Syndrome,37,43,0,0,0,0,0,0,0,0,0,0,8,0,0,0,35,0,0
2622,kb/disorders/Pearson_Syndrome.yaml,Pearson syndrome,22,28,0,0,0,0,0,0,0,0,0,0,8,0,0,0,20,0,0
2623,kb/disorders/Pemphigus_Erythematosus.yaml,Pemphigus Erythematosus,22,26,0,0,0,0,0,0,0,0,0,0,8,0,0,0,18,0,0
2624,kb/disorders/Pemphigus_Vulgaris.yaml,Pemphigus Vulgaris,42,67,0,0,0,0,0,0,0,0,0,0,8,0,0,0,59,0,0
2625,kb/disorders/Phelan-McDermid_Syndrome.yaml,Phelan-McDermid Syndrome,36,49,0,0,0,0,0,0,0,0,0,0,8,0,0,0,41,0,0
2626,kb/disorders/Pilocytic_Astrocytoma.yaml,Pilocytic Astrocytoma,31,37,0,0,0,0,0,0,0,0,0,0,8,0,0,0,29,0,0
2627,kb/disorders/Platelet-type_Bleeding_Disorder_18.yaml,Platelet-type bleeding disorder 18,25,33,0,0,0,0,0,0,0,0,0,0,8,0,0,0,25,0,0
2628,kb/disorders/Potocki-Lupski_Syndrome.yaml,Potocki-Lupski Syndrome,31,37,0,0,0,0,0,0,0,0,0,0,8,0,0,0,29,0,0
2629,kb/disorders/Pre-descemet_Corneal_Dystrophy.yaml,Pre-Descemet Corneal Dystrophy,43,78,0,0,0,0,0,0,0,0,0,0,8,0,0,0,70,0,0
2630,kb/disorders/Primary_Hypertrophic_Osteoarthropathy.yaml,Primary Hypertrophic Osteoarthropathy,38,47,0,0,0,0,0,0,0,0,0,0,8,0,0,0,39,0,0
2631,kb/disorders/Propionic_Acidemia.yaml,Propionic Acidemia,91,102,0,0,0,0,0,0,0,0,0,0,8,0,0,0,94,0,0
2632,kb/disorders/Rabies.yaml,Rabies,72,110,0,0,0,0,0,0,0,0,0,0,8,0,0,0,102,0,0
2633,kb/disorders/Rhabdoid_Tumor_Predisposition_Syndrome_1.yaml,Rhabdoid Tumor Predisposition Syndrome 1,24,36,0,0,0,0,0,0,0,0,0,0,8,0,0,0,28,0,0
2634,kb/disorders/Rhabdoid_Tumor_Predisposition_Syndrome_2.yaml,Rhabdoid Tumor Predisposition Syndrome 2,21,28,0,0,0,0,0,0,0,0,0,0,8,0,0,0,20,0,0
2635,kb/disorders/Rhizomelic_Chondrodysplasia_Punctata_Type_1.yaml,Rhizomelic Chondrodysplasia Punctata Type 1,49,57,0,0,0,0,0,0,0,0,0,0,8,0,0,0,49,0,0
2636,kb/disorders/Rumination_Disorder.yaml,Rumination Disorder,28,34,0,0,0,0,0,0,0,0,0,0,8,0,0,0,26,0,0
2637,kb/disorders/SLC13A5_Citrate_Transporter_Disorder.yaml,SLC13A5 Citrate Transporter Disorder,35,45,0,0,0,0,0,0,0,0,0,0,8,0,0,0,37,0,0
2638,kb/disorders/SMAD6-related_Craniosynostosis.yaml,SMAD6-related craniosynostosis,35,42,0,0,0,0,0,0,0,0,0,0,8,0,0,0,34,0,0
2639,kb/disorders/Sarcoglycanopathy.yaml,Sarcoglycanopathy,74,93,0,0,0,0,0,0,0,0,0,0,8,0,0,0,85,0,0
2640,kb/disorders/Senior-Loken_Syndrome.yaml,Senior-Loken Syndrome,59,71,0,0,0,0,0,0,0,0,0,0,8,0,0,0,63,0,0
2641,kb/disorders/Septicemic_Plague.yaml,Septicemic Plague,18,22,0,0,0,0,0,0,0,0,0,0,8,0,0,0,14,0,0
2642,kb/disorders/Shigellosis.yaml,Shigellosis,41,43,0,0,0,0,0,0,0,0,0,0,8,0,0,0,35,0,0
2643,kb/disorders/Spasticity-Ataxia-Gait_Anomalies_Syndrome.yaml,Spastic Ataxia,27,28,0,0,0,0,0,0,0,0,0,0,8,0,0,0,20,0,0
2644,kb/disorders/Spirillary_Rat-Bite_Fever.yaml,Spirillary Rat-Bite Fever,25,31,0,0,0,0,0,0,0,0,0,0,8,0,0,0,23,0,0
2645,kb/disorders/Streptobacillary_Rat-Bite_Fever.yaml,Streptobacillary Rat-Bite Fever,27,30,0,0,0,0,0,0,0,0,0,0,8,0,0,0,22,0,0
2646,kb/disorders/TACO1-Related_COX_Deficiency.yaml,TACO1-Related COX Deficiency,18,19,0,0,0,0,0,0,0,0,0,0,8,0,0,0,11,0,0
2647,kb/disorders/TLR3_Deficiency.yaml,TLR3 Deficiency,22,22,0,0,0,0,0,0,0,0,0,0,8,0,0,0,14,0,0
2648,kb/disorders/Tay-Sachs_Disease_AB_Variant.yaml,Tay-Sachs Disease AB Variant,23,23,0,0,0,0,0,0,0,0,0,0,8,0,0,0,15,0,0
2649,kb/disorders/Thymoma.yaml,Thymoma,63,83,0,0,0,0,0,0,0,0,0,0,8,0,0,0,75,0,0
2650,kb/disorders/Toxoplasmosis.yaml,Toxoplasmosis,113,158,0,0,0,0,0,0,0,0,0,0,8,0,0,0,150,0,0
2651,kb/disorders/Undifferentiated_Connective_Tissue_Syndrome.yaml,Undifferentiated Connective Tissue Syndrome,34,49,0,0,0,0,0,0,0,0,0,0,8,0,0,0,41,0,0
2652,kb/disorders/BBSome-Related_Retinitis_Pigmentosa.yaml,BBSome-related retinitis pigmentosa,95,117,0,0,0,0,0,0,0,0,0,0,7,0,0,0,110,0,0
2653,kb/disorders/Congenital_Hypofibrinogenemia.yaml,Congenital Hypofibrinogenemia,21,22,0,0,0,0,0,0,0,0,0,0,7,0,0,0,15,0,0
2654,kb/disorders/Congenital_Myasthenic_Syndrome_15.yaml,Congenital Myasthenic Syndrome 15,33,39,0,0,0,0,0,0,0,0,0,0,7,0,0,0,32,0,0
2655,kb/disorders/Crouzon_Syndrome.yaml,Crouzon Syndrome,38,49,0,0,0,0,0,0,0,0,0,0,7,0,0,0,42,0,0
2656,kb/disorders/Cytomegalovirus_Retinitis.yaml,Cytomegalovirus Retinitis,35,57,0,0,0,0,0,0,0,0,0,0,7,0,0,0,50,0,0
2657,kb/disorders/Dermatofibrosarcoma_Protuberans.yaml,Dermatofibrosarcoma Protuberans,20,20,0,0,0,0,0,0,0,0,0,0,7,0,0,0,13,0,0
2658,kb/disorders/Dextro_Transposition_of_the_Great_Arteries.yaml,Dextro-Transposition of the Great Arteries,29,36,0,0,0,0,0,0,0,0,0,0,7,0,0,0,29,0,0
2659,kb/disorders/Dilated_Cardiomyopathy_1S.yaml,Dilated Cardiomyopathy 1S,16,21,0,0,0,0,0,0,0,0,0,0,7,0,0,0,14,0,0
2660,kb/disorders/Dominant_Deafness-Onychodystrophy_Syndrome.yaml,Dominant Deafness-Onychodystrophy Syndrome,59,94,0,0,0,0,0,0,0,0,0,0,7,0,0,0,87,0,0
2661,kb/disorders/Dracunculiasis.yaml,Dracunculiasis,25,34,0,0,0,0,0,0,0,0,0,0,7,0,0,0,27,0,0
2662,kb/disorders/Eosinophilic_Granulomatosis_with_Polyangiitis.yaml,Eosinophilic granulomatosis with polyangiitis,64,70,0,0,0,0,0,0,0,0,0,0,7,0,0,0,63,0,0
2663,kb/disorders/Essential_Hypertension.yaml,Essential Hypertension,28,47,0,0,0,0,0,0,0,0,0,0,7,0,0,0,40,0,0
2664,kb/disorders/Ethmoid_Sinus_Adenocarcinoma.yaml,Ethmoid Sinus Adenocarcinoma,31,45,0,0,0,0,0,0,0,0,0,0,7,0,0,0,38,0,0
2665,kb/disorders/Familial_Defective_Apolipoprotein_B-100.yaml,Familial Defective Apolipoprotein B-100,82,138,0,0,0,0,0,0,0,0,0,0,7,0,0,0,131,0,0
2666,kb/disorders/Familial_Mediterranean_Fever.yaml,Familial Mediterranean Fever,39,87,0,0,0,0,0,0,0,0,0,0,7,0,0,0,80,0,0
2667,kb/disorders/Familial_Visceral_Amyloidosis.yaml,Familial Visceral Amyloidosis,55,92,0,0,0,0,0,0,0,0,0,0,7,0,0,0,85,0,0
2668,kb/disorders/Finnish_Type_Amyloidosis.yaml,Finnish Type Amyloidosis,32,41,0,0,0,0,0,0,0,0,0,0,7,0,0,0,34,0,0
2669,kb/disorders/Frasier_Syndrome.yaml,Frasier Syndrome,58,76,0,0,0,0,0,0,0,0,0,0,7,0,0,0,69,0,0
2670,kb/disorders/HELLP_Syndrome.yaml,HELLP Syndrome,92,120,0,0,0,0,0,0,0,0,0,0,7,0,0,0,113,0,0
2671,kb/disorders/HSD10_Mitochondrial_Disease.yaml,HSD10 Mitochondrial Disease,34,46,0,0,0,0,0,0,0,0,0,0,7,0,0,0,39,0,0
2672,kb/disorders/Hereditary_Sensory_Neuropathy_Type_1D.yaml,Hereditary Sensory Neuropathy Type 1D,34,43,0,0,0,0,0,0,0,0,0,0,7,0,0,0,36,0,0
2673,kb/disorders/Hyper-IgM_Syndrome_Type_2.yaml,Hyper-IgM Syndrome Type 2,60,75,0,0,0,0,0,0,0,0,0,0,7,0,0,0,68,0,0
2674,kb/disorders/Hypertrophic_Cardiomyopathy_11.yaml,Hypertrophic Cardiomyopathy 11,18,23,0,0,0,0,0,0,0,0,0,0,7,0,0,0,16,0,0
2675,kb/disorders/Immunodeficiency_127.yaml,Immunodeficiency 127,33,44,0,0,0,0,0,0,0,0,0,0,7,0,0,0,37,0,0
2676,kb/disorders/Immunodeficiency_128.yaml,Immunodeficiency 128,55,58,0,0,0,0,0,0,0,0,0,0,7,0,0,0,51,0,0
2677,kb/disorders/Interleukin-10_Receptor_Deficiency.yaml,Interleukin-10 Receptor Deficiency,23,24,0,0,0,0,0,0,0,0,0,0,7,0,0,0,17,0,0
2678,kb/disorders/Irritable_Bowel_Syndrome.yaml,Irritable Bowel Syndrome,40,57,0,0,0,0,0,0,0,0,0,0,7,0,0,0,50,0,0
2679,kb/disorders/Isovaleric_Acidemia.yaml,Isovaleric Acidemia,87,110,0,0,0,0,0,0,0,0,0,0,7,0,0,0,103,0,0
2680,kb/disorders/Jackson-Weiss_Syndrome.yaml,Jackson-Weiss Syndrome,22,32,0,0,0,0,0,0,0,0,0,0,7,0,0,0,25,0,0
2681,kb/disorders/Juvenile_Amyotrophic_Lateral_Sclerosis.yaml,Juvenile Amyotrophic Lateral Sclerosis,67,109,0,0,0,0,0,0,0,0,0,0,7,0,0,0,102,0,0
2682,kb/disorders/Kariminejad_Neurodevelopmental_Syndrome.yaml,Kariminejad Neurodevelopmental Syndrome,45,50,0,0,0,0,0,0,0,0,0,0,7,0,0,0,43,0,0
2683,kb/disorders/Krabbe_Disease_Due_To_Saposin_A_Deficiency.yaml,Krabbe Disease Due To Saposin A Deficiency,17,18,0,0,0,0,0,0,0,0,0,0,7,0,0,0,11,0,0
2684,kb/disorders/MED11-Related_Disorder.yaml,MED11-Related Disorder,20,20,0,0,0,0,0,0,0,0,0,0,7,0,0,0,13,0,0
2685,kb/disorders/MT-ATP6_MT-ATP8-Related_Infantile_Hypertrophic_Cardiomyopathy.yaml,MT-ATP6/MT-ATP8-Related Infantile Hypertrophic Cardiomyopathy,69,82,0,0,0,0,0,0,0,0,0,0,7,0,0,0,75,0,0
2686,kb/disorders/Madras_Motor_Neuron_Disease.yaml,Madras Motor Neuron Disease,18,23,0,0,0,0,0,0,0,0,0,0,7,0,0,0,16,0,0
2687,kb/disorders/Measles.yaml,Measles,29,39,0,0,0,0,0,0,0,0,0,0,7,0,0,0,32,0,0
2688,kb/disorders/Microvillus_Inclusion_Disease.yaml,Microvillus Inclusion Disease,23,28,0,0,0,0,0,0,0,0,0,0,7,0,0,0,21,0,0
2689,kb/disorders/Migraine.yaml,Migraine,70,127,0,0,0,0,0,0,0,0,0,0,7,0,0,0,120,0,0
2690,kb/disorders/Monomelic_Amyotrophy.yaml,Monomelic Amyotrophy,26,33,0,0,0,0,0,0,0,0,0,0,7,0,0,0,26,0,0
2691,kb/disorders/Mucoepidermoid_Carcinoma.yaml,Mucoepidermoid Carcinoma,21,26,0,0,0,0,0,0,0,0,0,0,7,0,0,0,19,0,0
2692,kb/disorders/Mucolipidosis_Type_III_Alpha_Beta.yaml,Mucolipidosis Type III Alpha/Beta,119,146,0,0,0,0,0,0,0,0,0,0,7,0,0,0,139,0,0
2693,kb/disorders/Multiple_Endocrine_Neoplasia_Type_1.yaml,Multiple Endocrine Neoplasia Type 1,28,40,0,0,0,0,0,0,0,0,0,0,7,0,0,0,33,0,0
2694,kb/disorders/Multiple_Mitochondrial_Dysfunctions_Syndrome_4.yaml,Multiple Mitochondrial Dysfunctions Syndrome 4,47,49,0,0,0,0,0,0,0,0,0,0,7,0,0,0,42,0,0
2695,kb/disorders/Murine_Typhus.yaml,Murine typhus,48,59,0,0,0,0,0,0,0,0,0,0,7,0,0,0,52,0,0
2696,kb/disorders/Mycosis_Fungoides.yaml,Mycosis Fungoides,39,45,0,0,0,0,0,0,0,0,0,0,7,0,0,0,38,0,0
2697,kb/disorders/Naxos_disease.yaml,Naxos disease,49,64,0,0,0,0,0,0,0,0,0,0,7,0,0,0,57,0,0
2698,kb/disorders/Nijmegen_breakage_syndrome.yaml,Nijmegen breakage syndrome,38,53,0,0,0,0,0,0,0,0,0,0,7,0,0,0,46,0,0
2699,kb/disorders/Non-24-Hour_Sleep-Wake_Rhythm_Disorder.yaml,Non-24-Hour Sleep-Wake Rhythm Disorder,20,27,0,0,0,0,0,0,0,0,0,0,7,0,0,0,20,0,0
2700,kb/disorders/Oculocerebrodental_Syndrome.yaml,Oculocerebrodental Syndrome,22,29,0,0,0,0,0,0,0,0,0,0,7,0,0,0,22,0,0
2701,kb/disorders/Orofaciodigital_Syndrome_17.yaml,Orofaciodigital Syndrome 17,19,25,0,0,0,0,0,0,0,0,0,0,7,0,0,0,18,0,0
2702,kb/disorders/Osteootohepatoenteric_Syndrome.yaml,Osteootohepatoenteric Syndrome,39,58,0,0,0,0,0,0,0,0,0,0,7,0,0,0,51,0,0
2703,kb/disorders/PET100-Related_COX_Deficiency.yaml,PET100-Related COX Deficiency,50,61,0,0,0,0,0,0,0,0,0,0,7,0,0,0,54,0,0
2704,kb/disorders/PIK3CA_Mutant_Breast_Cancer.yaml,PIK3CA-Mutant Breast Cancer,21,21,0,0,0,0,0,0,0,0,0,0,7,0,0,0,14,0,0
2705,kb/disorders/Pancreatic_Agenesis.yaml,Pancreatic Agenesis,46,57,0,0,0,0,0,0,0,0,0,0,7,0,0,0,50,0,0
2706,kb/disorders/Panic_Disorder.yaml,Panic Disorder,36,40,0,0,0,0,0,0,0,0,0,0,7,0,0,0,33,0,0
2707,kb/disorders/Parenti-Mignot_Neurodevelopmental_Syndrome.yaml,Parenti-Mignot Neurodevelopmental Syndrome,33,36,0,0,0,0,0,0,0,0,0,0,7,0,0,0,29,0,0
2708,kb/disorders/Pneumocystis_Pneumonia.yaml,Pneumocystis Pneumonia,15,20,0,0,0,0,0,0,0,0,0,0,7,0,0,0,13,0,0
2709,kb/disorders/Pontiac_Fever.yaml,Pontiac Fever,42,56,0,0,0,0,0,0,0,0,0,0,7,0,0,0,49,0,0
2710,kb/disorders/Preaxial_Digit_Brachydactyly-Webbed_Fingers.yaml,Preaxial Digit Brachydactyly-Webbed Fingers,16,17,0,0,0,0,0,0,0,0,0,0,7,0,0,0,10,0,0
2711,kb/disorders/RTN4IP1-Related_Optic_Atrophy.yaml,RTN4IP1-Related Optic Atrophy,40,48,0,0,0,0,0,0,0,0,0,0,7,0,0,0,41,0,0
2712,kb/disorders/SLC35A2-CDG.yaml,SLC35A2-congenital disorder of glycosylation,32,44,0,0,0,0,0,0,0,0,0,0,7,0,0,0,37,0,0
2713,kb/disorders/STAG3-related_gametogenic_failure.yaml,STAG3-related gametogenic failure,25,34,0,0,0,0,0,0,0,0,0,0,7,0,0,0,27,0,0
2714,kb/disorders/SYCE1_Related_Gametogenic_Failure.yaml,SYCE1-related gametogenic failure,30,33,0,0,0,0,0,0,0,0,0,0,7,0,0,0,26,0,0
2715,kb/disorders/Scarlet_Fever.yaml,Scarlet Fever,29,32,0,0,0,0,0,0,0,0,0,0,7,0,0,0,25,0,0
2716,kb/disorders/Scott_Syndrome.yaml,Scott Syndrome,24,27,0,0,0,0,0,0,0,0,0,0,7,0,0,0,20,0,0
2717,kb/disorders/Skraban-Deardorff_Syndrome.yaml,Skraban-Deardorff Syndrome,55,60,0,0,0,0,0,0,0,0,0,0,7,0,0,0,53,0,0
2718,kb/disorders/Spermatogenic_Failure_98.yaml,Spermatogenic failure 98,29,43,0,0,0,0,0,0,0,0,0,0,7,0,0,0,36,0,0
2719,kb/disorders/Spinocerebellar_Ataxia_Type_23.yaml,Spinocerebellar Ataxia Type 23,53,80,0,0,0,0,0,0,0,0,0,0,7,0,0,0,73,0,0
2720,kb/disorders/Split_Hand_Foot_Malformation.yaml,Split Hand-Foot Malformation,44,68,0,0,0,0,0,0,0,0,0,0,7,0,0,0,61,0,0
2721,kb/disorders/Takotsubo_Cardiomyopathy.yaml,Takotsubo Cardiomyopathy,117,132,0,0,0,0,0,0,0,0,0,0,7,0,0,0,125,0,0
2722,kb/disorders/Tatton-Brown-Rahman_overgrowth_syndrome.yaml,Tatton-Brown-Rahman overgrowth syndrome,18,19,0,0,0,0,0,0,0,0,0,0,7,0,0,0,12,0,0
2723,kb/disorders/Thanatophoric_Dysplasia.yaml,Thanatophoric Dysplasia,37,58,0,0,0,0,0,0,0,0,0,0,7,0,0,0,51,0,0
2724,kb/disorders/Triosephosphate_Isomerase_Deficiency.yaml,Triosephosphate Isomerase Deficiency,78,94,0,0,0,0,0,0,0,0,0,0,7,0,0,0,87,0,0
2725,kb/disorders/Trisomy_13.yaml,Trisomy 13,24,24,0,0,0,0,0,0,0,0,0,0,7,0,0,0,17,0,0
2726,kb/disorders/USP8-related_pituitary_adenoma_4.yaml,USP8-related pituitary adenoma 4,25,30,0,0,0,0,0,0,0,0,0,0,7,0,0,0,23,0,0
2727,kb/disorders/Wolf-Hirschhorn_Syndrome.yaml,Wolf-Hirschhorn_Syndrome,105,169,0,0,0,0,0,0,0,0,0,0,7,0,0,0,162,0,0
2728,kb/disorders/erythromelalgia.yaml,erythromelalgia,21,22,0,0,0,0,0,0,0,0,0,0,7,0,0,0,15,0,0
2729,kb/disorders/Congenital_Chloride_Diarrhea.yaml,Congenital Chloride Diarrhea,24,32,0,0,0,0,0,0,0,0,0,0,6,0,0,0,26,0,0
2730,kb/disorders/Congenital_Insensitivity_to_Pain.yaml,Congenital Insensitivity to Pain,45,54,0,0,0,0,0,0,0,0,0,0,6,0,0,0,48,0,0
2731,kb/disorders/Congenital_Sialidosis_Type_2.yaml,Congenital Sialidosis Type 2,17,18,0,0,0,0,0,0,0,0,0,0,6,0,0,0,12,0,0
2732,kb/disorders/Cystinosis.yaml,Cystinosis,166,191,0,0,0,0,0,0,0,0,0,0,6,0,0,0,185,0,0
2733,kb/disorders/DTYMK-Related_Neurodegeneration.yaml,DTYMK-Related Neurodegeneration,81,138,0,0,0,0,0,0,0,0,0,0,6,0,0,0,132,0,0
2734,kb/disorders/Dieulafoy_Lesion.yaml,Dieulafoy Lesion,14,18,0,0,0,0,0,0,0,0,0,0,6,0,0,0,12,0,0
2735,kb/disorders/Dubin-Johnson_Syndrome.yaml,Dubin-Johnson Syndrome,16,26,0,0,0,0,0,0,0,0,0,0,6,0,0,0,20,0,0
2736,kb/disorders/Dysembryoplastic_Neuroepithelial_Tumor.yaml,Dysembryoplastic Neuroepithelial Tumor,24,30,0,0,0,0,0,0,0,0,0,0,6,0,0,0,24,0,0
2737,kb/disorders/Dyssegmental_Dysplasia.yaml,Dyssegmental Dysplasia,55,74,0,0,0,0,0,0,0,0,0,0,6,0,0,0,68,0,0
2738,kb/disorders/Essential_Thrombocythemia.yaml,Essential Thrombocythemia,56,61,0,0,0,0,0,0,0,0,0,0,6,0,0,0,55,0,0
2739,kb/disorders/FASTKD5-Related_COX_Deficiency.yaml,FASTKD5-Related COX Deficiency,15,20,0,0,0,0,0,0,0,0,0,0,6,0,0,0,14,0,0
2740,kb/disorders/FLT3_Mutant_AML.yaml,"Acute Myeloid Leukemia, FLT3-Mutated",28,28,0,0,0,0,0,0,0,0,0,0,6,0,0,0,22,0,0
2741,kb/disorders/FOLR1-Related_Cerebral_Folate_Transport_Deficiency.yaml,FOLR1-Related Cerebral Folate Transport Deficiency,39,54,0,0,0,0,0,0,0,0,0,0,6,0,0,0,48,0,0
2742,kb/disorders/Fallopian_Tube_Benign_Neoplasm.yaml,Fallopian tube benign neoplasm,34,40,0,0,0,0,0,0,0,0,0,0,6,0,0,0,34,0,0
2743,kb/disorders/GPR101-related_pituitary_adenoma_2.yaml,GPR101-related pituitary adenoma 2,25,34,0,0,0,0,0,0,0,0,0,0,6,0,0,0,28,0,0
2744,kb/disorders/Gilberts_Syndrome.yaml,Gilbert's Syndrome,68,102,0,0,0,0,0,0,0,0,0,0,6,0,0,0,96,0,0
2745,kb/disorders/Hepatic_Veno-occlusive_Disease-Immunodeficiency_Syndrome.yaml,Hepatic veno-occlusive disease-immunodeficiency syndrome,32,34,0,0,0,0,0,0,0,0,0,0,6,0,0,0,28,0,0
2746,kb/disorders/Hepatoblastoma.yaml,Hepatoblastoma,45,61,0,0,0,0,0,0,0,0,0,0,6,0,0,0,55,0,0
2747,kb/disorders/Holocarboxylase_Synthetase_Deficiency.yaml,Holocarboxylase Synthetase Deficiency,97,130,0,0,0,0,0,0,0,0,0,0,6,0,0,0,124,0,0
2748,kb/disorders/Hospital-Acquired_Acute_Kidney_Injury.yaml,Hospital-Acquired Acute Kidney Injury,51,65,0,0,0,0,0,0,0,0,0,0,6,0,0,0,59,0,0
2749,kb/disorders/Hypertrophic_Cardiomyopathy_9.yaml,Hypertrophic Cardiomyopathy 9,30,49,0,0,0,0,0,0,0,0,0,0,6,0,0,0,43,0,0
2750,kb/disorders/IPEX_Syndrome.yaml,IPEX Syndrome,47,68,0,0,0,0,0,0,0,0,0,0,6,0,0,0,62,0,0
2751,kb/disorders/Immune_Thrombocytopenia.yaml,Immune Thrombocytopenia,26,36,0,0,0,0,0,0,0,0,0,0,6,0,0,0,30,0,0
2752,kb/disorders/KCNV2_Related_Retinopathy.yaml,KCNV2-Related Retinopathy,18,24,0,0,0,0,0,0,0,0,0,0,6,0,0,0,18,0,0
2753,kb/disorders/Leber-like_Hereditary_Optic_Neuropathy_Autosomal_Recessive_1.yaml,"Leber-like Hereditary Optic Neuropathy, Autosomal Recessive 1",59,105,0,0,0,0,0,0,0,0,0,0,6,0,0,0,99,0,0
2754,kb/disorders/Liddle_Syndrome.yaml,Liddle syndrome,49,71,0,0,0,0,0,0,0,0,0,0,6,0,0,0,65,0,0
2755,kb/disorders/MPDU1-congenital_disorder_of_glycosylation.yaml,MPDU1-congenital disorder of glycosylation,63,82,0,0,0,0,0,0,0,0,0,0,6,0,0,0,76,0,0
2756,kb/disorders/Mantle_Cell_Lymphoma.yaml,Mantle Cell Lymphoma,72,81,0,0,0,0,0,0,0,0,0,0,6,0,0,0,75,0,0
2757,kb/disorders/Menieres_Disease.yaml,Meniere's Disease,18,26,0,0,0,0,0,0,0,0,0,0,6,0,0,0,20,0,0
2758,kb/disorders/Menkes_Disease.yaml,Menkes Disease,80,100,0,0,0,0,0,0,0,0,0,0,6,0,0,0,94,0,0
2759,kb/disorders/Metaphyseal_Chondrodysplasia_Jansen_Type.yaml,"Metaphyseal Chondrodysplasia, Jansen Type",71,88,0,0,0,0,0,0,0,0,0,0,6,0,0,0,82,0,0
2760,kb/disorders/Methylmalonate_Semialdehyde_Dehydrogenase_Deficiency.yaml,Methylmalonate Semialdehyde Dehydrogenase Deficiency,48,74,0,0,0,0,0,0,0,0,0,0,6,0,0,0,68,0,0
2761,kb/disorders/Nestor-Guillermo_progeria_syndrome.yaml,Nestor-Guillermo progeria syndrome,20,21,0,0,0,0,0,0,0,0,0,0,6,0,0,0,15,0,0
2762,kb/disorders/Neurofibromatosis-Noonan_Syndrome.yaml,Neurofibromatosis-Noonan Syndrome,27,29,0,0,0,0,0,0,0,0,0,0,6,0,0,0,23,0,0
2763,kb/disorders/Non-functional_Pancreatic_Neuroendocrine_Tumor.yaml,Non-functional Pancreatic Neuroendocrine Tumor,26,32,0,0,0,0,0,0,0,0,0,0,6,0,0,0,26,0,0
2764,kb/disorders/Orofaciodigital_Syndrome.yaml,Orofaciodigital Syndrome,90,104,0,0,0,0,0,0,0,0,0,0,6,0,0,0,98,0,0
2765,kb/disorders/Osteochondrosis.yaml,Osteochondrosis,60,72,0,0,0,0,0,0,0,0,0,0,6,0,0,0,66,0,0
2766,kb/disorders/Osteogenesis_Imperfecta_Type_VI.yaml,Osteogenesis Imperfecta Type VI,25,37,0,0,0,0,0,0,0,0,0,0,6,0,0,0,31,0,0
2767,kb/disorders/Pacak-Zhuang_syndrome.yaml,Pacak-Zhuang syndrome,32,38,0,0,0,0,0,0,0,0,0,0,6,0,0,0,32,0,0
2768,kb/disorders/Pelvic_Inflammatory_Disease.yaml,Pelvic Inflammatory Disease,70,90,0,0,0,0,0,0,0,0,0,0,6,0,0,0,84,0,0
2769,kb/disorders/Pelvic_Organ_Prolapse.yaml,Pelvic Organ Prolapse,77,119,0,0,0,0,0,0,0,0,0,0,6,0,0,0,113,0,0
2770,kb/disorders/Penile_Cancer.yaml,Penile Cancer,33,41,0,0,0,0,0,0,0,0,0,0,6,0,0,0,35,0,0
2771,kb/disorders/Post-Traumatic_Stress_Disorder.yaml,Post-Traumatic Stress Disorder,42,51,0,0,0,0,0,0,0,0,0,0,6,0,0,0,45,0,0
2772,kb/disorders/Primary_Hyperoxaluria_Type_1.yaml,Primary Hyperoxaluria Type 1,17,18,0,0,0,0,0,0,0,0,0,0,6,0,0,0,12,0,0
2773,kb/disorders/Proliferative_Vitreoretinopathy.yaml,Proliferative Vitreoretinopathy,19,25,0,0,0,0,0,0,0,0,0,0,6,0,0,0,19,0,0
2774,kb/disorders/RAB33B-Related_Smith-McCort_Dysplasia_2.yaml,RAB33B-Related Smith-McCort Dysplasia 2,20,27,0,0,0,0,0,0,0,0,0,0,6,0,0,0,21,0,0
2775,kb/disorders/Retinopathy_of_Prematurity.yaml,Retinopathy of Prematurity,18,20,0,0,0,0,0,0,0,0,0,0,6,0,0,0,14,0,0
2776,kb/disorders/Rothmund-Thomson_Syndrome.yaml,Rothmund-Thomson Syndrome,66,80,0,0,0,0,0,0,0,0,0,0,6,0,0,0,74,0,0
2777,kb/disorders/SCN2A-Related_Developmental_and_Epileptic_Encephalopathy.yaml,SCN2A-Related Developmental and Epileptic Encephalopathy,44,63,0,0,0,0,0,0,0,0,0,0,6,0,0,0,57,0,0
2778,kb/disorders/Schinzel-Giedion_Syndrome.yaml,Schinzel-Giedion syndrome,19,23,0,0,0,0,0,0,0,0,0,0,6,0,0,0,17,0,0
2779,kb/disorders/Scurvy.yaml,Scurvy,17,21,0,0,0,0,0,0,0,0,0,0,6,0,0,0,15,0,0
2780,kb/disorders/Short-Rib_Thoracic_Dysplasia_6_With_Or_Without_Polydactyly.yaml,Short-Rib Thoracic Dysplasia 6 With or Without Polydactyly,35,62,0,0,0,0,0,0,0,0,0,0,6,0,0,0,56,0,0
2781,kb/disorders/Social_Anxiety_Disorder.yaml,Social Anxiety Disorder,46,59,0,0,0,0,0,0,0,0,0,0,6,0,0,0,53,0,0
2782,kb/disorders/Spinocerebellar_Ataxia_Type_31.yaml,Spinocerebellar Ataxia Type 31,55,94,0,0,0,0,0,0,0,0,0,0,6,0,0,0,88,0,0
2783,kb/disorders/Splenic_Artery_Aneurysm.yaml,Splenic artery aneurysm,37,51,0,0,0,0,0,0,0,0,0,0,6,0,0,0,45,0,0
2784,kb/disorders/Squamous_Cell_Carcinoma_of_Penis.yaml,Squamous Cell Carcinoma of Penis,30,36,0,0,0,0,0,0,0,0,0,0,6,0,0,0,30,0,0
2785,kb/disorders/Subacute_Inflammatory_Demyelinating_Polyneuropathy.yaml,Subacute Inflammatory Demyelinating Polyneuropathy,19,19,0,0,0,0,0,0,0,0,0,0,6,0,0,0,13,0,0
2786,kb/disorders/Temporal_Lobe_Epilepsy.yaml,Temporal Lobe Epilepsy,11,13,0,0,0,0,0,0,0,0,0,0,6,0,0,0,7,0,0
2787,kb/disorders/Thromboangiitis_Obliterans.yaml,Thromboangiitis obliterans,37,41,0,0,0,0,0,0,0,0,0,0,6,0,0,0,35,0,0
2788,kb/disorders/Thunderstorm_Asthma.yaml,Thunderstorm Asthma,29,34,0,0,0,0,0,0,0,0,0,0,6,0,0,0,28,0,0
2789,kb/disorders/Tourette_Syndrome.yaml,Tourette Syndrome,55,71,0,0,0,0,0,0,0,0,0,0,6,0,0,0,65,0,0
2790,kb/disorders/Trisomy_X.yaml,Trisomy X,25,25,0,0,0,0,0,0,0,0,0,0,6,0,0,0,19,0,0
2791,kb/disorders/Undetermined_Early_Onset_Epileptic_Encephalopathy.yaml,Undetermined Early-Onset Epileptic Encephalopathy,40,45,0,0,0,0,0,0,0,0,0,0,6,0,0,0,39,0,0
2792,kb/disorders/VPS53-Related_Pontocerebellar_Hypoplasia_Type_2E.yaml,VPS53-Related Pontocerebellar Hypoplasia Type 2E,37,40,0,0,0,0,0,0,0,0,0,0,6,0,0,0,34,0,0
2793,kb/disorders/Van_Maldergem_Syndrome.yaml,Van Maldergem Syndrome,66,78,0,0,0,0,0,0,0,0,0,0,6,0,0,0,72,0,0
2794,kb/disorders/Visceral_Heterotaxy.yaml,Visceral heterotaxy,35,43,0,0,0,0,0,0,0,0,0,0,6,0,0,0,37,0,0
2795,kb/disorders/WAPL-Related_Developmental_Disorder.yaml,WAPL-Related Developmental Disorder,72,109,0,0,0,0,0,0,0,0,0,0,6,0,0,0,103,0,0
2796,kb/disorders/Waldenstrom_Macroglobulinemia.yaml,Waldenstrom Macroglobulinemia,33,35,0,0,0,0,0,0,0,0,0,0,6,0,0,0,29,0,0
2797,kb/disorders/Warburg_Cinotti_Syndrome.yaml,Warburg-Cinotti Syndrome,39,53,0,0,0,0,0,0,0,0,0,0,6,0,0,0,47,0,0
2798,kb/disorders/Wissler_syndrome.yaml,Wissler syndrome,79,95,0,0,0,0,0,0,0,0,0,0,6,0,0,0,89,0,0
2799,kb/disorders/Creatine_Transporter_Deficiency.yaml,Creatine Transporter Deficiency,19,24,0,0,0,0,0,0,0,0,0,0,5,0,0,0,19,0,0
2800,kb/disorders/Cri-du-Chat_Syndrome.yaml,Cri-du-Chat Syndrome,84,100,0,0,0,0,0,0,0,0,0,0,5,0,0,0,95,0,0
2801,kb/disorders/Dyslexia.yaml,Dyslexia,20,28,0,0,0,0,0,0,0,0,0,0,5,0,0,0,23,0,0
2802,kb/disorders/Familial_Glucocorticoid_Deficiency.yaml,Familial Glucocorticoid Deficiency,66,82,0,0,0,0,0,0,0,0,0,0,5,0,0,0,77,0,0
2803,kb/disorders/Familial_Isolated_Vitamin_E_Deficiency.yaml,Familial Isolated Vitamin E Deficiency,35,42,0,0,0,0,0,0,0,0,0,0,5,0,0,0,37,0,0
2804,kb/disorders/Gastric_Ulcer.yaml,Gastric Ulcer,9,12,0,0,0,0,0,0,0,0,0,0,5,0,0,0,7,0,0
2805,kb/disorders/Gitelman_Syndrome.yaml,Gitelman syndrome,51,76,0,0,0,0,0,0,0,0,0,0,5,0,0,0,71,0,0
2806,kb/disorders/Glutaryl-CoA_Dehydrogenase_Deficiency.yaml,Glutaryl-CoA Dehydrogenase Deficiency,114,184,0,0,0,0,0,0,0,0,0,0,5,0,0,0,179,0,0
2807,kb/disorders/Glutathione_Synthetase_Deficiency.yaml,Glutathione Synthetase Deficiency,33,39,0,0,0,0,0,0,0,0,0,0,5,0,0,0,34,0,0
2808,kb/disorders/Heparin-Induced_Thrombocytopenia.yaml,Heparin-Induced Thrombocytopenia,71,101,0,0,0,0,0,0,0,0,0,0,5,0,0,0,96,0,0
2809,kb/disorders/Hereditary_Gingival_Fibromatosis.yaml,Hereditary Gingival Fibromatosis,40,54,0,0,0,0,0,0,0,0,0,0,5,0,0,0,49,0,0
2810,kb/disorders/Hereditary_Methemoglobinemia.yaml,Hereditary methemoglobinemia,41,64,0,0,0,0,0,0,0,0,0,0,5,0,0,0,59,0,0
2811,kb/disorders/Hypothalamic_Hamartoma_with_Gelastic_Seizures.yaml,Hypothalamic Hamartoma with Gelastic Seizures,59,80,0,0,0,0,0,0,0,0,0,0,5,0,0,0,75,0,0
2812,kb/disorders/Hypotrichosis_with_Juvenile_Macular_Dystrophy.yaml,Hypotrichosis with Juvenile Macular Dystrophy,45,73,0,0,0,0,0,0,0,0,0,0,5,0,0,0,68,0,0
2813,kb/disorders/Ichthyosiform_Erythroderma_Corneal_Involvement_And_Hearing_Loss.yaml,"Ichthyosiform Erythroderma, Corneal Involvement, and Hearing Loss",87,95,0,0,0,0,0,0,0,0,0,0,5,0,0,0,90,0,0
2814,kb/disorders/Ichthyotic_Keratoderma_Spasticity_Hypomyelination_And_Dysmorphic_Facial_Features.yaml,Ichthyotic_Keratoderma_Spasticity_Hypomyelination_And_Dysmorphic_Facial_Features,47,52,0,0,0,0,0,0,0,0,0,0,5,0,0,0,47,0,0
2815,kb/disorders/Immunodeficiency_37.yaml,Immunodeficiency 37,51,67,0,0,0,0,0,0,0,0,0,0,5,0,0,0,62,0,0
2816,kb/disorders/Jacobsen_Syndrome.yaml,Jacobsen Syndrome,34,45,0,0,0,0,0,0,0,0,0,0,5,0,0,0,40,0,0
2817,kb/disorders/Keratoderma_Hereditarium_Mutilans.yaml,Keratoderma Hereditarium Mutilans,34,53,0,0,0,0,0,0,0,0,0,0,5,0,0,0,48,0,0
2818,kb/disorders/Laryngotracheoesophageal_Cleft.yaml,Laryngotracheoesophageal Cleft,45,64,0,0,0,0,0,0,0,0,0,0,5,0,0,0,59,0,0
2819,kb/disorders/Li-Ghorbani-Weisz-Hubshman_Syndrome.yaml,Li-Ghorbani-Weisz-Hubshman Syndrome,35,56,0,0,0,0,0,0,0,0,0,0,5,0,0,0,51,0,0
2820,kb/disorders/Lichtenstein-Knorr_Syndrome.yaml,Lichtenstein-Knorr Syndrome,24,30,0,0,0,0,0,0,0,0,0,0,5,0,0,0,25,0,0
2821,kb/disorders/MAN2C1-congenital_disorder_of_deglycosylation_2.yaml,MAN2C1-congenital disorder of deglycosylation 2,14,18,0,0,0,0,0,0,0,0,0,0,5,0,0,0,13,0,0
2822,kb/disorders/MUTYH-Associated_Polyposis.yaml,MUTYH-Associated Polyposis,20,30,0,0,0,0,0,0,0,0,0,0,5,0,0,0,25,0,0
2823,kb/disorders/Marginal_Zone_Lymphoma.yaml,Marginal Zone Lymphoma,19,22,0,0,0,0,0,0,0,0,0,0,5,0,0,0,17,0,0
2824,kb/disorders/Microcytic_Anemia_With_Liver_Iron_Overload.yaml,Microcytic Anemia With Liver Iron Overload,35,42,0,0,0,0,0,0,0,0,0,0,5,0,0,0,37,0,0
2825,kb/disorders/Mitochondrial_DNA_Depletion_Syndrome_7.yaml,Mitochondrial DNA Depletion Syndrome 7,28,36,0,0,0,0,0,0,0,0,0,0,5,0,0,0,31,0,0
2826,kb/disorders/Mucopolysaccharidosis_type_IX.yaml,Mucopolysaccharidosis type IX,17,22,0,0,0,0,0,0,0,0,0,0,5,0,0,0,17,0,0
2827,kb/disorders/Multiple_Epiphyseal_Dysplasia_Beighton_Type.yaml,"Multiple Epiphyseal Dysplasia, Beighton Type",49,57,0,0,0,0,0,0,0,0,0,0,5,0,0,0,52,0,0
2828,kb/disorders/Mumps.yaml,Mumps,22,30,0,0,0,0,0,0,0,0,0,0,5,0,0,0,25,0,0
2829,kb/disorders/N-Acetylglutamate_Synthase_Deficiency.yaml,N-Acetylglutamate Synthase Deficiency,74,93,0,0,0,0,0,0,0,0,0,0,5,0,0,0,88,0,0
2830,kb/disorders/NUP62-Related_Infantile_Bilateral_Striatal_Necrosis.yaml,NUP62-Related Infantile Bilateral Striatal Necrosis,17,20,0,0,0,0,0,0,0,0,0,0,5,0,0,0,15,0,0
2831,kb/disorders/Neuronal_Ceroid_Lipofuscinosis_3.yaml,Neuronal Ceroid Lipofuscinosis 3,47,69,0,0,0,0,0,0,0,0,0,0,5,0,0,0,64,0,0
2832,kb/disorders/Nonketotic_Hyperglycinemia.yaml,Nonketotic Hyperglycinemia,73,91,0,0,0,0,0,0,0,0,0,0,5,0,0,0,86,0,0
2833,kb/disorders/Noonan_Syndrome_with_Multiple_Lentigines.yaml,Noonan Syndrome with Multiple Lentigines,41,46,0,0,0,0,0,0,0,0,0,0,5,0,0,0,41,0,0
2834,kb/disorders/North_Carolina_Macular_Dystrophy.yaml,North Carolina Macular Dystrophy,28,37,0,0,0,0,0,0,0,0,0,0,5,0,0,0,32,0,0
2835,kb/disorders/PRPF31-Related_Retinopathy.yaml,PRPF31-Related Retinopathy,20,25,0,0,0,0,0,0,0,0,0,0,5,0,0,0,20,0,0
2836,kb/disorders/PRPS1_Deficiency_Spectrum.yaml,PRPS1 Deficiency Spectrum,68,87,0,0,0,0,0,0,0,0,0,0,5,0,0,0,82,0,0
2837,kb/disorders/Parvovirus_B19_Infection.yaml,Parvovirus B19 Infection,28,100,0,0,0,0,0,0,0,0,0,0,2,3,0,0,95,0,0
2838,kb/disorders/Placental_Abruption.yaml,Placental Abruption,88,122,0,0,0,0,0,0,0,0,0,0,5,0,0,0,117,0,0
2839,kb/disorders/Platelet-Type_von_Willebrand_Disease.yaml,Platelet-Type von Willebrand Disease,32,37,0,0,0,0,0,0,0,0,0,0,5,0,0,0,32,0,0
2840,kb/disorders/Platelet-type_Bleeding_Disorder_8.yaml,Platelet-type bleeding disorder 8,20,26,0,0,0,0,0,0,0,0,0,0,5,0,0,0,21,0,0
2841,kb/disorders/Porphyria_due_to_ALA_Dehydratase_Deficiency.yaml,Porphyria due to ALA Dehydratase Deficiency,61,86,0,0,0,0,0,0,0,0,0,0,5,0,0,0,81,0,0
2842,kb/disorders/Portal_Hypertension_Noncirrhotic_2.yaml,Portal_Hypertension_Noncirrhotic_2,73,86,0,0,0,0,0,0,0,0,0,0,5,0,0,0,81,0,0
2843,kb/disorders/Pouchitis.yaml,Pouchitis,23,27,0,0,0,0,0,0,0,0,0,0,5,0,0,0,22,0,0
2844,kb/disorders/Primary_Pigmented_Nodular_Adrenocortical_Disease.yaml,Primary Pigmented Nodular Adrenocortical Disease,48,70,0,0,0,0,0,0,0,0,0,0,5,0,0,0,65,0,0
2845,kb/disorders/Punctate_Palmoplantar_Keratoderma.yaml,Punctate Palmoplantar Keratoderma,34,49,0,0,0,0,0,0,0,0,0,0,5,0,0,0,44,0,0
2846,kb/disorders/RPE65-Related_Retinopathy.yaml,RPE65-Related Retinopathy,41,61,0,0,0,0,0,0,0,0,0,0,4,1,0,0,56,0,0
2847,kb/disorders/Relapsing_Polychondritis.yaml,Relapsing Polychondritis,44,67,0,0,0,0,0,0,0,0,0,0,5,0,0,0,62,0,0
2848,kb/disorders/Renal_Artery_Obstruction.yaml,Renal Artery Obstruction,34,49,0,0,0,0,0,0,0,0,0,0,5,0,0,0,44,0,0
2849,kb/disorders/Retinal_Arterial_Tortuosity.yaml,Retinal Arterial Tortuosity,25,34,0,0,0,0,0,0,0,0,0,0,5,0,0,0,29,0,0
2850,kb/disorders/Rheumatoid_Vasculitis.yaml,Rheumatoid Vasculitis,36,47,0,0,0,0,0,0,0,0,0,0,5,0,0,0,42,0,0
2851,kb/disorders/Rotor_Syndrome.yaml,Rotor Syndrome,16,23,0,0,0,0,0,0,0,0,0,0,5,0,0,0,18,0,0
2852,kb/disorders/SLC26A6-Related_Hyperoxaluria_and_Nephrolithiasis.yaml,SLC26A6-Related Hyperoxaluria and Nephrolithiasis,14,17,0,0,0,0,0,0,0,0,0,0,5,0,0,0,12,0,0
2853,kb/disorders/SYCP2-related_spermatogenic_failure.yaml,SYCP2-related spermatogenic failure,29,33,0,0,0,0,0,0,0,0,0,0,5,0,0,0,28,0,0
2854,kb/disorders/Semicircular_Canal_Dehiscence_Syndrome.yaml,Semicircular Canal Dehiscence Syndrome,66,114,0,0,0,0,0,0,0,0,0,0,5,0,0,0,109,0,0
2855,kb/disorders/Spinocerebellar_Ataxia_43.yaml,Spinocerebellar Ataxia 43,39,47,0,0,0,0,0,0,0,0,0,0,5,0,0,0,42,0,0
2856,kb/disorders/Tonne-Kalscheuer_Syndrome.yaml,Tonne-Kalscheuer Syndrome,65,100,0,0,0,0,0,0,0,0,0,0,5,0,0,0,95,0,0
2857,kb/disorders/Trisomy_18.yaml,Trisomy 18,24,25,0,0,0,0,0,0,0,0,0,0,5,0,0,0,20,0,0
2858,kb/disorders/Usmani-Riazuddin_Syndrome_Autosomal_Dominant.yaml,"Usmani-Riazuddin Syndrome, Autosomal Dominant",66,87,0,0,0,0,0,0,0,0,0,0,5,0,0,0,82,0,0
2859,kb/disorders/Yersinia_Enterocolitica_Infectious_Disease.yaml,Yersinia Enterocolitica Infectious Disease,58,66,0,0,0,0,0,0,0,0,0,0,5,0,0,0,61,0,0
2860,kb/disorders/Congenital_Myasthenic_Syndrome_6.yaml,Congenital Myasthenic Syndrome 6,26,42,0,0,0,0,0,0,0,0,0,0,4,0,0,0,38,0,0
2861,kb/disorders/Delayed_Sleep_Phase_Syndrome.yaml,Delayed Sleep Phase Syndrome,36,44,0,0,0,0,0,0,0,0,0,0,4,0,0,0,40,0,0
2862,kb/disorders/Dental_Fluorosis.yaml,Dental Fluorosis,17,20,0,0,0,0,0,0,0,0,0,0,4,0,0,0,16,0,0
2863,kb/disorders/Dilated_Cardiomyopathy_1Y.yaml,Dilated Cardiomyopathy 1Y,31,59,0,0,0,0,0,0,0,0,0,0,4,0,0,0,55,0,0
2864,kb/disorders/Distal_Hereditary_Motor_Neuronopathy_Type_5B.yaml,Distal Hereditary Motor Neuronopathy Type 5B,44,53,0,0,0,0,0,0,0,0,0,0,4,0,0,0,49,0,0
2865,kb/disorders/EYS_Related_Retinitis_Pigmentosa.yaml,EYS-Related Retinitis Pigmentosa,33,47,0,0,0,0,0,0,0,0,0,0,4,0,0,0,43,0,0
2866,kb/disorders/FAS-related_Autoimmune_Lymphoproliferative_Syndrome.yaml,FAS-related Autoimmune Lymphoproliferative Syndrome,58,81,0,0,0,0,0,0,0,0,0,0,4,0,0,0,77,0,0
2867,kb/disorders/Fanconi-Bickel_Syndrome.yaml,Fanconi-Bickel Syndrome,38,43,0,0,0,0,0,0,0,0,0,0,4,0,0,0,39,0,0
2868,kb/disorders/Fetal_Growth_Restriction.yaml,Fetal Growth Restriction,60,82,0,0,0,0,0,0,0,0,0,0,4,0,0,0,78,0,0
2869,kb/disorders/Friedreich_Ataxia.yaml,Friedreich Ataxia,126,201,0,0,0,0,0,0,0,0,0,0,4,0,0,0,197,0,0
2870,kb/disorders/GFI1B-related_Platelet-type_Bleeding_Disorder.yaml,GFI1B-related platelet-type bleeding disorder,29,39,0,0,0,0,0,0,0,0,0,0,4,0,0,0,35,0,0
2871,kb/disorders/Gastrointestinal_Lymphoma.yaml,Gastrointestinal Lymphoma,58,84,0,0,0,0,0,0,0,0,0,0,4,0,0,0,80,0,0
2872,kb/disorders/Glanders.yaml,Glanders,22,31,0,0,0,0,0,0,0,0,0,0,4,0,0,0,27,0,0
2873,kb/disorders/Greig_Cephalopolysyndactyly.yaml,Greig Cephalopolysyndactyly Syndrome,30,38,0,0,0,0,0,0,0,0,0,0,4,0,0,0,34,0,0
2874,kb/disorders/Hartnup_Disease.yaml,Hartnup Disease,80,105,0,0,0,0,0,0,0,0,0,0,4,0,0,0,101,0,0
2875,kb/disorders/Hashimoto_Encephalopathy.yaml,Hashimoto Encephalopathy,28,49,0,0,0,0,0,0,0,0,0,0,4,0,0,0,45,0,0
2876,kb/disorders/Hearing_Loss_Autosomal_Recessive_106.yaml,Hearing Loss Autosomal Recessive 106,25,50,0,0,0,0,0,0,0,0,0,0,4,0,0,0,46,0,0
2877,kb/disorders/Hereditary_Congenital_Facial_Paresis_3.yaml,Hereditary Congenital Facial Paresis 3,42,51,0,0,0,0,0,0,0,0,0,0,4,0,0,0,47,0,0
2878,kb/disorders/Hereditary_Sensory_and_Autonomic_Neuropathy_Type_1E.yaml,Hereditary Sensory and Autonomic Neuropathy Type 1E,43,78,0,0,0,0,0,0,0,0,0,0,4,0,0,0,74,0,0
2879,kb/disorders/Hereditary_Spastic_Paraplegia_7.yaml,Hereditary Spastic Paraplegia 7,27,37,0,0,0,0,0,0,0,0,0,0,4,0,0,0,33,0,0
2880,kb/disorders/Hypomyelinating_Leukodystrophy_10.yaml,Hypomyelinating Leukodystrophy 10,76,124,0,0,0,0,0,0,0,0,0,0,4,0,0,0,120,0,0
2881,kb/disorders/Hypomyelinating_Leukodystrophy_7.yaml,Hypomyelinating Leukodystrophy 7,29,39,0,0,0,0,0,0,0,0,0,0,4,0,0,0,35,0,0
2882,kb/disorders/Hypotonia-Cystinuria_Syndrome.yaml,Hypotonia-cystinuria syndrome,63,72,0,0,0,0,0,0,0,0,0,0,4,0,0,0,68,0,0
2883,kb/disorders/IFNAR1_Deficiency.yaml,IFNAR1 Deficiency,40,59,0,0,0,0,0,0,0,0,0,0,4,0,0,0,55,0,0
2884,kb/disorders/IHH-Related_Polysyndactyly.yaml,IHH-Related Polysyndactyly,24,28,0,0,0,0,0,0,0,0,0,0,4,0,0,0,24,0,0
2885,kb/disorders/IgG4-Related_Sclerosing_Cholangitis.yaml,IgG4-Related Sclerosing Cholangitis,29,38,0,0,0,0,0,0,0,0,0,0,4,0,0,0,34,0,0
2886,kb/disorders/Immunodeficiency_25.yaml,Immunodeficiency 25,40,59,0,0,0,0,0,0,0,0,0,0,4,0,0,0,55,0,0
2887,kb/disorders/Inherited_Threoninemia.yaml,Inherited Threoninemia,43,52,0,0,0,0,0,0,0,0,0,0,4,0,0,0,48,0,0
2888,kb/disorders/Isolated_Sedoheptulokinase_Deficiency.yaml,Isolated Sedoheptulokinase Deficiency,23,29,0,0,0,0,0,0,0,0,0,0,4,0,0,0,25,0,0
2889,kb/disorders/Joint_Laxity_Short_Stature_and_Myopia.yaml,"Joint Laxity, Short Stature, and Myopia",37,44,0,0,0,0,0,0,0,0,0,0,4,0,0,0,40,0,0
2890,kb/disorders/Keipert_syndrome.yaml,Keipert syndrome,23,25,0,0,0,0,0,0,0,0,0,0,4,0,0,0,21,0,0
2891,kb/disorders/Kosaki_Overgrowth_Syndrome.yaml,Kosaki_Overgrowth_Syndrome,24,32,0,0,0,0,0,0,0,0,0,0,4,0,0,0,28,0,0
2892,kb/disorders/Lymphatic_Filariasis.yaml,Lymphatic filariasis,21,22,0,0,0,0,0,0,0,0,0,0,4,0,0,0,18,0,0
2893,kb/disorders/MERTK-Related_Retinopathy.yaml,MERTK-Related Retinopathy,28,36,0,0,0,0,0,0,0,0,0,0,4,0,0,0,32,0,0
2894,kb/disorders/MET_Exon_14_Skipping_NSCLC.yaml,MET Exon 14 Skipping Non-Small Cell Lung Cancer,24,24,0,0,0,0,0,0,0,0,0,0,4,0,0,0,20,0,0
2895,kb/disorders/MSMO1_Deficiency.yaml,MSMO1 Deficiency,102,156,0,0,0,0,0,0,0,0,0,0,4,0,0,0,152,0,0
2896,kb/disorders/Maleylacetoacetate_Isomerase_Deficiency.yaml,Maleylacetoacetate Isomerase Deficiency,67,89,0,0,0,0,0,0,0,0,0,0,4,0,0,0,85,0,0
2897,kb/disorders/Metaphyseal_Chondrodysplasia_Schmid_Type.yaml,"Metaphyseal Chondrodysplasia, Schmid Type",39,75,0,0,0,0,0,0,0,0,0,0,4,0,0,0,71,0,0
2898,kb/disorders/Neurodevelopmental_Disorder_With_or_Without_Autism_or_Seizures.yaml,Neurodevelopmental Disorder With or Without Autism or Seizures,98,146,0,0,0,0,0,0,0,0,0,0,4,0,0,0,142,0,0
2899,kb/disorders/Oculogastrointestinal-Neurodevelopmental_Syndrome.yaml,Oculogastrointestinal-neurodevelopmental syndrome,21,22,0,0,0,0,0,0,0,0,0,0,4,0,0,0,18,0,0
2900,kb/disorders/Okur_Chung_neurodevelopmental_syndrome.yaml,Okur-Chung Neurodevelopmental Syndrome,23,37,0,0,0,0,0,0,0,0,0,0,4,0,0,0,33,0,0
2901,kb/disorders/Osteogenesis_Imperfecta_Type_VIII.yaml,Osteogenesis Imperfecta Type VIII,19,24,0,0,0,0,0,0,0,0,0,0,4,0,0,0,20,0,0
2902,kb/disorders/PET117-Related_COX_Deficiency.yaml,PET117-Related COX Deficiency,12,15,0,0,0,0,0,0,0,0,0,0,4,0,0,0,11,0,0
2903,kb/disorders/PPP2R3C-Related_Gonadal_Dysgenesis_Syndrome.yaml,PPP2R3C-Related Gonadal Dysgenesis Syndrome,54,83,0,0,0,0,0,0,0,0,0,0,4,0,0,0,79,0,0
2904,kb/disorders/PRMT7-Related_Short_Stature-Brachydactyly_Syndrome.yaml,PRMT7-Related Short Stature-Brachydactyly Syndrome,35,38,0,0,0,0,0,0,0,0,0,0,4,0,0,0,34,0,0
2905,kb/disorders/Pallister-Hall_Syndrome.yaml,Pallister-Hall Syndrome,24,36,0,0,0,0,0,0,0,0,0,0,4,0,0,0,32,0,0
2906,kb/disorders/Papular_Xanthoma.yaml,Papular xanthoma,14,22,0,0,0,0,0,0,0,0,0,0,4,0,0,0,18,0,0
2907,kb/disorders/Perivascular_Epithelioid_Cell_Neoplasm.yaml,Perivascular Epithelioid Cell Neoplasm,32,35,0,0,0,0,0,0,0,0,0,0,4,0,0,0,31,0,0
2908,kb/disorders/Peroxisome_Biogenesis_Disorder_6B.yaml,Peroxisome Biogenesis Disorder 6B,63,92,0,0,0,0,0,0,0,0,0,0,4,0,0,0,88,0,0
2909,kb/disorders/Piebaldism.yaml,Piebaldism,17,24,0,0,0,0,0,0,0,0,0,0,4,0,0,0,20,0,0
2910,kb/disorders/Posterior_Polymorphous_Corneal_Dystrophy.yaml,Posterior Polymorphous Corneal Dystrophy,29,36,0,0,0,0,0,0,0,0,0,0,4,0,0,0,32,0,0
2911,kb/disorders/Primary_Cutaneous_Aggressive_Epidermotropic_CD8_T-cell_Lymphoma.yaml,Primary Cutaneous Aggressive Epidermotropic CD8+ T-cell Lymphoma,28,32,0,0,0,0,0,0,0,0,0,0,4,0,0,0,28,0,0
2912,kb/disorders/Primary_Erythermalgia.yaml,Primary Erythermalgia,22,40,0,0,0,0,0,0,0,0,0,0,4,0,0,0,36,0,0
2913,kb/disorders/Primary_Hyperoxaluria_Type_2.yaml,Primary Hyperoxaluria Type 2,15,17,0,0,0,0,0,0,0,0,0,0,4,0,0,0,13,0,0
2914,kb/disorders/Primary_Progressive_Apraxia_of_Speech.yaml,Primary Progressive Apraxia of Speech,15,18,0,0,0,0,0,0,0,0,0,0,4,0,0,0,14,0,0
2915,kb/disorders/Primary_Triglyceride_Deposit_Cardiomyovasculopathy.yaml,Primary Triglyceride Deposit Cardiomyovasculopathy,12,12,0,0,0,0,0,0,0,0,0,0,4,0,0,0,8,0,0
2916,kb/disorders/Progressive_Bulbar_Palsy.yaml,Progressive Bulbar Palsy,23,26,0,0,0,0,0,0,0,0,0,0,4,0,0,0,22,0,0
2917,kb/disorders/Pseudoxanthoma_Elasticum.yaml,Pseudoxanthoma Elasticum,43,48,0,0,0,0,0,0,0,0,0,0,4,0,0,0,44,0,0
2918,kb/disorders/RECON_Progeroid_Syndrome.yaml,RECON Progeroid Syndrome,64,100,0,0,0,0,0,0,0,0,0,0,4,0,0,0,96,0,0
2919,kb/disorders/RP2-Related_Retinopathy.yaml,RP2-Related Retinopathy,26,29,0,0,0,0,0,0,0,0,0,0,4,0,0,0,25,0,0
2920,kb/disorders/SADDAN.yaml,SADDAN,21,24,0,0,0,0,0,0,0,0,0,0,4,0,0,0,20,0,0
2921,kb/disorders/Sanfilippo_syndrome.yaml,Sanfilippo syndrome,84,92,0,0,0,0,0,0,0,0,0,0,4,0,0,0,88,0,0
2922,kb/disorders/Schneckenbecken_Dysplasia.yaml,Schneckenbecken Dysplasia,58,92,0,0,0,0,0,0,0,0,0,0,4,0,0,0,88,0,0
2923,kb/disorders/Segmental_Arterial_Mediolysis.yaml,Segmental arterial mediolysis,27,30,0,0,0,0,0,0,0,0,0,0,3,1,0,0,26,0,0
2924,kb/disorders/Seizures-scoliosis-macrocephaly_Syndrome.yaml,Seizures-scoliosis-macrocephaly syndrome,129,193,0,0,0,0,0,0,0,0,0,0,4,0,0,0,189,0,0
2925,kb/disorders/Severe_Congenital_Neutropenia_1_Autosomal_Dominant.yaml,"Severe Congenital Neutropenia 1, Autosomal Dominant",65,107,0,0,0,0,0,0,0,0,0,0,4,0,0,0,103,0,0
2926,kb/disorders/Short_Stature_Dauber-Argente_Type.yaml,"Short Stature, Dauber-Argente Type",46,57,0,0,0,0,0,0,0,0,0,0,4,0,0,0,53,0,0
2927,kb/disorders/Sitosterolemia.yaml,Sitosterolemia,55,74,0,0,0,0,0,0,0,0,0,0,4,0,0,0,70,0,0
2928,kb/disorders/Sneddon_syndrome.yaml,Sneddon syndrome,20,28,0,0,0,0,0,0,0,0,0,0,4,0,0,0,24,0,0
2929,kb/disorders/Soil_Transmitted_Helminthiases.yaml,Soil-transmitted helminthiases,18,21,0,0,0,0,0,0,0,0,0,0,4,0,0,0,17,0,0
2930,kb/disorders/Spaceflight_Associated_Neuro-Ocular_Syndrome.yaml,Spaceflight Associated Neuro-Ocular Syndrome,26,45,0,0,0,0,0,0,0,0,0,0,4,0,0,0,41,0,0
2931,kb/disorders/Succinic_Semialdehyde_Dehydrogenase_Deficiency.yaml,Succinic Semialdehyde Dehydrogenase Deficiency,73,91,0,0,0,0,0,0,0,0,0,0,4,0,0,0,87,0,0
2932,kb/disorders/TARP_syndrome.yaml,TARP syndrome,34,35,0,0,0,0,0,0,0,0,0,0,4,0,0,0,31,0,0
2933,kb/disorders/TTN_Related_Myopathy_Dominant_Negative_TTNsv.yaml,"TTN-Related Myopathy, Dominant-Negative TTNsv",28,39,0,0,0,0,0,0,0,0,0,0,4,0,0,0,35,0,0
2934,kb/disorders/TUBB3-related_Tubulinopathy.yaml,TUBB3-related Tubulinopathy,53,69,0,0,0,0,0,0,0,0,0,0,4,0,0,0,65,0,0
2935,kb/disorders/TUBGCP4-related_Microcephaly_and_Chorioretinopathy.yaml,TUBGCP4-related Microcephaly and Chorioretinopathy,24,38,0,0,0,0,0,0,0,0,0,0,4,0,0,0,34,0,0
2936,kb/disorders/Takayasu_Arteritis.yaml,Takayasu Arteritis,73,96,0,0,0,0,0,0,0,0,0,0,4,0,0,0,92,0,0
2937,kb/disorders/Tangier_Disease.yaml,Tangier_Disease,122,177,0,0,0,0,0,0,0,0,0,0,4,0,0,0,173,0,0
2938,kb/disorders/Thrombocytopenia-Absent_Radius_Syndrome.yaml,Thrombocytopenia-Absent Radius Syndrome,64,79,0,0,0,0,0,0,0,0,0,0,4,0,0,0,75,0,0
2939,kb/disorders/Torsade_De_Pointes_Syndrome_With_Short_Coupling_Interval.yaml,Torsade de Pointes Syndrome With Short Coupling Interval,33,41,0,0,0,0,0,0,0,0,0,0,4,0,0,0,37,0,0
2940,kb/disorders/Toxic_Shock_Syndrome.yaml,Toxic Shock Syndrome,68,87,0,0,0,0,0,0,0,0,0,0,4,0,0,0,83,0,0
2941,kb/disorders/Treacher_Collins_Syndrome.yaml,Treacher Collins Syndrome,93,146,0,0,0,0,0,0,0,0,0,0,4,0,0,0,142,0,0
2942,kb/disorders/Triglyceride_Storage_Disease_Type_1.yaml,Triglyceride Storage Disease Type 1,34,40,0,0,0,0,0,0,0,0,0,0,4,0,0,0,36,0,0
2943,kb/disorders/Triple_A_Syndrome.yaml,Triple A Syndrome,46,50,0,0,0,0,0,0,0,0,0,0,4,0,0,0,46,0,0
2944,kb/disorders/VLCAD_Deficiency.yaml,Very Long-Chain Acyl-CoA Dehydrogenase Deficiency,90,107,0,0,0,0,0,0,0,0,0,0,4,0,0,0,103,0,0
2945,kb/disorders/Visceral_Heterotaxy_9.yaml,Visceral Heterotaxy 9,69,102,0,0,0,0,0,0,0,0,0,0,4,0,0,0,98,0,0
2946,kb/disorders/Whipple_Disease.yaml,Whipple Disease,30,43,0,0,0,0,0,0,0,0,0,0,4,0,0,0,39,0,0
2947,kb/disorders/Williams_Syndrome.yaml,Williams Syndrome,107,140,0,0,0,0,0,0,0,0,0,0,4,0,0,0,136,0,0
2948,kb/disorders/X-linked_Agammaglobulinemia.yaml,X-linked Agammaglobulinemia,47,74,0,0,0,0,0,0,0,0,0,0,4,0,0,0,70,0,0
2949,kb/disorders/oligoastrocytoma.yaml,Oligoastrocytoma,27,28,0,0,0,0,0,0,0,0,0,0,4,0,0,0,24,0,0
2950,kb/disorders/ornithine_aminotransferase_deficiency.yaml,ornithine aminotransferase deficiency,47,71,0,0,0,0,0,0,0,0,0,0,4,0,0,0,67,0,0
2951,kb/disorders/Czech_Dysplasia.yaml,Czech dysplasia,21,29,0,0,0,0,0,0,0,0,0,0,3,0,0,0,26,0,0
2952,kb/disorders/Developmental_And_Epileptic_Encephalopathy_38.yaml,Developmental And Epileptic Encephalopathy 38,49,63,0,0,0,0,0,0,0,0,0,0,3,0,0,0,60,0,0
2953,kb/disorders/Ebstein_Anomaly.yaml,Ebstein Anomaly,83,135,0,0,0,0,0,0,0,0,0,0,3,0,0,0,132,0,0
2954,kb/disorders/Erythrokeratodermia_Variabilis.yaml,Erythrokeratodermia Variabilis,19,31,0,0,0,0,0,0,0,0,0,0,3,0,0,0,28,0,0
2955,kb/disorders/FADD-related_Immunodeficiency.yaml,FADD-Related Immunodeficiency,70,94,0,0,0,0,0,0,0,0,0,0,3,0,0,0,91,0,0
2956,kb/disorders/Familial_Episodic_Pain_Syndrome_With_Predominantly_Lower_Limb_Involvement.yaml,Familial_Episodic_Pain_Syndrome_With_Predominantly_Lower_Limb_Involvement,61,73,0,0,0,0,0,0,0,0,0,0,3,0,0,0,70,0,0
2957,kb/disorders/Fibrocartilaginous_Embolism.yaml,Fibrocartilaginous Embolism,20,24,0,0,0,0,0,0,0,0,0,0,3,0,0,0,21,0,0
2958,kb/disorders/Fibromuscular_Dysplasia.yaml,Fibromuscular Dysplasia,20,20,0,0,0,0,0,0,0,0,0,0,3,0,0,0,17,0,0
2959,kb/disorders/Furunculosis.yaml,Furunculosis,41,48,0,0,0,0,0,0,0,0,0,0,3,0,0,0,45,0,0
2960,kb/disorders/GNAS-related_pituitary_adenoma_3.yaml,GNAS-related pituitary adenoma 3,24,33,0,0,0,0,0,0,0,0,0,0,3,0,0,0,30,0,0
2961,kb/disorders/Gaucher_Disease_Due_To_Saposin_C_Deficiency.yaml,Gaucher Disease Due To Saposin C Deficiency,20,21,0,0,0,0,0,0,0,0,0,0,3,0,0,0,18,0,0
2962,kb/disorders/HAO1-Related_Glycolate_Oxidase_Deficiency.yaml,HAO1-Related Glycolate Oxidase Deficiency,9,11,0,0,0,0,0,0,0,0,0,0,3,0,0,0,8,0,0
2963,kb/disorders/Hemophilia_B.yaml,Hemophilia B,134,198,0,0,0,0,0,0,0,0,0,0,3,0,0,0,195,0,0
2964,kb/disorders/Hypotonia_Infantile_with_Psychomotor_Retardation_and_Characteristic_Facies_3.yaml,"Hypotonia, Infantile, with Psychomotor Retardation and Characteristic Facies 3",135,168,0,0,0,0,0,0,0,0,0,0,3,0,0,0,165,0,0
2965,kb/disorders/Inborn_Disorder_of_Bile_Acid_Synthesis.yaml,Inborn Disorder of Bile Acid Synthesis,38,48,0,0,0,0,0,0,0,0,0,0,3,0,0,0,45,0,0
2966,kb/disorders/Intellectual_Disability_Autosomal_Dominant_30.yaml,"Intellectual Disability, Autosomal Dominant 30",42,61,0,0,0,0,0,0,0,0,0,0,3,0,0,0,58,0,0
2967,kb/disorders/Invasive_Candidiasis.yaml,Invasive Candidiasis,31,31,0,0,0,0,0,0,0,0,0,0,3,0,0,0,28,0,0
2968,kb/disorders/Isolated_Thyroid-stimulating_Hormone_Deficiency.yaml,Isolated Thyroid-stimulating Hormone Deficiency,52,69,0,0,0,0,0,0,0,0,0,0,3,0,0,0,66,0,0
2969,kb/disorders/Johanson-Blizzard_Syndrome.yaml,Johanson-Blizzard syndrome,53,57,0,0,0,0,0,0,0,0,0,0,3,0,0,0,54,0,0
2970,kb/disorders/Juvenile_Sialidosis_Type_2.yaml,Juvenile Sialidosis Type 2,25,28,0,0,0,0,0,0,0,0,0,0,3,0,0,0,25,0,0
2971,kb/disorders/Kikuchi-Fujimoto_Disease.yaml,Kikuchi-Fujimoto Disease,34,40,0,0,0,0,0,0,0,0,0,0,3,0,0,0,37,0,0
2972,kb/disorders/L-2-Hydroxyglutaric_Aciduria.yaml,L-2-Hydroxyglutaric Aciduria,76,101,0,0,0,0,0,0,0,0,0,0,3,0,0,0,98,0,0
2973,kb/disorders/Lung_Carcinoma.yaml,Lung Carcinoma,18,20,0,0,0,0,0,0,0,0,0,0,3,0,0,0,17,0,0
2974,kb/disorders/MCAD_Deficiency.yaml,Medium Chain Acyl-CoA Dehydrogenase Deficiency,75,87,0,0,0,0,0,0,0,0,0,0,3,0,0,0,84,0,0
2975,kb/disorders/Majeed_Syndrome.yaml,Majeed Syndrome,65,99,0,0,0,0,0,0,0,0,0,0,3,0,0,0,96,0,0
2976,kb/disorders/Multiple_Endocrine_Neoplasia_Type_2.yaml,Multiple Endocrine Neoplasia Type 2,29,38,0,0,0,0,0,0,0,0,0,0,3,0,0,0,35,0,0
2977,kb/disorders/Neuromyelitis_Optica_Spectrum_Disorder.yaml,Neuromyelitis Optica Spectrum Disorder,24,27,0,0,0,0,0,0,0,0,0,0,3,0,0,0,24,0,0
2978,kb/disorders/Oculofaciocardiodental_Syndrome.yaml,Oculofaciocardiodental Syndrome,62,83,0,0,0,0,0,0,0,0,0,0,3,0,0,0,80,0,0
2979,kb/disorders/Osteogenesis_Imperfecta_Type_IX.yaml,Osteogenesis Imperfecta Type IX,28,37,0,0,0,0,0,0,0,0,0,0,3,0,0,0,34,0,0
2980,kb/disorders/Osteogenesis_Imperfecta_Type_XI.yaml,Osteogenesis Imperfecta Type XI,19,25,0,0,0,0,0,0,0,0,0,0,3,0,0,0,22,0,0
2981,kb/disorders/Osteogenesis_Imperfecta_Type_XII.yaml,Osteogenesis Imperfecta Type XII,18,25,0,0,0,0,0,0,0,0,0,0,3,0,0,0,22,0,0
2982,kb/disorders/Osteogenesis_Imperfecta_Type_XIII.yaml,Osteogenesis Imperfecta Type XIII,21,29,0,0,0,0,0,0,0,0,0,0,3,0,0,0,26,0,0
2983,kb/disorders/Osteogenesis_Imperfecta_Type_XIV.yaml,Osteogenesis Imperfecta Type XIV,22,32,0,0,0,0,0,0,0,0,0,0,3,0,0,0,29,0,0
2984,kb/disorders/Osteogenesis_Imperfecta_Type_XIX.yaml,Osteogenesis Imperfecta Type XIX,20,27,0,0,0,0,0,0,0,0,0,0,3,0,0,0,24,0,0
2985,kb/disorders/Osteogenesis_Imperfecta_Type_XV.yaml,Osteogenesis Imperfecta Type XV,23,30,0,0,0,0,0,0,0,0,0,0,3,0,0,0,27,0,0
2986,kb/disorders/Osteogenesis_Imperfecta_Type_XVI.yaml,Osteogenesis Imperfecta Type XVI,18,28,0,0,0,0,0,0,0,0,0,0,3,0,0,0,25,0,0
2987,kb/disorders/Osteogenesis_Imperfecta_Type_XVIII.yaml,Osteogenesis Imperfecta Type XVIII,18,23,0,0,0,0,0,0,0,0,0,0,3,0,0,0,20,0,0
2988,kb/disorders/Osteogenesis_Imperfecta_Type_XXII.yaml,Osteogenesis Imperfecta Type XXII,18,23,0,0,0,0,0,0,0,0,0,0,3,0,0,0,20,0,0
2989,kb/disorders/PDE6A-Related_Retinopathy.yaml,PDE6A-Related Retinopathy,26,44,0,0,0,0,0,0,0,0,0,0,3,0,0,0,41,0,0
2990,kb/disorders/POEMS_Syndrome.yaml,POEMS Syndrome,27,35,0,0,0,0,0,0,0,0,0,0,3,0,0,0,32,0,0
2991,kb/disorders/PRKN-Related_Juvenile_Parkinson_Disease.yaml,PRKN-Related Juvenile Parkinson Disease,60,93,0,0,0,0,0,0,0,0,0,0,3,0,0,0,90,0,0
2992,kb/disorders/Persistent_Mullerian_Duct_Syndrome.yaml,Persistent Mullerian Duct Syndrome,85,131,0,0,0,0,0,0,0,0,0,0,3,0,0,0,128,0,0
2993,kb/disorders/Polymicrogyria_Perisylvian_With_Cerebellar_Hypoplasia_And_Arthrogryposis.yaml,Perisylvian Polymicrogyria with Cerebellar Hypoplasia and Arthrogryposis,64,85,0,0,0,0,0,0,0,0,0,0,3,0,0,0,82,0,0
2994,kb/disorders/Progressive_Pseudorheumatoid_Arthropathy_Of_Childhood.yaml,Progressive Pseudorheumatoid Arthropathy of Childhood,54,70,0,0,0,0,0,0,0,0,0,0,3,0,0,0,67,0,0
2995,kb/disorders/Progressive_Retinal_Dystrophy_Due_To_Retinol_Transport_Defect.yaml,Progressive_Retinal_Dystrophy_Due_To_Retinol_Transport_Defect,48,54,0,0,0,0,0,0,0,0,0,0,3,0,0,0,51,0,0
2996,kb/disorders/Prurigo_Nodularis.yaml,Prurigo Nodularis,6,6,0,0,0,0,0,0,0,0,0,0,3,0,0,0,3,0,0
2997,kb/disorders/Psittacosis.yaml,Psittacosis,16,19,0,0,0,0,0,0,0,0,0,0,3,0,0,0,16,0,0
2998,kb/disorders/Pycnodysostosis.yaml,Pycnodysostosis,58,65,0,0,0,0,0,0,0,0,0,0,3,0,0,0,62,0,0
2999,kb/disorders/RAB5C-Related_Neurodevelopmental_Disorder_with_Macrocephaly.yaml,RAB5C-Related Neurodevelopmental Disorder with Macrocephaly,14,15,0,0,0,0,0,0,0,0,0,0,3,0,0,0,12,0,0
3000,kb/disorders/RLBP1-Related_Retinopathy.yaml,RLBP1-Related Retinopathy,38,48,0,0,0,0,0,0,0,0,0,0,3,0,0,0,45,0,0
3001,kb/disorders/Rubella.yaml,Rubella,28,34,0,0,0,0,0,0,0,0,0,0,3,0,0,0,31,0,0
3002,kb/disorders/SPOP-Related_Neurodevelopmental_Disorder.yaml,SPOP-Related Neurodevelopmental Disorder,113,134,0,0,0,0,0,0,0,0,0,0,3,0,0,0,131,0,0
3003,kb/disorders/Sagittal_Sinus_Thrombosis.yaml,Sagittal Sinus Thrombosis,20,26,0,0,0,0,0,0,0,0,0,0,3,0,0,0,23,0,0
3004,kb/disorders/Sandestig-Stefanova_Syndrome.yaml,Sandestig-Stefanova Syndrome,148,174,0,0,0,0,0,0,0,0,0,0,3,0,0,0,171,0,0
3005,kb/disorders/Sclerosteosis.yaml,Sclerosteosis,33,51,0,0,0,0,0,0,0,0,0,0,3,0,0,0,48,0,0
3006,kb/disorders/Silver_Russell_Syndrome.yaml,Silver-Russell Syndrome,39,47,0,0,0,0,0,0,0,0,0,0,3,0,0,0,44,0,0
3007,kb/disorders/Sly_syndrome.yaml,Sly syndrome,36,43,0,0,0,0,0,0,0,0,0,0,3,0,0,0,40,0,0
3008,kb/disorders/Smith-Lemli-Opitz_syndrome.yaml,Smith-Lemli-Opitz syndrome,53,74,0,0,0,0,0,0,0,0,0,0,3,0,0,0,71,0,0
3009,kb/disorders/Spasmodic_Dysphonia.yaml,Spasmodic Dysphonia,20,36,0,0,0,0,0,0,0,0,0,0,3,0,0,0,33,0,0
3010,kb/disorders/Spinal_Cord_Ischemia.yaml,Spinal Cord Ischemia,27,38,0,0,0,0,0,0,0,0,0,0,3,0,0,0,35,0,0
3011,kb/disorders/Stevens-Johnson_Syndrome.yaml,Stevens-Johnson Syndrome,72,97,0,0,0,0,0,0,0,0,0,0,3,0,0,0,94,0,0
3012,kb/disorders/TBX6-Associated_Congenital_Scoliosis.yaml,TBX6-Associated Congenital Scoliosis,10,12,0,0,0,0,0,0,0,0,0,0,3,0,0,0,9,0,0
3013,kb/disorders/TTC19-related_Mitochondrial_Complex_III_Deficiency.yaml,TTC19-related mitochondrial complex III deficiency,31,38,0,0,0,0,0,0,0,0,0,0,3,0,0,0,35,0,0
3014,kb/disorders/Urinary_Bladder_Small_Cell_Neuroendocrine_Carcinoma.yaml,Urinary Bladder Small Cell Neuroendocrine Carcinoma,32,38,0,0,0,0,0,0,0,0,0,0,3,0,0,0,35,0,0
3015,kb/disorders/Vitamin_D-Dependent_Rickets_Type_3.yaml,Vitamin D-Dependent Rickets Type 3,11,11,0,0,0,0,0,0,0,0,0,0,3,0,0,0,8,0,0
3016,kb/disorders/Autosomal_Dominant_Nonsyndromic_Hearing_Loss_53.yaml,Autosomal Dominant Nonsyndromic Hearing Loss 53,25,41,0,0,0,0,0,0,0,0,0,0,2,0,0,0,39,0,0
3017,kb/disorders/Congenital_Total_Pulmonary_Venous_Return_Anomaly.yaml,Congenital Total Pulmonary Venous Return Anomaly,31,34,0,0,0,0,0,0,0,0,0,0,2,0,0,0,32,0,0
3018,kb/disorders/Cutaneous_Collagenous_Vasculopathy.yaml,Cutaneous collagenous vasculopathy,15,16,0,0,0,0,0,0,0,0,0,0,0,2,0,0,14,0,0
3019,kb/disorders/Du_Pan_Syndrome.yaml,Du Pan Syndrome,31,50,0,0,0,0,0,0,0,0,0,0,2,0,0,0,48,0,0
3020,kb/disorders/Encephalocraniocutaneous_Lipomatosis.yaml,Encephalocraniocutaneous Lipomatosis,17,21,0,0,0,0,0,0,0,0,0,0,2,0,0,0,19,0,0
3021,kb/disorders/Familial_Renal_Glucosuria.yaml,Familial Renal Glucosuria,17,20,0,0,0,0,0,0,0,0,0,0,2,0,0,0,18,0,0
3022,kb/disorders/GM1_Gangliosidosis_Type_2.yaml,GM1 Gangliosidosis Type 2,35,37,0,0,0,0,0,0,0,0,0,0,2,0,0,0,35,0,0
3023,kb/disorders/Hemolytic_Disease_of_the_Fetus_and_Newborn.yaml,Hemolytic Disease of the Fetus and Newborn,60,96,0,0,0,0,0,0,0,0,0,0,2,0,0,0,94,0,0
3024,kb/disorders/Hennekam_Lymphangiectasia-Lymphedema_Syndrome_1.yaml,Hennekam lymphangiectasia-lymphedema syndrome 1,94,139,0,0,0,0,0,0,0,0,0,0,2,0,0,0,137,0,0
3025,kb/disorders/Hyperprolinemia_Type_1.yaml,Hyperprolinemia Type 1,40,61,0,0,0,0,0,0,0,0,0,0,2,0,0,0,59,0,0
3026,kb/disorders/Infantile_Parkinsonism-Dystonia.yaml,Infantile Parkinsonism-Dystonia,27,33,0,0,0,0,0,0,0,0,0,0,2,0,0,0,31,0,0
3027,kb/disorders/Kallmann_Syndrome.yaml,Kallmann Syndrome,56,104,0,0,0,0,0,0,0,0,0,0,2,0,0,0,102,0,0
3028,kb/disorders/Kufor-Rakeb_syndrome.yaml,Kufor-Rakeb syndrome,34,38,0,0,0,0,0,0,0,0,0,0,2,0,0,0,36,0,0
3029,kb/disorders/Leber_Optic_Atrophy_and_Dystonia.yaml,Leber Optic Atrophy and Dystonia,52,73,0,0,0,0,0,0,0,0,0,0,2,0,0,0,71,0,0
3030,kb/disorders/Legius_Syndrome.yaml,Legius Syndrome,40,58,0,0,0,0,0,0,0,0,0,0,2,0,0,0,56,0,0
3031,kb/disorders/Leptospirosis.yaml,Leptospirosis,104,124,0,0,0,0,0,0,0,0,0,0,2,0,0,0,122,0,0
3032,kb/disorders/Lesch-Nyhan_Syndrome.yaml,Lesch-Nyhan Syndrome,76,120,0,0,0,0,0,0,0,0,0,0,2,0,0,0,118,0,0
3033,kb/disorders/Liberfarb_syndrome.yaml,Liberfarb syndrome,27,30,0,0,0,0,0,0,0,0,0,0,2,0,0,0,28,0,0
3034,kb/disorders/Limbic_Encephalitis.yaml,Limbic Encephalitis,62,77,0,0,0,0,0,0,0,0,0,0,2,0,0,0,75,0,0
3035,kb/disorders/Lysosomal_Acid_Phosphatase_Deficiency.yaml,Lysosomal Acid Phosphatase Deficiency,8,9,0,0,0,0,0,0,0,0,0,0,2,0,0,0,7,0,0
3036,kb/disorders/Marden-Walker_Syndrome.yaml,Marden-Walker Syndrome,23,29,0,0,0,0,0,0,0,0,0,0,2,0,0,0,27,0,0
3037,kb/disorders/Mercury_Poisoning.yaml,Mercury Poisoning,15,18,0,0,0,0,0,0,0,0,0,0,2,0,0,0,16,0,0
3038,kb/disorders/Neurodegeneration_With_Brain_Iron_Accumulation.yaml,Neurodegeneration With Brain Iron Accumulation,48,50,0,0,0,0,0,0,0,0,0,0,2,0,0,0,48,0,0
3039,kb/disorders/Neuropsychiatric_SLE.yaml,Neuropsychiatric Systemic Lupus Erythematosus,58,91,0,0,0,0,0,0,0,0,0,0,2,0,0,0,89,0,0
3040,kb/disorders/OTUD6B-Related_Neurodevelopmental_Disorder.yaml,OTUD6B-Related Neurodevelopmental Disorder,71,102,0,0,0,0,0,0,0,0,0,0,2,0,0,0,100,0,0
3041,kb/disorders/Osteochondritis_of_Tarsal_Metatarsal_Bone.yaml,Osteochondritis of Tarsal/Metatarsal Bone,18,28,0,0,0,0,0,0,0,0,0,0,2,0,0,0,26,0,0
3042,kb/disorders/PTCH1-related_Nevoid_Basal_Cell_Carcinoma_Syndrome.yaml,PTCH1-related nevoid basal cell carcinoma syndrome,24,30,0,0,0,0,0,0,0,0,0,0,2,0,0,0,28,0,0
3043,kb/disorders/Peroxisome_Biogenesis_Disorder_6A_Zellweger.yaml,Peroxisome Biogenesis Disorder 6A (Zellweger),34,47,0,0,0,0,0,0,0,0,0,0,2,0,0,0,45,0,0
3044,kb/disorders/RHO-Related_Retinopathy.yaml,RHO-Related Retinopathy,31,44,0,0,0,0,0,0,0,0,0,0,2,0,0,0,42,0,0
3045,kb/disorders/Renal_Nutcracker_Syndrome.yaml,Renal Nutcracker Syndrome,46,62,0,0,0,0,0,0,0,0,0,0,2,0,0,0,60,0,0
3046,kb/disorders/SECISBP2_Deficiency.yaml,SECISBP2 Deficiency,23,25,0,0,0,0,0,0,0,0,0,0,2,0,0,0,23,0,0
3047,kb/disorders/SETD5_Haploinsufficiency_Syndrome.yaml,SETD5 Haploinsufficiency Syndrome,106,179,0,0,0,0,0,0,0,0,0,0,2,0,0,0,177,0,0
3048,kb/disorders/SYCP3-related_spermatogenic_failure.yaml,SYCP3-related spermatogenic failure,18,22,0,0,0,0,0,0,0,0,0,0,2,0,0,0,20,0,0
3049,kb/disorders/Scabies.yaml,Scabies,8,8,0,0,0,0,0,0,0,0,0,0,2,0,0,0,6,0,0
3050,kb/disorders/Schaaf-Yang_Syndrome.yaml,Schaaf-Yang Syndrome,85,110,0,0,0,0,0,0,0,0,0,0,2,0,0,0,108,0,0
3051,kb/disorders/Schindler_Disease.yaml,Schindler Disease,18,19,0,0,0,0,0,0,0,0,0,0,2,0,0,0,17,0,0
3052,kb/disorders/Selective_IgA_Deficiency.yaml,Selective IgA Deficiency,49,80,0,0,0,0,0,0,0,0,0,0,2,0,0,0,78,0,0
3053,kb/disorders/Sialidosis_Type_1.yaml,Sialidosis type 1,77,107,0,0,0,0,0,0,0,0,0,0,2,0,0,0,105,0,0
3054,kb/disorders/Snyder-Robinson_Syndrome.yaml,Snyder-Robinson Syndrome,89,141,0,0,0,0,0,0,0,0,0,0,2,0,0,0,139,0,0
3055,kb/disorders/Spinal_Muscular_Atrophy_Progressive_Myoclonic_Epilepsy.yaml,Spinal Muscular Atrophy-Progressive Myoclonic Epilepsy Syndrome,23,23,0,0,0,0,0,0,0,0,0,0,2,0,0,0,21,0,0
3056,kb/disorders/Spondylodysplastic_Ehlers-Danlos_Syndrome.yaml,Spondylodysplastic Ehlers-Danlos Syndrome,77,103,0,0,0,0,0,0,0,0,0,0,2,0,0,0,101,0,0
3057,kb/disorders/Trachoma.yaml,Trachoma,8,9,0,0,0,0,0,0,0,0,0,0,2,0,0,0,7,0,0
3058,kb/disorders/Transketolase_Deficiency.yaml,Transketolase Deficiency,20,23,0,0,0,0,0,0,0,0,0,0,2,0,0,0,21,0,0
3059,kb/disorders/Trimethylaminuria.yaml,Trimethylaminuria,21,25,0,0,0,0,0,0,0,0,0,0,2,0,0,0,23,0,0
3060,kb/disorders/Tyrosinemia_Type_I.yaml,Tyrosinemia Type I,78,98,0,0,0,0,0,0,0,0,0,0,2,0,0,0,96,0,0
3061,kb/disorders/Tyrosinemia_Type_III.yaml,Tyrosinemia Type III,56,78,0,0,0,0,0,0,0,0,0,0,2,0,0,0,76,0,0
3062,kb/disorders/Usher_Syndrome_Type_2.yaml,Usher Syndrome Type 2,46,54,0,0,0,0,0,0,0,0,0,0,2,0,0,0,52,0,0
3063,kb/disorders/VAMP2-Related_Disorder.yaml,VAMP2-Related Neurodevelopmental Disorder,105,159,0,0,0,0,0,0,0,0,0,0,2,0,0,0,157,0,0
3064,kb/disorders/Visual_Snow_Syndrome.yaml,Visual Snow Syndrome,58,75,0,0,0,0,0,0,0,0,0,0,2,0,0,0,73,0,0
3065,kb/disorders/Vitamin_K_Dependent_Coagulation_Factor_Deficiency.yaml,Vitamin K-Dependent Coagulation Factor Deficiency,96,116,0,0,0,0,0,0,0,0,0,0,2,0,0,0,114,0,0
3066,kb/disorders/Wiedemann-Steiner_Syndrome.yaml,Wiedemann-Steiner Syndrome,95,130,0,0,0,0,0,0,0,0,0,0,2,0,0,0,128,0,0
3067,kb/disorders/Wolman_Disease.yaml,Wolman Disease,79,103,0,0,0,0,0,0,0,0,0,0,2,0,0,0,101,0,0
3068,kb/disorders/X-linked_Nonsyndromic_Hearing_Loss.yaml,X-linked Nonsyndromic Hearing Loss,48,73,0,0,0,0,0,0,0,0,0,0,2,0,0,0,71,0,0
3069,kb/disorders/Yersinia_Pseudotuberculosis_Infectious_Disease.yaml,Yersinia Pseudotuberculosis Infectious Disease,43,48,0,0,0,0,0,0,0,0,0,0,2,0,0,0,46,0,0
3070,kb/disorders/You-Hoover-Fong_Syndrome.yaml,You-Hoover-Fong Syndrome,29,37,0,0,0,0,0,0,0,0,0,0,2,0,0,0,35,0,0
3071,kb/disorders/Chylomicron_Retention_Disease.yaml,Chylomicron Retention Disease,123,195,0,0,0,0,0,0,0,0,0,0,1,0,0,0,194,0,0
3072,kb/disorders/Erdheim-Chester_Disease.yaml,Erdheim-Chester Disease,18,26,0,0,0,0,0,0,0,0,0,0,1,0,0,0,25,0,0
3073,kb/disorders/Ethylmalonic_Encephalopathy.yaml,Ethylmalonic Encephalopathy,34,41,0,0,0,0,0,0,0,0,0,0,1,0,0,0,40,0,0
3074,kb/disorders/FOXE3_Anterior_Segment_Dysgenesis.yaml,FOXE3-Related Anterior Segment Dysgenesis,24,39,0,0,0,0,0,0,0,0,0,0,1,0,0,0,38,0,0
3075,kb/disorders/Familial_Focal_Epilepsy_With_Variable_Foci.yaml,Familial Focal Epilepsy With Variable Foci,24,41,0,0,0,0,0,0,0,0,0,0,1,0,0,0,40,0,0
3076,kb/disorders/Farber_Disease.yaml,Farber Disease,71,99,0,0,0,0,0,0,0,0,0,0,1,0,0,0,98,0,0
3077,kb/disorders/Fetal_Alcohol_Spectrum_Disorder.yaml,Fetal Alcohol Spectrum Disorder,42,51,0,0,0,0,0,0,0,0,0,0,1,0,0,0,50,0,0
3078,kb/disorders/Frontonasal_Dysplasia.yaml,Frontonasal Dysplasia,24,26,0,0,0,0,0,0,0,0,0,0,1,0,0,0,25,0,0
3079,kb/disorders/Glucose-Galactose_Malabsorption.yaml,Glucose-Galactose Malabsorption,23,24,0,0,0,0,0,0,0,0,0,0,1,0,0,0,23,0,0
3080,kb/disorders/Glycogen_Storage_Disease_Type_V.yaml,Glycogen Storage Disease Type V,34,40,0,0,0,0,0,0,0,0,0,0,1,0,0,0,39,0,0
3081,kb/disorders/Grange_syndrome.yaml,Grange syndrome,23,45,0,0,0,0,0,0,0,0,0,0,1,0,0,0,44,0,0
3082,kb/disorders/Hairy_Cell_Leukemia.yaml,Hairy Cell Leukemia,34,40,0,0,0,0,0,0,0,0,0,0,1,0,0,0,39,0,0
3083,kb/disorders/Hennekam_Lymphangiectasia-Lymphedema_Syndrome_2.yaml,Hennekam lymphangiectasia-lymphedema syndrome 2,49,64,0,0,0,0,0,0,0,0,0,0,1,0,0,0,63,0,0
3084,kb/disorders/Hereditary_Neuropathy_with_Liability_to_Pressure_Palsies.yaml,Hereditary Neuropathy with Liability to Pressure Palsies,22,31,0,0,0,0,0,0,0,0,0,0,1,0,0,0,30,0,0
3085,kb/disorders/Hyper-IgM_Syndrome_Type_1.yaml,Hyper-IgM Syndrome Type 1,55,77,0,0,0,0,0,0,0,0,0,0,1,0,0,0,76,0,0
3086,kb/disorders/IRX5-related_Craniofacial_Dysostosis_with_Osteopenia_Intellectual_Disability_and_Dental_Anomalies.yaml,"IRX5-related craniofacial dysostosis with osteopenia, intellectual disability, and dental anomalies",37,43,0,0,0,0,0,0,0,0,0,0,1,0,0,0,42,0,0
3087,kb/disorders/Idiopathic_Triglyceride_Deposit_Cardiomyovasculopathy.yaml,Idiopathic Triglyceride Deposit Cardiomyovasculopathy,15,15,0,0,0,0,0,0,0,0,0,0,1,0,0,0,14,0,0
3088,kb/disorders/Immunodeficiency_18.yaml,Immunodeficiency 18,56,70,0,0,0,0,0,0,0,0,0,0,1,0,0,0,69,0,0
3089,kb/disorders/Infantile-Onset_Pompe_Disease.yaml,Infantile-Onset Pompe Disease,109,164,0,0,0,0,0,0,0,0,0,0,1,0,0,0,163,0,0
3090,kb/disorders/Isolated_Woolly_Hair.yaml,Isolated Woolly Hair,35,49,0,0,0,0,0,0,0,0,0,0,1,0,0,0,48,0,0
3091,kb/disorders/Lafora_Disease.yaml,Lafora_Disease,103,139,0,0,0,0,0,0,0,0,0,0,1,0,0,0,138,0,0
3092,kb/disorders/Larsen_Syndrome.yaml,Larsen Syndrome,28,45,0,0,0,0,0,0,0,0,0,0,1,0,0,0,44,0,0
3093,kb/disorders/Limb-Girdle_Muscular_Dystrophy_Autosomal_Dominant.yaml,"Limb-Girdle Muscular Dystrophy, Autosomal Dominant",32,40,0,0,0,0,0,0,0,0,0,0,1,0,0,0,39,0,0
3094,kb/disorders/MEDNIK_syndrome.yaml,MEDNIK syndrome,36,39,0,0,0,0,0,0,0,0,0,0,1,0,0,0,38,0,0
3095,kb/disorders/Machado_Joseph_Disease.yaml,Machado-Joseph Disease,52,74,0,0,0,0,0,0,0,0,0,0,1,0,0,0,73,0,0
3096,kb/disorders/Marinesco-Sjogren_Syndrome.yaml,Marinesco-Sjogren Syndrome,55,66,0,0,0,0,0,0,0,0,0,0,1,0,0,0,65,0,0
3097,kb/disorders/Meningioma.yaml,Meningioma,58,71,0,0,0,0,0,0,0,0,0,0,1,0,0,0,70,0,0
3098,kb/disorders/Metaphyseal_Dysplasia_Spahr_Type.yaml,"Metaphyseal dysplasia, Spahr type",30,36,0,0,0,0,0,0,0,0,0,0,1,0,0,0,35,0,0
3099,kb/disorders/Metaphyseal_Dysplasia_with_Maxillary_Hypoplasia_and_Brachydactyly.yaml,Metaphyseal dysplasia with maxillary hypoplasia and brachydactyly,31,38,0,0,0,0,0,0,0,0,0,0,1,0,0,0,37,0,0
3100,kb/disorders/Mycetoma.yaml,Mycetoma,17,25,0,0,0,0,0,0,0,0,0,0,1,0,0,0,24,0,0
3101,kb/disorders/Myeloproliferative_Neoplasm_Unclassifiable.yaml,"Myeloproliferative Neoplasm, Unclassifiable",21,24,0,0,0,0,0,0,0,0,0,0,1,0,0,0,23,0,0
3102,kb/disorders/Narcolepsy-Cataplexy_Syndrome.yaml,Narcolepsy-Cataplexy Syndrome,25,32,0,0,0,0,0,0,0,0,0,0,1,0,0,0,31,0,0
3103,kb/disorders/Niemann-Pick_Disease_Type_E.yaml,Niemann-Pick Disease Type E,9,9,0,0,0,0,0,0,0,0,0,0,1,0,0,0,8,0,0
3104,kb/disorders/Oculomotor_Nerve_Palsy.yaml,Oculomotor Nerve Palsy,82,118,0,0,0,0,0,0,0,0,0,0,1,0,0,0,117,0,0
3105,kb/disorders/Osteosarcoma.yaml,Osteosarcoma,35,61,0,0,0,0,0,0,0,0,0,0,1,0,0,0,60,0,0
3106,kb/disorders/Pinta.yaml,Pinta,44,58,0,0,0,0,0,0,0,0,0,0,1,0,0,0,57,0,0
3107,kb/disorders/Polycystic_Kidney_Disease_2.yaml,Polycystic Kidney Disease 2,58,78,0,0,0,0,0,0,0,0,0,0,1,0,0,0,77,0,0
3108,kb/disorders/Progressive_Muscular_Atrophy.yaml,Progressive Muscular Atrophy,15,24,0,0,0,0,0,0,0,0,0,0,1,0,0,0,23,0,0
3109,kb/disorders/Pulmonary_Veno_Occlusive_Disease_And_Or_Pulmonary_Capillary_Haemangiomatosis.yaml,Pulmonary Veno-Occlusive Disease and/or Pulmonary Capillary Haemangiomatosis,36,49,0,0,0,0,0,0,0,0,0,0,1,0,0,0,48,0,0
3110,kb/disorders/RNU12-related_Minor_Spliceopathy.yaml,RNU12-related minor spliceopathy,14,17,0,0,0,0,0,0,0,0,0,0,1,0,0,0,16,0,0
3111,kb/disorders/RPGR-Related_Retinopathy.yaml,RPGR-Related Retinopathy,36,46,0,0,0,0,0,0,0,0,0,0,1,0,0,0,45,0,0
3112,kb/disorders/Raynaud_Disease.yaml,Raynaud Disease,26,35,0,0,0,0,0,0,0,0,0,0,1,0,0,0,34,0,0
3113,kb/disorders/Renal_Tubular_Acidosis_Distal_4_with_Hemolytic_Anemia.yaml,Renal Tubular Acidosis Distal 4 with Hemolytic Anemia,57,67,0,0,0,0,0,0,0,0,0,0,1,0,0,0,66,0,0
3114,kb/disorders/SHH_Holoprosencephaly_Spectrum.yaml,SHH Holoprosencephaly Spectrum,104,144,0,0,0,0,0,0,0,0,0,0,1,0,0,0,143,0,0
3115,kb/disorders/SHORT_Syndrome.yaml,SHORT Syndrome,104,135,0,0,0,0,0,0,0,0,0,0,1,0,0,0,134,0,0
3116,kb/disorders/SRD5A3-Congenital_Disorder_of_Glycosylation.yaml,SRD5A3-Congenital Disorder of Glycosylation,81,129,0,0,0,0,0,0,0,0,0,0,1,0,0,0,128,0,0
3117,kb/disorders/Scimitar_Syndrome.yaml,Scimitar Syndrome,33,52,0,0,0,0,0,0,0,0,0,0,1,0,0,0,51,0,0
3118,kb/disorders/Shashi_X-Linked_Intellectual_Disability_Syndrome.yaml,Shashi X-Linked Intellectual Disability Syndrome,41,61,0,0,0,0,0,0,0,0,0,0,1,0,0,0,60,0,0
3119,kb/disorders/Sick_Sinus_Syndrome_2_Autosomal_Dominant.yaml,"Sick Sinus Syndrome 2, Autosomal Dominant",93,140,0,0,0,0,0,0,0,0,0,0,1,0,0,0,139,0,0
3120,kb/disorders/Sifrim-Hitz-Weiss_Syndrome.yaml,Sifrim-Hitz-Weiss syndrome,31,45,0,0,0,0,0,0,0,0,0,0,1,0,0,0,44,0,0
3121,kb/disorders/Snakebite_Envenoming.yaml,Snakebite envenoming,8,8,0,0,0,0,0,0,0,0,0,0,1,0,0,0,7,0,0
3122,kb/disorders/Stargardt_Disease.yaml,Stargardt Disease,113,160,0,0,0,0,0,0,0,0,0,0,1,0,0,0,159,0,0
3123,kb/disorders/THG1L-Related_Disorder.yaml,THG1L-Related Disorder,34,45,0,0,0,0,0,0,0,0,0,0,1,0,0,0,44,0,0
3124,kb/disorders/Taeniasis_Cysticercosis.yaml,Taeniasis/cysticercosis,25,35,0,0,0,0,0,0,0,0,0,0,1,0,0,0,34,0,0
3125,kb/disorders/Ulnar-Mammary_Syndrome.yaml,Ulnar-Mammary Syndrome,58,106,0,0,0,0,0,0,0,0,0,0,1,0,0,0,105,0,0
3126,kb/disorders/Urticaria.yaml,Urticaria,50,58,0,0,0,0,0,0,0,0,0,0,1,0,0,0,57,0,0
3127,kb/disorders/Usher_Syndrome_Type_1.yaml,Usher Syndrome Type 1,54,67,0,0,0,0,0,0,0,0,0,0,1,0,0,0,66,0,0
3128,kb/disorders/Vogt-Koyanagi-Harada_Disease.yaml,Vogt-Koyanagi-Harada Disease,77,84,0,0,0,0,0,0,0,0,0,0,1,0,0,0,83,0,0
3129,kb/disorders/Chorea-acanthocytosis.yaml,Chorea-acanthocytosis,45,60,0,0,0,0,0,0,0,0,0,0,0,0,0,0,60,0,0
3130,kb/disorders/Christianson_Syndrome.yaml,Christianson Syndrome,65,84,0,0,0,0,0,0,0,0,0,0,0,0,0,0,84,0,0
3131,kb/disorders/Cranial_Neuralgia.yaml,Cranial Neuralgia,72,113,0,0,0,0,0,0,0,0,0,0,0,0,0,0,113,0,0
3132,kb/disorders/Deficiency_of_the_Interleukin-1_Receptor_Antagonist.yaml,Deficiency of the Interleukin-1 Receptor Antagonist,58,79,0,0,0,0,0,0,0,0,0,0,0,0,0,0,79,0,0
3133,kb/disorders/Desmoid_Tumor.yaml,Desmoid Tumor,58,77,0,0,0,0,0,0,0,0,0,0,0,0,0,0,77,0,0
3134,kb/disorders/Diphtheria.yaml,Diphtheria,99,147,0,0,0,0,0,0,0,0,0,0,0,0,0,0,147,0,0
3135,kb/disorders/Ependymoma.yaml,Ependymoma,83,95,0,0,0,0,0,0,0,0,0,0,0,0,0,0,95,0,0
3136,kb/disorders/Evans_Syndrome.yaml,Evans Syndrome,61,90,0,0,0,0,0,0,0,0,0,0,0,0,0,0,90,0,0
3137,kb/disorders/Folliculitis.yaml,Folliculitis,97,122,0,0,0,0,0,0,0,0,0,0,0,0,8,0,114,0,0
3138,kb/disorders/Foodborne_Trematodiases.yaml,Foodborne trematodiases,8,8,0,0,0,0,0,0,0,0,0,0,0,0,0,0,8,0,0
3139,kb/disorders/Fraser_Syndrome.yaml,Fraser Syndrome,76,120,0,0,0,0,0,0,0,0,0,0,0,0,0,0,120,0,0
3140,kb/disorders/Glycogen_Storage_Disease_XV.yaml,Glycogen Storage Disease XV,41,51,0,0,0,0,0,0,0,0,0,0,0,0,0,0,51,0,0
3141,kb/disorders/Hand_Foot_and_Mouth_Disease.yaml,Hand Foot and Mouth Disease,78,85,0,0,0,0,0,0,0,0,0,0,0,0,0,0,85,0,0
3142,kb/disorders/Hao-Fountain_syndrome.yaml,Hao-Fountain syndrome,28,31,0,0,0,0,0,0,0,0,0,0,0,0,0,0,31,0,0
3143,kb/disorders/Hereditary_Fructose_Intolerance.yaml,Hereditary Fructose Intolerance,57,67,0,0,0,0,0,0,0,0,0,0,0,0,0,0,67,0,0
3144,kb/disorders/Hereditary_Intrinsic_Factor_Deficiency.yaml,Hereditary intrinsic factor deficiency,37,42,0,0,0,0,0,0,0,0,0,0,0,0,0,0,42,0,0
3145,kb/disorders/Hereditary_Xanthinuria.yaml,Hereditary Xanthinuria,49,57,0,0,0,0,0,0,0,0,0,0,0,0,0,0,57,0,0
3146,kb/disorders/Immunodeficiency_35.yaml,Immunodeficiency 35,55,83,0,0,0,0,0,0,0,0,0,0,0,0,0,0,83,0,0
3147,kb/disorders/Kasabach-Merritt_Syndrome.yaml,Kasabach-Merritt Syndrome,50,67,0,0,0,0,0,0,0,0,0,0,0,0,0,0,67,0,0
3148,kb/disorders/Landau-Kleffner_Syndrome.yaml,Landau-Kleffner Syndrome,26,32,0,0,0,0,0,0,0,0,0,0,0,0,0,0,32,0,0
3149,kb/disorders/Lead_Poisoning.yaml,Lead Poisoning,114,144,0,0,0,0,0,0,0,0,0,0,0,0,0,0,144,0,0
3150,kb/disorders/Left_Ventricular_Noncompaction_8.yaml,Left Ventricular Noncompaction 8,98,139,0,0,0,0,0,0,0,0,0,0,0,0,0,0,139,0,0
3151,kb/disorders/Lichen_Simplex_Chronicus.yaml,Lichen Simplex Chronicus,2,2,0,0,0,0,0,0,0,0,0,0,0,0,0,0,2,0,0
3152,kb/disorders/Lone_Star_Virus_Infection.yaml,Lone Star Virus Infection,6,9,0,0,0,0,0,0,0,0,0,0,0,0,0,0,9,0,0
3153,kb/disorders/Lynch_Syndrome.yaml,Lynch Syndrome,54,131,0,0,0,0,0,0,0,0,0,0,0,0,0,0,131,0,0
3154,kb/disorders/MEF2C-Related_Disorder.yaml,MEF2C-Related Disorder,47,62,0,0,0,0,0,0,0,0,0,0,0,0,0,0,62,0,0
3155,kb/disorders/MMACHC-related_Methylmalonic_Aciduria_and_Homocystinuria_cblC_Type.yaml,"MMACHC-related Methylmalonic Aciduria and Homocystinuria, cblC Type",62,69,0,0,0,0,0,0,0,0,0,0,0,0,0,0,69,0,0
3156,kb/disorders/Malnutrition-related_Diabetes_Mellitus.yaml,Malnutrition-Related Diabetes Mellitus,4,4,0,0,0,0,0,0,0,0,0,0,0,0,0,0,4,0,0
3157,kb/disorders/Meckel_Diverticulum.yaml,Meckel Diverticulum,11,30,0,0,0,0,0,0,0,0,0,0,0,0,0,0,30,0,0
3158,kb/disorders/Melorheostosis.yaml,Melorheostosis,63,84,0,0,0,0,0,0,0,0,0,0,0,0,0,0,84,0,0
3159,kb/disorders/Myxedema.yaml,Myxedema,42,43,0,0,0,0,0,0,0,0,0,0,0,0,0,0,43,0,0
3160,kb/disorders/Nemaline_Myopathy.yaml,Nemaline Myopathy,76,118,0,0,0,0,0,0,0,0,0,0,0,0,0,0,118,0,0
3161,kb/disorders/Neuronal_Ceroid_Lipofuscinosis_1.yaml,Neuronal Ceroid Lipofuscinosis 1,18,19,0,0,0,0,0,0,0,0,0,0,0,0,0,0,19,0,0
3162,kb/disorders/Otomycosis.yaml,Otomycosis,38,64,0,0,0,0,0,0,0,0,0,0,0,0,0,0,64,0,0
3163,kb/disorders/Otosclerosis.yaml,Otosclerosis,76,103,0,0,0,0,0,0,0,0,0,0,0,0,0,0,103,0,0
3164,kb/disorders/PGM2L1_Deficiency.yaml,PGM2L1 Deficiency,16,21,0,0,0,0,0,0,0,0,0,0,0,0,0,0,21,0,0
3165,kb/disorders/PRPH2-Related_Retinopathy.yaml,PRPH2-Related Retinopathy,28,35,0,0,0,0,0,0,0,0,0,0,0,0,0,0,35,0,0
3166,kb/disorders/Paraneoplastic_Neurological_Syndromes.yaml,Paraneoplastic Neurological Syndromes,47,65,0,0,0,0,0,0,0,0,0,0,0,0,0,0,65,0,0
3167,kb/disorders/Pars_Planitis.yaml,Pars Planitis,36,42,0,0,0,0,0,0,0,0,0,0,0,0,0,0,42,0,0
3168,kb/disorders/Peroxisome_Biogenesis_Disorder_1B.yaml,Peroxisome Biogenesis Disorder 1B,45,75,0,0,0,0,0,0,0,0,0,0,0,0,0,0,75,0,0
3169,kb/disorders/Peroxisome_Biogenesis_Disorder_4B.yaml,Peroxisome Biogenesis Disorder 4B,43,73,0,0,0,0,0,0,0,0,0,0,0,0,0,0,73,0,0
3170,kb/disorders/Polycystic_Echinococcosis.yaml,Polycystic echinococcosis,18,25,0,0,0,0,0,0,0,0,0,0,0,0,0,0,25,0,0
3171,kb/disorders/Pontocerebellar_Hypoplasia.yaml,Pontocerebellar Hypoplasia,107,182,0,0,0,0,0,0,0,0,0,0,0,0,0,0,182,0,0
3172,kb/disorders/Porokeratosis.yaml,Porokeratosis,93,134,0,0,0,0,0,0,0,0,0,0,0,0,0,0,134,0,0
3173,kb/disorders/Postpoliomyelitis_Syndrome.yaml,Postpoliomyelitis Syndrome,21,31,0,0,0,0,0,0,0,0,0,0,0,0,0,0,31,0,0
3174,kb/disorders/Primary_Lateral_Sclerosis.yaml,Primary Lateral Sclerosis,7,7,0,0,0,0,0,0,0,0,0,0,0,0,0,0,7,0,0
3175,kb/disorders/Prune_Belly_Syndrome.yaml,Prune Belly Syndrome,67,76,0,0,0,0,0,0,0,0,0,0,0,0,0,0,76,0,0
3176,kb/disorders/Pseudopseudohypoparathyroidism.yaml,Pseudopseudohypoparathyroidism,82,144,0,0,0,0,0,0,0,0,0,0,0,0,0,0,144,0,0
3177,kb/disorders/Retrograde_Cricopharyngeus_Dysfunction.yaml,Retrograde Cricopharyngeus Dysfunction,10,31,0,0,0,0,0,0,0,0,0,0,0,0,0,0,31,0,0
3178,kb/disorders/SETBP1_Disorder.yaml,SETBP1 Haploinsufficiency Disorder,25,31,0,0,0,0,0,0,0,0,0,0,0,0,0,0,31,0,0
3179,kb/disorders/SETD1B-Related_Neurodevelopmental_Disorder.yaml,SETD1B-Related Neurodevelopmental Disorder,69,87,0,0,0,0,0,0,0,0,0,0,0,0,0,0,87,0,0
3180,kb/disorders/SLC45A1-Related_Neuronal_Glucose_Transporter_Deficiency.yaml,SLC45A1-Related Neuronal Glucose Transporter Deficiency,12,17,0,0,0,0,0,0,0,0,0,0,0,0,0,0,17,0,0
3181,kb/disorders/STK4_Deficiency.yaml,STK4 Deficiency,60,82,0,0,0,0,0,0,0,0,0,0,0,0,0,0,82,0,0
3182,kb/disorders/Sandhoff_Disease.yaml,Sandhoff Disease,54,72,0,0,0,0,0,0,0,0,0,0,0,0,0,0,72,0,0
3183,kb/disorders/Say-Barber-Biesecker-Young-Simpson_Syndrome.yaml,Say-Barber-Biesecker-Young-Simpson Syndrome,69,129,0,0,0,0,0,0,0,0,0,0,0,0,0,0,129,0,0
3184,kb/disorders/Schnyder_Corneal_Dystrophy.yaml,Schnyder Corneal Dystrophy,52,86,0,0,0,0,0,0,0,0,0,0,0,0,0,0,86,0,0
3185,kb/disorders/Seborrheic_Dermatitis.yaml,Seborrheic Dermatitis,52,57,0,0,0,0,0,0,0,0,0,0,0,0,0,0,57,0,0
3186,kb/disorders/Secondary_Erythromelalgia.yaml,Secondary Erythromelalgia,57,116,0,0,0,0,0,0,0,0,0,0,0,0,0,0,116,0,0
3187,kb/disorders/Semantic_Dementia.yaml,Semantic Dementia,7,7,0,0,0,0,0,0,0,0,0,0,0,0,0,0,7,0,0
3188,kb/disorders/Southern_Tick-Associated_Rash_Illness.yaml,Southern Tick-Associated Rash Illness,18,26,0,0,0,0,0,0,0,0,0,0,0,0,0,0,26,0,0
3189,kb/disorders/Spinocerebellar_Ataxia_Type_17.yaml,Spinocerebellar ataxia type 17,46,72,0,0,0,0,0,0,0,0,0,0,0,0,0,0,72,0,0
3190,kb/disorders/Spondyloepimetaphyseal_Dysplasia_Bieganski_Type.yaml,Spondyloepimetaphyseal Dysplasia Bieganski Type,41,52,0,0,0,0,0,0,0,0,0,0,0,0,0,0,52,0,0
3191,kb/disorders/Susac_Syndrome.yaml,Susac Syndrome,51,55,0,0,0,0,0,0,0,0,0,0,0,0,0,0,55,0,0
3192,kb/disorders/T-cell_Immunodeficiency_Congenital_Alopecia_and_Nail_Dystrophy.yaml,"T-cell Immunodeficiency, Congenital Alopecia, and Nail Dystrophy",44,76,0,0,0,0,0,0,0,0,0,0,0,0,0,0,76,0,0
3193,kb/disorders/TUBGCP6-related_Microcephaly_and_Chorioretinopathy.yaml,TUBGCP6-related Microcephaly and Chorioretinopathy,54,62,0,0,0,0,0,0,0,0,0,0,0,0,0,0,62,0,0
3194,kb/disorders/Taurodontism.yaml,Taurodontism,44,51,0,0,0,0,0,0,0,0,0,0,0,0,0,0,51,0,0
3195,kb/disorders/Temtamy_Syndrome.yaml,Temtamy Syndrome,33,39,0,0,0,0,0,0,0,0,0,0,0,0,0,0,39,0,0
3196,kb/disorders/Tetanus.yaml,Tetanus,21,21,0,0,0,0,0,0,0,0,0,0,0,0,0,0,21,0,0
3197,kb/disorders/Thallium_Poisoning.yaml,Thallium Poisoning,73,93,0,0,0,0,0,0,0,0,0,0,0,0,0,0,93,0,0
3198,kb/disorders/Thymus_Neoplasm.yaml,Thymus Neoplasm,26,26,0,0,0,0,0,0,0,0,0,0,0,0,0,0,26,0,0
3199,kb/disorders/Transverse_Myelitis.yaml,Transverse Myelitis,37,43,0,0,0,0,0,0,0,0,0,0,0,0,0,0,43,0,0
3200,kb/disorders/Trehalase_Deficiency.yaml,Trehalase Deficiency,41,52,0,0,0,0,0,0,0,0,0,0,0,0,0,0,52,0,0
3201,kb/disorders/Type_B_Insulin_Resistance_Syndrome.yaml,Type B Insulin Resistance Syndrome,42,53,0,0,0,0,0,0,0,0,0,0,0,0,0,0,53,0,0
3202,kb/disorders/Tyrosinemia_Type_II.yaml,Tyrosinemia Type II,34,45,0,0,0,0,0,0,0,0,0,0,0,0,0,0,45,0,0
3203,kb/disorders/UGDH-Related_Developmental_and_Epileptic_Encephalopathy_84.yaml,UGDH-related developmental and epileptic encephalopathy 84,50,51,0,0,0,0,0,0,0,0,0,0,0,0,0,0,51,0,0
3204,kb/disorders/UGP2-Related_Developmental_and_Epileptic_Encephalopathy_83.yaml,UGP2-related developmental and epileptic encephalopathy 83,51,55,0,0,0,0,0,0,0,0,0,0,0,0,0,0,55,0,0
3205,kb/disorders/Uner_Tan_Syndrome.yaml,Uner Tan Syndrome,20,25,0,0,0,0,0,0,0,0,0,0,0,0,0,0,25,0,0
3206,kb/disorders/Usher_Syndrome_Type_3.yaml,Usher Syndrome Type 3,31,38,0,0,0,0,0,0,0,0,0,0,0,0,0,0,38,0,0
3207,kb/disorders/Vascular_Ehlers-Danlos_Syndrome.yaml,Vascular Ehlers-Danlos Syndrome,29,39,0,0,0,0,0,0,0,0,0,0,0,0,0,0,39,0,0
3208,kb/disorders/Vertebral_Artery_Insufficiency.yaml,Vertebral Artery Insufficiency,60,79,0,0,0,0,0,0,0,0,0,0,0,0,0,0,79,0,0
3209,kb/disorders/Vitamin_D-Dependent_Rickets_Type_1A.yaml,Vitamin D-Dependent Rickets Type 1A,59,74,0,0,0,0,0,0,0,0,0,0,0,0,0,0,74,0,0
3210,kb/disorders/Vitamin_D-Dependent_Rickets_Type_1B.yaml,Vitamin D-Dependent Rickets Type 1B,57,79,0,0,0,0,0,0,0,0,0,0,0,0,0,0,79,0,0
3211,kb/disorders/WAGR_Syndrome.yaml,WAGR Syndrome,110,138,0,0,0,0,0,0,0,0,0,0,0,0,0,0,138,0,0
3212,kb/disorders/X-linked_Lymphoproliferative_Disease_Due_To_XIAP_Deficiency.yaml,X-linked Lymphoproliferative Disease Due To XIAP Deficiency,46,86,0,0,0,0,0,0,0,0,0,0,0,0,0,0,86,0,0
3213,kb/disorders/Yaws.yaml,Yaws,66,96,0,0,0,0,0,0,0,0,0,0,0,0,0,0,96,0,0
3214,kb/disorders/ZTTK_syndrome.yaml,ZTTK syndrome,69,73,0,0,0,0,0,0,0,0,0,0,0,0,0,0,73,0,0
3215,kb/disorders/Zimmermann_Laband_Syndrome.yaml,Zimmermann-Laband Syndrome,100,137,0,0,0,0,0,0,0,0,0,0,0,0,0,0,137,0,0
